fold,feature,coef
1,log_early_tracked_events,0.1888553180082826
1,log_early_actions,0.05447752946682164
1,deliberate_share,0.13015091643599705
1,log_early_action_kinds,-0.05711837677982063
1,log_early_area_count,-0.037720998627022016
1,log_early_event_name_count,-0.04358560656378743
1,log_early_ga_auto_events,0.7480372458405942
1,log_early_entry_auth_events,0.17803816730679947
1,log_early_connect_ok_events,-0.0069841698701338046
1,log_early_connect_fail_events,-0.3697302966575391
1,log_early_other_tracking_events,0.10115691102747118
1,ga_auto_share,0.07510795339198426
1,entry_auth_share,-0.09800049617939524
1,other_tracking_share,-0.11887273190818502
1,log_early_nature_events,0.10287396335333444
1,log_early_fishing_sea_events,0.4987922618170944
1,log_early_quest_social_events,-0.10685428606154199
1,log_early_craft_home_events,-0.1371980085223421
1,log_early_advanced_events,0.3696782000633047
1,log_early_chop_tree_events,0.08953402863194442
1,log_early_mine_ore_events,0.31687850454873506
1,log_early_npc_talk_events,-0.07518294490274274
1,log_early_tutorial_step_events,-0.08074431977832125
1,log_early_quest_offered_events,-0.1636002085331154
1,log_early_churn_score_events,-0.1412662562906566
1,log_early_session_summary_events,0.06586586651552802
1,log_early_session_time_events,0.29769035595471655
1,log_early_econ_tx_events,0.16942495992284767
1,log_early_zone_enter_events,0.5754155116686247
2,log_early_tracked_events,0.1815848840277224
2,log_early_actions,-0.040145602859836614
2,deliberate_share,-0.012066192598561497
2,log_early_action_kinds,-0.14009787677854943
2,log_early_area_count,-0.196872948098237
2,log_early_event_name_count,-0.182135446360999
2,log_early_ga_auto_events,0.6209220294683702
2,log_early_entry_auth_events,0.39560489283888334
2,log_early_connect_ok_events,0.12484199610610507
2,log_early_connect_fail_events,-0.29630140550006656
2,log_early_other_tracking_events,0.16177697184864717
2,ga_auto_share,0.022662307906340884
2,entry_auth_share,0.3298145410868615
2,other_tracking_share,-0.062076057220836936
2,log_early_nature_events,0.009633792648515892
2,log_early_fishing_sea_events,0.20771387415024917
2,log_early_quest_social_events,0.01651792028638678
2,log_early_craft_home_events,-0.06823274793510412
2,log_early_advanced_events,0.44720767540765827
2,log_early_chop_tree_events,-0.07417592966786266
2,log_early_mine_ore_events,0.35656816410992814
2,log_early_npc_talk_events,0.03525015364248377
2,log_early_tutorial_step_events,-0.1769538568706618
2,log_early_quest_offered_events,-0.04757047206707099
2,log_early_churn_score_events,-0.1524534178065442
2,log_early_session_summary_events,-0.003474802126696997
2,log_early_session_time_events,0.44710151452800745
2,log_early_econ_tx_events,0.342208692570337
2,log_early_zone_enter_events,0.39937900856064074
3,log_early_tracked_events,0.13872371333788366
3,log_early_actions,-0.0009546818257809666
3,deliberate_share,0.08369447376983342
3,log_early_action_kinds,-0.09286582203165418
3,log_early_area_count,-0.16322607050266513
3,log_early_event_name_count,-0.2049132686546977
3,log_early_ga_auto_events,0.711408236041615
3,log_early_entry_auth_events,0.3066925393306076
3,log_early_connect_ok_events,0.2705832996358524
3,log_early_connect_fail_events,-0.47400470003761463
3,log_early_other_tracking_events,0.11383098478942348
3,ga_auto_share,-0.0023351816887884334
3,entry_auth_share,0.3462236763022086
3,other_tracking_share,-0.09279745141295373
3,log_early_nature_events,0.1353745071828572
3,log_early_fishing_sea_events,0.2113932966879033
3,log_early_quest_social_events,-0.11913914854052238
3,log_early_craft_home_events,-0.12154609462554358
3,log_early_advanced_events,0.2775325908494381
3,log_early_chop_tree_events,-0.020974822606500566
3,log_early_mine_ore_events,0.4617517300658597
3,log_early_npc_talk_events,-0.06109437633084788
3,log_early_tutorial_step_events,0.03075822546913033
3,log_early_quest_offered_events,-0.13205564396553057
3,log_early_churn_score_events,-0.17424774952675365
3,log_early_session_summary_events,0.013711672701605714
3,log_early_session_time_events,0.41912180236436236
3,log_early_econ_tx_events,0.2093796623513505
3,log_early_zone_enter_events,0.4005416367352494
4,log_early_tracked_events,0.11981582379092766
4,log_early_actions,0.015713751655668684
4,deliberate_share,0.07228548534306338
4,log_early_action_kinds,-0.11576566271384993
4,log_early_area_count,-0.18167969139861698
4,log_early_event_name_count,-0.19928651970402617
4,log_early_ga_auto_events,0.43210476616273236
4,log_early_entry_auth_events,0.39604003227110823
4,log_early_connect_ok_events,0.36771205245523003
4,log_early_connect_fail_events,-0.2901437157927658
4,log_early_other_tracking_events,0.10256789243031454
4,ga_auto_share,-0.009153575204638876
4,entry_auth_share,0.41509350757518043
4,other_tracking_share,-0.12359931480999237
4,log_early_nature_events,0.19244883561420698
4,log_early_fishing_sea_events,0.39920962986063446
4,log_early_quest_social_events,-0.03998292230116334
4,log_early_craft_home_events,-0.02554813791196661
4,log_early_advanced_events,0.22586070959260615
4,log_early_chop_tree_events,0.20607035583353794
4,log_early_mine_ore_events,0.44232604854292606
4,log_early_npc_talk_events,0.018761531706808554
4,log_early_tutorial_step_events,-0.10468032148449609
4,log_early_quest_offered_events,-0.03603181259732407
4,log_early_churn_score_events,-0.05753501756486574
4,log_early_session_summary_events,-0.02287562472055992
4,log_early_session_time_events,0.30901452488977865
4,log_early_econ_tx_events,0.22846225049292676
4,log_early_zone_enter_events,0.37833135592367495
5,log_early_tracked_events,0.14053879138409367
5,log_early_actions,0.05625498226297745
5,deliberate_share,0.10640341632712155
5,log_early_action_kinds,-0.05739132996866562
5,log_early_area_count,-0.0724446174786148
5,log_early_event_name_count,-0.1044483088075677
5,log_early_ga_auto_events,0.6122639632988687
5,log_early_entry_auth_events,0.2862660058476644
5,log_early_connect_ok_events,0.11608350333865826
5,log_early_connect_fail_events,-0.3253061305039071
5,log_early_other_tracking_events,0.04629439868423523
5,ga_auto_share,0.10780943009367844
5,entry_auth_share,-0.004652554912147109
5,other_tracking_share,-0.18648115131300752
5,log_early_nature_events,0.15324282488872099
5,log_early_fishing_sea_events,0.38381024898175775
5,log_early_quest_social_events,-0.03869017932947288
5,log_early_craft_home_events,-0.10176197553868054
5,log_early_advanced_events,0.47304800970912814
5,log_early_chop_tree_events,0.09776440467276415
5,log_early_mine_ore_events,0.45081307720621644
5,log_early_npc_talk_events,0.009505136772522885
5,log_early_tutorial_step_events,0.029116785213272295
5,log_early_quest_offered_events,-0.04871214522352319
5,log_early_churn_score_events,-0.03052666825089209
5,log_early_session_summary_events,0.20413338076844756
5,log_early_session_time_events,0.26582582513485437
5,log_early_econ_tx_events,-0.024524124135219247
5,log_early_zone_enter_events,0.48701077451884245
6,log_early_tracked_events,0.17546675451685592
6,log_early_actions,-0.005265243764363176
6,deliberate_share,0.09271777352030876
6,log_early_action_kinds,-0.11330276391061805
6,log_early_area_count,-0.1667417513614812
6,log_early_event_name_count,-0.23373199589280394
6,log_early_ga_auto_events,0.7197642357524635
6,log_early_entry_auth_events,0.3378390663093781
6,log_early_connect_ok_events,0.21999452767805197
6,log_early_connect_fail_events,-0.4217390985335504
6,log_early_other_tracking_events,0.11054202132554111
6,ga_auto_share,0.02095967305845946
6,entry_auth_share,0.39937201208654305
6,other_tracking_share,-0.12542153959754054
6,log_early_nature_events,0.09869558713609251
6,log_early_fishing_sea_events,0.2822040008188352
6,log_early_quest_social_events,-0.059982229484432256
6,log_early_craft_home_events,-0.06879484299891227
6,log_early_advanced_events,0.23254447598656997
6,log_early_chop_tree_events,0.036582511345317634
6,log_early_mine_ore_events,0.49407034711168585
6,log_early_npc_talk_events,-0.022614556049717852
6,log_early_tutorial_step_events,-0.06449179775983097
6,log_early_quest_offered_events,-0.09680546497191368
6,log_early_churn_score_events,-0.22609132659802506
6,log_early_session_summary_events,0.04803231450293615
6,log_early_session_time_events,0.35634075793933156
6,log_early_econ_tx_events,0.28212317986047936
6,log_early_zone_enter_events,0.25441930511544564
7,log_early_tracked_events,0.18239659572643768
7,log_early_actions,0.003955499968643438
7,deliberate_share,0.06260146100432346
7,log_early_action_kinds,-0.09225437153570161
7,log_early_area_count,-0.15108955321446055
7,log_early_event_name_count,-0.14335731375673091
7,log_early_ga_auto_events,0.5441044797285519
7,log_early_entry_auth_events,0.34997587130586244
7,log_early_connect_ok_events,0.07627743459630255
7,log_early_connect_fail_events,-0.33057093908626883
7,log_early_other_tracking_events,0.1650293974482528
7,ga_auto_share,-0.020963386886283516
7,entry_auth_share,0.30861684564073233
7,other_tracking_share,-0.04060219841058245
7,log_early_nature_events,0.07606268692520712
7,log_early_fishing_sea_events,0.35439916532785726
7,log_early_quest_social_events,-0.0500091147758906
7,log_early_craft_home_events,-0.06091446939729833
7,log_early_advanced_events,0.3197918302680991
7,log_early_chop_tree_events,-0.05515049786731116
7,log_early_mine_ore_events,0.38242361756471527
7,log_early_npc_talk_events,-0.03269848133954098
7,log_early_tutorial_step_events,-0.10640813639585173
7,log_early_quest_offered_events,-0.11004299050211641
7,log_early_churn_score_events,-0.24955776157008086
7,log_early_session_summary_events,-0.00440617266427514
7,log_early_session_time_events,0.4028982148051636
7,log_early_econ_tx_events,0.3540616589204665
7,log_early_zone_enter_events,0.5011797033032388
8,log_early_tracked_events,0.1398925493644862
8,log_early_actions,-0.01017958225935827
8,deliberate_share,0.0364721264677379
8,log_early_action_kinds,-0.1336945047272688
8,log_early_area_count,-0.16191660456287052
8,log_early_event_name_count,-0.1461397121408636
8,log_early_ga_auto_events,0.6555235252490276
8,log_early_entry_auth_events,0.3591880954371294
8,log_early_connect_ok_events,0.28774901657981805
8,log_early_connect_fail_events,-0.3802332596649306
8,log_early_other_tracking_events,0.14119788377620693
8,ga_auto_share,-0.018040751028788587
8,entry_auth_share,0.3370998149286706
8,other_tracking_share,-0.06510392625755443
8,log_early_nature_events,0.13653740117751031
8,log_early_fishing_sea_events,0.36027622497128126
8,log_early_quest_social_events,-0.09735789672630435
8,log_early_craft_home_events,-0.17943755279437326
8,log_early_advanced_events,0.3289760754189967
8,log_early_chop_tree_events,0.11588999919650264
8,log_early_mine_ore_events,0.2732149057338441
8,log_early_npc_talk_events,-0.03240742432557658
8,log_early_tutorial_step_events,-0.095657948996087
8,log_early_quest_offered_events,-0.1203763385878713
8,log_early_churn_score_events,-0.015378788237775522
8,log_early_session_summary_events,-0.16743509592193698
8,log_early_session_time_events,0.3632748383942956
8,log_early_econ_tx_events,0.28180681655267265
8,log_early_zone_enter_events,0.4375628629487231
9,log_early_tracked_events,0.12443427320482879
9,log_early_actions,0.07599833459943915
9,deliberate_share,0.19696536111716628
9,log_early_action_kinds,-0.07783307967366532
9,log_early_area_count,-0.07894744108732626
9,log_early_event_name_count,-0.027652832396227744
9,log_early_ga_auto_events,0.4800437520049484
9,log_early_entry_auth_events,0.18870214853194606
9,log_early_connect_ok_events,0.03368463801613831
9,log_early_connect_fail_events,-0.42442328660129985
9,log_early_other_tracking_events,0.10224971612538665
9,ga_auto_share,-0.049602673429349604
9,entry_auth_share,0.32428375413040605
9,other_tracking_share,-0.10589447549389988
9,log_early_nature_events,0.18036952495581576
9,log_early_fishing_sea_events,0.45370121800364327
9,log_early_quest_social_events,-0.07502605768497939
9,log_early_craft_home_events,-0.04369463658766157
9,log_early_advanced_events,0.34194285222597315
9,log_early_chop_tree_events,0.24534034367869004
9,log_early_mine_ore_events,0.28120874537465423
9,log_early_npc_talk_events,-0.047863752821901764
9,log_early_tutorial_step_events,-0.14594362206694733
9,log_early_quest_offered_events,-0.09410203975439416
9,log_early_churn_score_events,-0.026512212847558014
9,log_early_session_summary_events,-0.18112987953348939
9,log_early_session_time_events,0.5229350086177972
9,log_early_econ_tx_events,0.1007241566901171
9,log_early_zone_enter_events,0.5290163091033513
10,log_early_tracked_events,0.18198579297197479
10,log_early_actions,-0.013794418903284427
10,deliberate_share,0.023202550820929372
10,log_early_action_kinds,-0.0965291461722661
10,log_early_area_count,-0.21780504350400873
10,log_early_event_name_count,-0.14936367347912097
10,log_early_ga_auto_events,0.8365687700278867
10,log_early_entry_auth_events,0.20150175153533967
10,log_early_connect_ok_events,0.2807734513877193
10,log_early_connect_fail_events,-0.31052451186063335
10,log_early_other_tracking_events,0.11581395382948123
10,ga_auto_share,0.09789005252205198
10,entry_auth_share,-0.0663126514339246
10,other_tracking_share,-0.09574978503992845
10,log_early_nature_events,0.14330551393751872
10,log_early_fishing_sea_events,0.3900736507281795
10,log_early_quest_social_events,-0.07393474011511593
10,log_early_craft_home_events,-0.0697052564113133
10,log_early_advanced_events,0.3247356873645165
10,log_early_chop_tree_events,0.07918986578624437
10,log_early_mine_ore_events,0.47507505024489494
10,log_early_npc_talk_events,-0.018444060575019825
10,log_early_tutorial_step_events,-0.042183468139315415
10,log_early_quest_offered_events,-0.1150282063739829
10,log_early_churn_score_events,-0.1858361326593908
10,log_early_session_summary_events,0.07523539682156166
10,log_early_session_time_events,0.12414209860635313
10,log_early_econ_tx_events,0.32631914311356897
10,log_early_zone_enter_events,0.4487701703670614
11,log_early_tracked_events,0.15141593846514073
11,log_early_actions,-0.040744104264764054
11,deliberate_share,0.03533655426855048
11,log_early_action_kinds,-0.12838592085659561
11,log_early_area_count,-0.14230391831242586
11,log_early_event_name_count,-0.2127761697896374
11,log_early_ga_auto_events,0.6435319105404729
11,log_early_entry_auth_events,0.3578780160801204
11,log_early_connect_ok_events,0.13843684827983394
11,log_early_connect_fail_events,-0.387390885890989
11,log_early_other_tracking_events,0.13676522870957217
11,ga_auto_share,0.012774920066651704
11,entry_auth_share,0.34029547492317475
11,other_tracking_share,-0.07940360739676965
11,log_early_nature_events,0.10108011240473756
11,log_early_fishing_sea_events,0.08689709594434072
11,log_early_quest_social_events,-0.08814906475134843
11,log_early_craft_home_events,-0.06621142857084322
11,log_early_advanced_events,0.22506076714043005
11,log_early_chop_tree_events,-0.06517585920061664
11,log_early_mine_ore_events,0.5021883562915926
11,log_early_npc_talk_events,-0.023778889565111934
11,log_early_tutorial_step_events,-0.054243186338239574
11,log_early_quest_offered_events,-0.09246626755407164
11,log_early_churn_score_events,-0.13799918544230597
11,log_early_session_summary_events,0.002062058651763335
11,log_early_session_time_events,0.461582327849747
11,log_early_econ_tx_events,0.3531356291733113
11,log_early_zone_enter_events,0.398633739187584
12,log_early_tracked_events,0.14645672179940816
12,log_early_actions,0.006688334459240325
12,deliberate_share,0.03087975994701912
12,log_early_action_kinds,-0.11046972707657
12,log_early_area_count,-0.12204952172504027
12,log_early_event_name_count,-0.2050097374640096
12,log_early_ga_auto_events,0.4985852414670957
12,log_early_entry_auth_events,0.4675840618713392
12,log_early_connect_ok_events,0.23908698893171956
12,log_early_connect_fail_events,-0.3249550736584587
12,log_early_other_tracking_events,0.11235364908908335
12,ga_auto_share,0.01828285247641434
12,entry_auth_share,0.4030689407565847
12,other_tracking_share,-0.11656244697298362
12,log_early_nature_events,0.05435981505340079
12,log_early_fishing_sea_events,0.45614864587551246
12,log_early_quest_social_events,-0.026359426942967945
12,log_early_craft_home_events,-0.13295867310943651
12,log_early_advanced_events,0.4408704521045022
12,log_early_chop_tree_events,-0.004303549154173298
12,log_early_mine_ore_events,0.33566454570337184
12,log_early_npc_talk_events,-0.010193163682623445
12,log_early_tutorial_step_events,-0.045835291945142735
12,log_early_quest_offered_events,-0.09480244783566347
12,log_early_churn_score_events,-0.10195552433876955
12,log_early_session_summary_events,0.1377501564343317
12,log_early_session_time_events,0.27227114428160815
12,log_early_econ_tx_events,0.20974626666446805
12,log_early_zone_enter_events,0.36780444197460155
13,log_early_tracked_events,0.14632476745980605
13,log_early_actions,0.04432246137775889
13,deliberate_share,0.04709099743288214
13,log_early_action_kinds,0.0011363171188196782
13,log_early_area_count,-0.08378703041206988
13,log_early_event_name_count,-0.1116234578214346
13,log_early_ga_auto_events,0.5981055268125377
13,log_early_entry_auth_events,0.3213070562182706
13,log_early_connect_ok_events,0.017942005086028723
13,log_early_connect_fail_events,-0.3939922838280483
13,log_early_other_tracking_events,0.06667526849989439
13,ga_auto_share,0.054740076064105726
13,entry_auth_share,0.35175845780409476
13,other_tracking_share,-0.1548375977980538
13,log_early_nature_events,0.14153270843918195
13,log_early_fishing_sea_events,0.36423330180189234
13,log_early_quest_social_events,-0.08173494253456591
13,log_early_craft_home_events,-0.17942425777637924
13,log_early_advanced_events,0.351919510305747
13,log_early_chop_tree_events,0.07841558831387449
13,log_early_mine_ore_events,0.28385815815299725
13,log_early_npc_talk_events,-0.032667579052734104
13,log_early_tutorial_step_events,0.08606150883525518
13,log_early_quest_offered_events,-0.13209142248792247
13,log_early_churn_score_events,-0.08186857911411882
13,log_early_session_summary_events,0.033173793659400944
13,log_early_session_time_events,0.47490386900682446
13,log_early_econ_tx_events,0.11391076122360688
13,log_early_zone_enter_events,0.47688874237746576
14,log_early_tracked_events,0.12192859640937144
14,log_early_actions,0.042972744117299226
14,deliberate_share,0.11017639885742353
14,log_early_action_kinds,-0.11019002325261866
14,log_early_area_count,-0.0753975658852716
14,log_early_event_name_count,-0.19288887574584032
14,log_early_ga_auto_events,0.4004264056829596
14,log_early_entry_auth_events,0.38791124904196517
14,log_early_connect_ok_events,0.1802871435381239
14,log_early_connect_fail_events,-0.35787471857779374
14,log_early_other_tracking_events,0.11438490147701912
14,ga_auto_share,-0.03207158488986559
14,entry_auth_share,0.4136569439002475
14,other_tracking_share,-0.0873549767734162
14,log_early_nature_events,0.1541965772922543
14,log_early_fishing_sea_events,0.46298687034867314
14,log_early_quest_social_events,-0.1455629406142708
14,log_early_craft_home_events,-0.06969037686461006
14,log_early_advanced_events,0.32877595766467593
14,log_early_chop_tree_events,0.08044639257331554
14,log_early_mine_ore_events,0.4205988985807421
14,log_early_npc_talk_events,-0.07943631223137354
14,log_early_tutorial_step_events,-0.1567878860359248
14,log_early_quest_offered_events,-0.12324119074409023
14,log_early_churn_score_events,-0.15345919140414496
14,log_early_session_summary_events,0.15613855652724395
14,log_early_session_time_events,0.2433081421729075
14,log_early_econ_tx_events,0.27996116652885666
14,log_early_zone_enter_events,0.5281263352468301
15,log_early_tracked_events,0.1881777000607038
15,log_early_actions,-0.0036636457288196484
15,deliberate_share,0.05639067358943294
15,log_early_action_kinds,-0.11983656294259884
15,log_early_area_count,-0.2067152361222302
15,log_early_event_name_count,-0.11930577804247192
15,log_early_ga_auto_events,0.8347118601398844
15,log_early_entry_auth_events,0.25019376863957143
15,log_early_connect_ok_events,0.3350163396014943
15,log_early_connect_fail_events,-0.18017464561943097
15,log_early_other_tracking_events,0.13815620039477525
15,ga_auto_share,0.08411483079739503
15,entry_auth_share,-0.11058939130068157
15,other_tracking_share,-0.08743955742600841
15,log_early_nature_events,0.07866091377215537
15,log_early_fishing_sea_events,0.4323344013823294
15,log_early_quest_social_events,0.023828463027916795
15,log_early_craft_home_events,-0.12102341002263894
15,log_early_advanced_events,0.2996369232039414
15,log_early_chop_tree_events,0.05968891034299279
15,log_early_mine_ore_events,0.4181411978537353
15,log_early_npc_talk_events,0.03760125973417555
15,log_early_tutorial_step_events,-0.08046891116342318
15,log_early_quest_offered_events,-0.0357288665956516
15,log_early_churn_score_events,-0.21614839627275617
15,log_early_session_summary_events,-0.11411353382718874
15,log_early_session_time_events,0.16316480626874097
15,log_early_econ_tx_events,0.2966828409300494
15,log_early_zone_enter_events,0.4109532289948498
16,log_early_tracked_events,0.17243258633659572
16,log_early_actions,-0.0430803922514146
16,deliberate_share,0.05854779277223559
16,log_early_action_kinds,-0.15929499810536613
16,log_early_area_count,-0.1705608418148658
16,log_early_event_name_count,-0.21857191026923448
16,log_early_ga_auto_events,0.6576730299807355
16,log_early_entry_auth_events,0.289970578492359
16,log_early_connect_ok_events,0.1674345601160387
16,log_early_connect_fail_events,-0.48742530165314435
16,log_early_other_tracking_events,0.1422009506344303
16,ga_auto_share,-0.017302730131881553
16,entry_auth_share,0.35184980124927306
16,other_tracking_share,-0.058721829450864
16,log_early_nature_events,0.08125018233454502
16,log_early_fishing_sea_events,0.11794401542375983
16,log_early_quest_social_events,-0.05708783142731703
16,log_early_craft_home_events,0.012776522910258253
16,log_early_advanced_events,0.3853014269912678
16,log_early_chop_tree_events,-0.06195277731671383
16,log_early_mine_ore_events,0.5228655093154146
16,log_early_npc_talk_events,-0.012749381019045446
16,log_early_tutorial_step_events,-0.14292212525092332
16,log_early_quest_offered_events,-0.07571703758374569
16,log_early_churn_score_events,-0.11771604514149338
16,log_early_session_summary_events,0.008762383765439818
16,log_early_session_time_events,0.499593309835148
16,log_early_econ_tx_events,0.30103802099662297
16,log_early_zone_enter_events,0.29211046538132374
17,log_early_tracked_events,0.14172488628994104
17,log_early_actions,0.06849407181707132
17,deliberate_share,0.1259872368659786
17,log_early_action_kinds,-0.046820359128042326
17,log_early_area_count,-0.11949291541923064
17,log_early_event_name_count,-0.14923423900889954
17,log_early_ga_auto_events,0.310697091953928
17,log_early_entry_auth_events,0.4029828511177122
17,log_early_connect_ok_events,0.14025968926236074
17,log_early_connect_fail_events,-0.3529816364441246
17,log_early_other_tracking_events,0.06399887995999477
17,ga_auto_share,0.02339397529317327
17,entry_auth_share,0.4314922737635739
17,other_tracking_share,-0.19934078279759074
17,log_early_nature_events,0.17583526567650462
17,log_early_fishing_sea_events,0.4387529200829603
17,log_early_quest_social_events,0.021453271284856915
17,log_early_craft_home_events,-0.06496086901320337
17,log_early_advanced_events,0.32540763715267357
17,log_early_chop_tree_events,0.1696352630068927
17,log_early_mine_ore_events,0.4521966377984875
17,log_early_npc_talk_events,0.05024420570216635
17,log_early_tutorial_step_events,-0.03193553504868598
17,log_early_quest_offered_events,0.0005458644895673584
17,log_early_churn_score_events,-0.14603774325540567
17,log_early_session_summary_events,0.23699061808628424
17,log_early_session_time_events,0.3613643976137204
17,log_early_econ_tx_events,-0.03776978006160174
17,log_early_zone_enter_events,0.40025254248664216
18,log_early_tracked_events,0.1576280102300434
18,log_early_actions,0.0010237584875239494
18,deliberate_share,0.058308463039069613
18,log_early_action_kinds,-0.1279306202726404
18,log_early_area_count,-0.1826780417214753
18,log_early_event_name_count,-0.1973694421751717
18,log_early_ga_auto_events,0.7278237656038147
18,log_early_entry_auth_events,0.4171481011429903
18,log_early_connect_ok_events,0.21350684293356184
18,log_early_connect_fail_events,-0.3282298876721555
18,log_early_other_tracking_events,0.12878317648506263
18,ga_auto_share,0.0038486113116174515
18,entry_auth_share,0.358621151479254
18,other_tracking_share,-0.09404213966084811
18,log_early_nature_events,0.06852105472994784
18,log_early_fishing_sea_events,0.40705763999487365
18,log_early_quest_social_events,-0.035290442525638024
18,log_early_craft_home_events,-0.10665548762964346
18,log_early_advanced_events,0.3925671888145535
18,log_early_chop_tree_events,0.015367475864554012
18,log_early_mine_ore_events,0.344845634945216
18,log_early_npc_talk_events,-0.014562467740011943
18,log_early_tutorial_step_events,-0.12633332002125294
18,log_early_quest_offered_events,-0.09551840863145969
18,log_early_churn_score_events,-0.15595657584153907
18,log_early_session_summary_events,-0.1279371097560267
18,log_early_session_time_events,0.4671956266113505
18,log_early_econ_tx_events,0.2156414283233678
18,log_early_zone_enter_events,0.37791336156533206
19,log_early_tracked_events,0.2197985342588349
19,log_early_actions,-0.009474945204493842
19,deliberate_share,0.031839128091867674
19,log_early_action_kinds,-0.11920964364188809
19,log_early_area_count,-0.08790548627361915
19,log_early_event_name_count,-0.11259842047240251
19,log_early_ga_auto_events,0.8364200600196174
19,log_early_entry_auth_events,0.23931406162210336
19,log_early_connect_ok_events,0.09941912038446984
19,log_early_connect_fail_events,-0.3334267390627272
19,log_early_other_tracking_events,0.1617294405139077
19,ga_auto_share,0.06672292766014246
19,entry_auth_share,-0.10258302761308111
19,other_tracking_share,-0.046838938072382534
19,log_early_nature_events,0.10372169245462456
19,log_early_fishing_sea_events,0.3546096011975382
19,log_early_quest_social_events,-0.12259968408087275
19,log_early_craft_home_events,-0.09884767457816113
19,log_early_advanced_events,0.36159671622314526
19,log_early_chop_tree_events,0.03349616458779055
19,log_early_mine_ore_events,0.37450092897664244
19,log_early_npc_talk_events,-0.05369720052798574
19,log_early_tutorial_step_events,-0.14448790902144218
19,log_early_quest_offered_events,-0.14089734627179487
19,log_early_churn_score_events,-0.11239253088537438
19,log_early_session_summary_events,0.034658770400803667
19,log_early_session_time_events,0.18699245319373442
19,log_early_econ_tx_events,0.3941881029605642
19,log_early_zone_enter_events,0.48924153117621616
20,log_early_tracked_events,0.11591008131222336
20,log_early_actions,0.0009874230445093223
20,deliberate_share,0.08234937449946526
20,log_early_action_kinds,-0.07042394186434056
20,log_early_area_count,-0.13924862248836253
20,log_early_event_name_count,-0.19655937218143413
20,log_early_ga_auto_events,0.636574745906382
20,log_early_entry_auth_events,0.31023025621407657
20,log_early_connect_ok_events,0.24457494575992952
20,log_early_connect_fail_events,-0.4458709397955686
20,log_early_other_tracking_events,0.1107406927096534
20,ga_auto_share,-0.003268579969574692
20,entry_auth_share,0.35150486974907974
20,other_tracking_share,-0.08297106965411016
20,log_early_nature_events,0.12757395841184774
20,log_early_fishing_sea_events,0.21548267606109817
20,log_early_quest_social_events,-0.11527336855927986
20,log_early_craft_home_events,-0.18117865408800207
20,log_early_advanced_events,0.23748614586853714
20,log_early_chop_tree_events,-0.02372318835204036
20,log_early_mine_ore_events,0.441343787095159
20,log_early_npc_talk_events,-0.0661208763751593
20,log_early_tutorial_step_events,0.022909640070556434
20,log_early_quest_offered_events,-0.12235524116205052
20,log_early_churn_score_events,-0.15124302908054732
20,log_early_session_summary_events,0.05613483723921849
20,log_early_session_time_events,0.38638344744053904
20,log_early_econ_tx_events,0.27153275887109185
20,log_early_zone_enter_events,0.45356117470561974
21,log_early_tracked_events,0.1590072328025664
21,log_early_actions,0.037835373153331936
21,deliberate_share,0.07629924596480715
21,log_early_action_kinds,-0.057964188545545976
21,log_early_area_count,-0.11343169763585716
21,log_early_event_name_count,-0.19430053271901632
21,log_early_ga_auto_events,0.7306821715345412
21,log_early_entry_auth_events,0.36865342619075425
21,log_early_connect_ok_events,0.19367441715352077
21,log_early_connect_fail_events,-0.33239748759849513
21,log_early_other_tracking_events,0.10243262445501763
21,ga_auto_share,0.007957697148611673
21,entry_auth_share,0.3534774917080112
21,other_tracking_share,-0.10011548300982745
21,log_early_nature_events,0.09900053439155443
21,log_early_fishing_sea_events,0.23657245444986216
21,log_early_quest_social_events,-0.039074520239287015
21,log_early_craft_home_events,-0.18373497632271793
21,log_early_advanced_events,0.3364393071616011
21,log_early_chop_tree_events,0.02645134634791679
21,log_early_mine_ore_events,0.3893424085971765
21,log_early_npc_talk_events,-0.023812201513617546
21,log_early_tutorial_step_events,-0.09359578979553881
21,log_early_quest_offered_events,-0.06527898052063162
21,log_early_churn_score_events,-0.22376926800633756
21,log_early_session_summary_events,0.05930836145574566
21,log_early_session_time_events,0.37112925926794926
21,log_early_econ_tx_events,0.20068913989604467
21,log_early_zone_enter_events,0.32984180442005717
22,log_early_tracked_events,0.1160562451265998
22,log_early_actions,0.02361260066077657
22,deliberate_share,0.0978668232335427
22,log_early_action_kinds,-0.09866257931308547
22,log_early_area_count,-0.10394603349709798
22,log_early_event_name_count,-0.17635809466867558
22,log_early_ga_auto_events,0.47392834673445117
22,log_early_entry_auth_events,0.43019629494334016
22,log_early_connect_ok_events,0.32742005282393677
22,log_early_connect_fail_events,-0.3535086804992921
22,log_early_other_tracking_events,0.11167613812603652
22,ga_auto_share,-0.02926314560108907
22,entry_auth_share,0.41335359977588776
22,other_tracking_share,-0.10083773833540771
22,log_early_nature_events,0.1204723697600188
22,log_early_fishing_sea_events,0.35215331217793056
22,log_early_quest_social_events,-0.07138517829535364
22,log_early_craft_home_events,-0.03554900586300333
22,log_early_advanced_events,0.37222761677441185
22,log_early_chop_tree_events,0.0009575066733818997
22,log_early_mine_ore_events,0.4154924524193268
22,log_early_npc_talk_events,-0.02477795469935061
22,log_early_tutorial_step_events,-0.03422556488915126
22,log_early_quest_offered_events,-0.0908865927504123
22,log_early_churn_score_events,-0.04792982156451663
22,log_early_session_summary_events,-0.1574747601351315
22,log_early_session_time_events,0.2191287153669297
22,log_early_econ_tx_events,0.2523485707813764
22,log_early_zone_enter_events,0.43382176850626847
23,log_early_tracked_events,0.23020932152726128
23,log_early_actions,-0.006391434202216142
23,deliberate_share,0.0911151089472179
23,log_early_action_kinds,-0.1482092926531025
23,log_early_area_count,-0.18770271652214587
23,log_early_event_name_count,-0.1177077965315023
23,log_early_ga_auto_events,0.8164576822968014
23,log_early_entry_auth_events,0.22361231023247372
23,log_early_connect_ok_events,0.16328687530820427
23,log_early_connect_fail_events,-0.33682347699661264
23,log_early_other_tracking_events,0.16113658549801907
23,ga_auto_share,0.0598541978632285
23,entry_auth_share,-0.09622964731698289
23,other_tracking_share,-0.07013080887184013
23,log_early_nature_events,0.11732334207431509
23,log_early_fishing_sea_events,0.5233775932500806
23,log_early_quest_social_events,-0.09799120213539503
23,log_early_craft_home_events,-0.07802314107827679
23,log_early_advanced_events,0.21296090135604057
23,log_early_chop_tree_events,0.14591875065783066
23,log_early_mine_ore_events,0.36252609636627964
23,log_early_npc_talk_events,-0.06601162875024967
23,log_early_tutorial_step_events,-0.1897695214134525
23,log_early_quest_offered_events,-0.16556290724478778
23,log_early_churn_score_events,-0.19814223461889677
23,log_early_session_summary_events,0.09555797929741229
23,log_early_session_time_events,0.15758218001801785
23,log_early_econ_tx_events,0.38191463866803743
23,log_early_zone_enter_events,0.44833138219083457
24,log_early_tracked_events,0.14824366380348858
24,log_early_actions,-0.014336917122517017
24,deliberate_share,0.01651200380907004
24,log_early_action_kinds,-0.08300368642660846
24,log_early_area_count,-0.1437882818812503
24,log_early_event_name_count,-0.13819124400904717
24,log_early_ga_auto_events,0.4990691511222875
24,log_early_entry_auth_events,0.28588547239886175
24,log_early_connect_ok_events,-0.03542887526973382
24,log_early_connect_fail_events,-0.38257481464822
24,log_early_other_tracking_events,0.11027100205757694
24,ga_auto_share,0.03392324671803993
24,entry_auth_share,0.33860453479802105
24,other_tracking_share,-0.10373225050002041
24,log_early_nature_events,0.10771969533871706
24,log_early_fishing_sea_events,0.21690791497892378
24,log_early_quest_social_events,-0.0353792782248692
24,log_early_craft_home_events,-0.04327447437109445
24,log_early_advanced_events,0.4177398063326867
24,log_early_chop_tree_events,0.023217313590751902
24,log_early_mine_ore_events,0.39701895022113465
24,log_early_npc_talk_events,0.037124111109047696
24,log_early_tutorial_step_events,-0.05412709565002503
24,log_early_quest_offered_events,-0.06415471858733264
24,log_early_churn_score_events,-0.10738986506914024
24,log_early_session_summary_events,-0.017688778165852525
24,log_early_session_time_events,0.6258623214279884
24,log_early_econ_tx_events,0.13730857994192402
24,log_early_zone_enter_events,0.5362320006362338
25,log_early_tracked_events,0.12894465993344548
25,log_early_actions,0.003423182476354431
25,deliberate_share,0.09956753946792783
25,log_early_action_kinds,-0.10400530659159216
25,log_early_area_count,-0.13764137417225455
25,log_early_event_name_count,-0.19037851899295263
25,log_early_ga_auto_events,0.6878544279325348
25,log_early_entry_auth_events,0.3207639313004638
25,log_early_connect_ok_events,0.2337787186654264
25,log_early_connect_fail_events,-0.4333243550922289
25,log_early_other_tracking_events,0.13397858400090487
25,ga_auto_share,-0.02081444089804588
25,entry_auth_share,0.34138816661129967
25,other_tracking_share,-0.0725614551829641
25,log_early_nature_events,0.124608716169301
25,log_early_fishing_sea_events,0.2672700251414581
25,log_early_quest_social_events,-0.08755460961376958
25,log_early_craft_home_events,-0.17436343691175002
25,log_early_advanced_events,0.2917617496425731
25,log_early_chop_tree_events,0.0211402589505774
25,log_early_mine_ore_events,0.4234564572834313
25,log_early_npc_talk_events,-0.03290460221067187
25,log_early_tutorial_step_events,-0.061780594907741716
25,log_early_quest_offered_events,-0.09185859585369706
25,log_early_churn_score_events,-0.1682126835771352
25,log_early_session_summary_events,-0.0764041340241967
25,log_early_session_time_events,0.3852563149753505
25,log_early_econ_tx_events,0.23469930710490505
25,log_early_zone_enter_events,0.3856433674701294
26,log_early_tracked_events,0.18999248019150064
26,log_early_actions,-0.06029544896811383
26,deliberate_share,-0.014470528944624077
26,log_early_action_kinds,-0.14383942938835867
26,log_early_area_count,-0.22000150711356709
26,log_early_event_name_count,-0.20996483464282595
26,log_early_ga_auto_events,0.671843977766935
26,log_early_entry_auth_events,0.3508164622236153
26,log_early_connect_ok_events,0.13621296304626132
26,log_early_connect_fail_events,-0.4685295115014285
26,log_early_other_tracking_events,0.1578043640494526
26,ga_auto_share,0.012324886015991833
26,entry_auth_share,0.35577305135934245
26,other_tracking_share,-0.04681259390368845
26,log_early_nature_events,0.07062489048993181
26,log_early_fishing_sea_events,0.21454060999326172
26,log_early_quest_social_events,-0.07144287469139478
26,log_early_craft_home_events,0.020121320995707147
26,log_early_advanced_events,0.42304571961435944
26,log_early_chop_tree_events,-0.06115348531380861
26,log_early_mine_ore_events,0.4013923744032344
26,log_early_npc_talk_events,-0.01857016151520271
26,log_early_tutorial_step_events,-0.13076075806318574
26,log_early_quest_offered_events,-0.10365710431781024
26,log_early_churn_score_events,-0.08489337979082365
26,log_early_session_summary_events,-0.06426616780110395
26,log_early_session_time_events,0.4659235293760462
26,log_early_econ_tx_events,0.32504307793497844
26,log_early_zone_enter_events,0.4270996631358917
27,log_early_tracked_events,0.1625417725696704
27,log_early_actions,0.00929479451085785
27,deliberate_share,0.07875436003186277
27,log_early_action_kinds,-0.12662503426764524
27,log_early_area_count,-0.09110592500679639
27,log_early_event_name_count,-0.1139175174354737
27,log_early_ga_auto_events,0.807174466608678
27,log_early_entry_auth_events,0.20435852474373786
27,log_early_connect_ok_events,0.1766746930871641
27,log_early_connect_fail_events,-0.3014225373627372
27,log_early_other_tracking_events,0.10633825730064315
27,ga_auto_share,0.06406574322388504
27,entry_auth_share,-0.08520100954635233
27,other_tracking_share,-0.08398663171274812
27,log_early_nature_events,0.1165365349391323
27,log_early_fishing_sea_events,0.4686887520062943
27,log_early_quest_social_events,-0.1500459672480376
27,log_early_craft_home_events,-0.1123758645646823
27,log_early_advanced_events,0.30630962704590986
27,log_early_chop_tree_events,0.0566674608047193
27,log_early_mine_ore_events,0.3582120079307727
27,log_early_npc_talk_events,-0.0888206160931584
27,log_early_tutorial_step_events,-0.10977002046101697
27,log_early_quest_offered_events,-0.1686858889779395
27,log_early_churn_score_events,-0.09041746196686076
27,log_early_session_summary_events,0.09467256759782301
27,log_early_session_time_events,0.12128242730580414
27,log_early_econ_tx_events,0.39759901343378656
27,log_early_zone_enter_events,0.5315420322917369
28,log_early_tracked_events,0.13578860423464068
28,log_early_actions,0.0774038746892456
28,deliberate_share,0.11476875497203497
28,log_early_action_kinds,-0.03909236190460769
28,log_early_area_count,-0.1031662582721399
28,log_early_event_name_count,-0.13161391360253658
28,log_early_ga_auto_events,0.2921544217350347
28,log_early_entry_auth_events,0.41691380839454717
28,log_early_connect_ok_events,0.12149715114115685
28,log_early_connect_fail_events,-0.23199678324946238
28,log_early_other_tracking_events,0.061063844895675144
28,ga_auto_share,0.0372140735706824
28,entry_auth_share,0.3917892128058976
28,other_tracking_share,-0.2083364169114384
28,log_early_nature_events,0.1347376235205397
28,log_early_fishing_sea_events,0.4297395769253503
28,log_early_quest_social_events,0.05225337982465304
28,log_early_craft_home_events,-0.05537584077823496
28,log_early_advanced_events,0.37265696105151985
28,log_early_chop_tree_events,0.18044634094839315
28,log_early_mine_ore_events,0.4147321237437367
28,log_early_npc_talk_events,0.05207913150845435
28,log_early_tutorial_step_events,-0.048987041492905906
28,log_early_quest_offered_events,-0.008147798815726318
28,log_early_churn_score_events,-0.14872173836095967
28,log_early_session_summary_events,0.2061253276959068
28,log_early_session_time_events,0.41434772212066795
28,log_early_econ_tx_events,-0.015252956931453577
28,log_early_zone_enter_events,0.37300942358452976
29,log_early_tracked_events,0.16069409989556985
29,log_early_actions,0.024270794166579464
29,deliberate_share,0.11855455382511587
29,log_early_action_kinds,-0.13061136202979048
29,log_early_area_count,-0.10001787977192252
29,log_early_event_name_count,-0.18167752609504653
29,log_early_ga_auto_events,0.6608294396209511
29,log_early_entry_auth_events,0.33417401918285866
29,log_early_connect_ok_events,0.17097814530041525
29,log_early_connect_fail_events,-0.38728587571656153
29,log_early_other_tracking_events,0.12627453627486598
29,ga_auto_share,-0.026130529136986463
29,entry_auth_share,0.36787562223421993
29,other_tracking_share,-0.07851884278376253
29,log_early_nature_events,0.16487769877719624
29,log_early_fishing_sea_events,0.3036614020398129
29,log_early_quest_social_events,-0.1321944437643733
29,log_early_craft_home_events,-0.10145611738437849
29,log_early_advanced_events,0.22313932638729916
29,log_early_chop_tree_events,0.07914192073355282
29,log_early_mine_ore_events,0.37163873903674827
29,log_early_npc_talk_events,-0.04735505840653355
29,log_early_tutorial_step_events,-0.10907119265216635
29,log_early_quest_offered_events,-0.10190687634855115
29,log_early_churn_score_events,-0.16099637030645367
29,log_early_session_summary_events,-0.12955882907068847
29,log_early_session_time_events,0.37472991094291974
29,log_early_econ_tx_events,0.32042592443723295
29,log_early_zone_enter_events,0.44432209834812614
30,log_early_tracked_events,0.18174906281646153
30,log_early_actions,-0.04578423602305333
30,deliberate_share,0.02333797601051569
30,log_early_action_kinds,-0.15067908802049326
30,log_early_area_count,-0.265413349560584
30,log_early_event_name_count,-0.22486478883910352
30,log_early_ga_auto_events,0.5942322859483272
30,log_early_entry_auth_events,0.3170719541650963
30,log_early_connect_ok_events,0.17335559943583953
30,log_early_connect_fail_events,-0.41505025621962194
30,log_early_other_tracking_events,0.1337377147592629
30,ga_auto_share,0.03225619210257972
30,entry_auth_share,0.3702685282906023
30,other_tracking_share,-0.1126754446456797
30,log_early_nature_events,0.0981837811394176
30,log_early_fishing_sea_events,0.29582006984243264
30,log_early_quest_social_events,0.021723701091568185
30,log_early_craft_home_events,0.05430615510614658
30,log_early_advanced_events,0.34970592902763603
30,log_early_chop_tree_events,0.044237233256698566
30,log_early_mine_ore_events,0.5002479537899464
30,log_early_npc_talk_events,0.05968659961594925
30,log_early_tutorial_step_events,-0.1543037338593603
30,log_early_quest_offered_events,-0.06275333514820695
30,log_early_churn_score_events,-0.20306085453811162
30,log_early_session_summary_events,-0.03565862933053761
30,log_early_session_time_events,0.379719468531992
30,log_early_econ_tx_events,0.3953831648096774
30,log_early_zone_enter_events,0.41347499694872253
31,log_early_tracked_events,0.17982910379105946
31,log_early_actions,0.03219818570148858
31,deliberate_share,0.045285879358200797
31,log_early_action_kinds,-0.04010427351309098
31,log_early_area_count,-0.10948928640525091
31,log_early_event_name_count,-0.025530718965372116
31,log_early_ga_auto_events,0.7437999064528198
31,log_early_entry_auth_events,0.21313467391722124
31,log_early_connect_ok_events,0.07918111098333293
31,log_early_connect_fail_events,-0.25129647222423096
31,log_early_other_tracking_events,0.11440683336836585
31,ga_auto_share,0.08919961438112835
31,entry_auth_share,-0.1300558869624391
31,other_tracking_share,-0.08932867366981401
31,log_early_nature_events,0.06637366048750103
31,log_early_fishing_sea_events,0.4292355548729033
31,log_early_quest_social_events,-0.046103992879823745
31,log_early_craft_home_events,-0.24044730074738732
31,log_early_advanced_events,0.44747748614283217
31,log_early_chop_tree_events,0.007326268844721255
31,log_early_mine_ore_events,0.3596088652846879
31,log_early_npc_talk_events,-0.02679120507056931
31,log_early_tutorial_step_events,0.044220680621773756
31,log_early_quest_offered_events,-0.12045271665789173
31,log_early_churn_score_events,-0.12863495765964106
31,log_early_session_summary_events,0.07304915561856738
31,log_early_session_time_events,0.3227376439044871
31,log_early_econ_tx_events,0.09332648487795873
31,log_early_zone_enter_events,0.5262594410259382
32,log_early_tracked_events,0.11794738554293681
32,log_early_actions,0.0036615856886542766
32,deliberate_share,0.06282268553678597
32,log_early_action_kinds,-0.09605601333832646
32,log_early_area_count,-0.09999551092527789
32,log_early_event_name_count,-0.22668978256037808
32,log_early_ga_auto_events,0.5197202009181755
32,log_early_entry_auth_events,0.4284397101028358
32,log_early_connect_ok_events,0.29140082000587786
32,log_early_connect_fail_events,-0.4013724495451676
32,log_early_other_tracking_events,0.10051332447254421
32,ga_auto_share,0.0017451617298809962
32,entry_auth_share,0.42523770479447226
32,other_tracking_share,-0.11131481741703245
32,log_early_nature_events,0.10295640157042052
32,log_early_fishing_sea_events,0.377258655190023
32,log_early_quest_social_events,-0.07111833589068162
32,log_early_craft_home_events,-0.024350071566474375
32,log_early_advanced_events,0.3633950158117971
32,log_early_chop_tree_events,-0.003082566723836521
32,log_early_mine_ore_events,0.4125150839766039
32,log_early_npc_talk_events,-0.03545461360954465
32,log_early_tutorial_step_events,-0.11042349332594126
32,log_early_quest_offered_events,-0.06863474774065992
32,log_early_churn_score_events,-0.037918701425857036
32,log_early_session_summary_events,0.13351992991226952
32,log_early_session_time_events,0.33370037287654875
32,log_early_econ_tx_events,0.206999566034639
32,log_early_zone_enter_events,0.3813816488931525
33,log_early_tracked_events,0.13305812495098965
33,log_early_actions,0.059535906300199844
33,deliberate_share,0.1317633586749388
33,log_early_action_kinds,-0.08619918303006276
33,log_early_area_count,-0.054929193691335684
33,log_early_event_name_count,-0.18817546699515014
33,log_early_ga_auto_events,0.35450944851998
33,log_early_entry_auth_events,0.3968801913323627
33,log_early_connect_ok_events,0.2165134608732681
33,log_early_connect_fail_events,-0.41097236466615183
33,log_early_other_tracking_events,0.10981384916149756
33,ga_auto_share,-0.02615690197431481
33,entry_auth_share,0.4123613302198858
33,other_tracking_share,-0.11528373184477658
33,log_early_nature_events,0.1447697501951956
33,log_early_fishing_sea_events,0.4775585199910207
33,log_early_quest_social_events,-0.1089714246182097
33,log_early_craft_home_events,-0.1262991780420542
33,log_early_advanced_events,0.36298984282250923
33,log_early_chop_tree_events,0.07470412865498859
33,log_early_mine_ore_events,0.3236672746641301
33,log_early_npc_talk_events,-0.06324096175571403
33,log_early_tutorial_step_events,-0.1587477097197377
33,log_early_quest_offered_events,-0.15048948098591772
33,log_early_churn_score_events,-0.10899389141236972
33,log_early_session_summary_events,0.1604562404671787
33,log_early_session_time_events,0.2265708411960713
33,log_early_econ_tx_events,0.29925472025042776
33,log_early_zone_enter_events,0.5118556816726758
34,log_early_tracked_events,0.1814307609970973
34,log_early_actions,-0.029368996865996738
34,deliberate_share,0.07830142095227301
34,log_early_action_kinds,-0.13794449791873445
34,log_early_area_count,-0.2174490345874055
34,log_early_event_name_count,-0.2818194041315813
34,log_early_ga_auto_events,0.6374395441138908
34,log_early_entry_auth_events,0.29989109814394754
34,log_early_connect_ok_events,0.16898128875212107
34,log_early_connect_fail_events,-0.4605862454146495
34,log_early_other_tracking_events,0.11637344196837125
34,ga_auto_share,0.04058563835944362
34,entry_auth_share,0.4290634579745421
34,other_tracking_share,-0.1361366485918059
34,log_early_nature_events,0.10610512295755208
34,log_early_fishing_sea_events,0.11183681809506969
34,log_early_quest_social_events,-0.0023864971165719192
34,log_early_craft_home_events,-0.02985724677304817
34,log_early_advanced_events,0.24803242243257312
34,log_early_chop_tree_events,0.041956878668748226
34,log_early_mine_ore_events,0.5611018444698336
34,log_early_npc_talk_events,0.03245693783463447
34,log_early_tutorial_step_events,-0.1450702936716858
34,log_early_quest_offered_events,-0.06634185686768651
34,log_early_churn_score_events,-0.2643438155126484
34,log_early_session_summary_events,0.011189012498969662
34,log_early_session_time_events,0.44050557240327715
34,log_early_econ_tx_events,0.330571122252055
34,log_early_zone_enter_events,0.3707238346407861
35,log_early_tracked_events,0.1302171008997371
35,log_early_actions,0.06452126281786365
35,deliberate_share,0.0850848542605352
35,log_early_action_kinds,-0.01740993307092892
35,log_early_area_count,-0.09523348585044068
35,log_early_event_name_count,-0.02993164922059174
35,log_early_ga_auto_events,0.564808473927161
35,log_early_entry_auth_events,0.29035923249162615
35,log_early_connect_ok_events,0.09848998859408875
35,log_early_connect_fail_events,-0.27623746328844634
35,log_early_other_tracking_events,0.10696666918961895
35,ga_auto_share,-0.01504188000901163
35,entry_auth_share,0.3112693321123859
35,other_tracking_share,-0.09009357712961215
35,log_early_nature_events,0.12058004262812352
35,log_early_fishing_sea_events,0.43085256416025286
35,log_early_quest_social_events,-0.04070057664398919
35,log_early_craft_home_events,-0.2173006214417709
35,log_early_advanced_events,0.35467722154154824
35,log_early_chop_tree_events,0.05077310202057483
35,log_early_mine_ore_events,0.33606529038879535
35,log_early_npc_talk_events,-0.01774303447648224
35,log_early_tutorial_step_events,0.037208880683516174
35,log_early_quest_offered_events,-0.07679161602011643
35,log_early_churn_score_events,-0.1567105860627461
35,log_early_session_summary_events,-0.2091920102304727
35,log_early_session_time_events,0.4753846280886506
35,log_early_econ_tx_events,-0.017830007078551625
35,log_early_zone_enter_events,0.5208851155428935
36,log_early_tracked_events,0.1695600345707853
36,log_early_actions,-0.03211574802303746
36,deliberate_share,0.0077415206932907755
36,log_early_action_kinds,-0.14619039629760955
36,log_early_area_count,-0.1412164744377201
36,log_early_event_name_count,-0.1277592973598583
36,log_early_ga_auto_events,0.9142815294857023
36,log_early_entry_auth_events,0.2794962436408636
36,log_early_connect_ok_events,0.23168370189636245
36,log_early_connect_fail_events,-0.25165030877256733
36,log_early_other_tracking_events,0.11697052520449364
36,ga_auto_share,0.09593454086871772
36,entry_auth_share,-0.10054303807007976
36,other_tracking_share,-0.0781669310947709
36,log_early_nature_events,0.10388847806108137
36,log_early_fishing_sea_events,0.31614813830574634
36,log_early_quest_social_events,-0.12027079860474606
36,log_early_craft_home_events,-0.05714780685900653
36,log_early_advanced_events,0.35088971238173944
36,log_early_chop_tree_events,0.02667252047020733
36,log_early_mine_ore_events,0.38238719638459834
36,log_early_npc_talk_events,-0.0421788799706601
36,log_early_tutorial_step_events,-0.05036391345385242
36,log_early_quest_offered_events,-0.06926878952671701
36,log_early_churn_score_events,0.026554196048042777
36,log_early_session_summary_events,0.09390819627620108
36,log_early_session_time_events,0.26199879276122673
36,log_early_econ_tx_events,0.313844679621419
36,log_early_zone_enter_events,0.34889032282503246
37,log_early_tracked_events,0.11435403497972747
37,log_early_actions,0.0755991338688083
37,deliberate_share,0.14501146377116814
37,log_early_action_kinds,-0.03126431413659483
37,log_early_area_count,-0.035494977824606984
37,log_early_event_name_count,-0.1410669780334301
37,log_early_ga_auto_events,0.3172574716704828
37,log_early_entry_auth_events,0.4077152860434124
37,log_early_connect_ok_events,0.09691764220656712
37,log_early_connect_fail_events,-0.36436783680791696
37,log_early_other_tracking_events,0.06437423526660732
37,ga_auto_share,-0.010434502109446376
37,entry_auth_share,0.43395695458406613
37,other_tracking_share,-0.15994880196001132
37,log_early_nature_events,0.14716731509546446
37,log_early_fishing_sea_events,0.2887316173717716
37,log_early_quest_social_events,-0.05825144075917273
37,log_early_craft_home_events,-0.1710271012303823
37,log_early_advanced_events,0.407039579963489
37,log_early_chop_tree_events,0.050784800395667656
37,log_early_mine_ore_events,0.4843301368591502
37,log_early_npc_talk_events,-0.001983467161672638
37,log_early_tutorial_step_events,0.04981899426638171
37,log_early_quest_offered_events,-0.0647881036567557
37,log_early_churn_score_events,-0.16090624277797236
37,log_early_session_summary_events,0.20342887423392722
37,log_early_session_time_events,0.39990715889712275
37,log_early_econ_tx_events,-0.0714588462126153
37,log_early_zone_enter_events,0.4845281616757641
38,log_early_tracked_events,0.152325669403863
38,log_early_actions,-0.0016519028068591355
38,deliberate_share,0.05692953242222866
38,log_early_action_kinds,-0.10568800800443968
38,log_early_area_count,-0.19327735365822643
38,log_early_event_name_count,-0.15214018515421157
38,log_early_ga_auto_events,0.5863990881783301
38,log_early_entry_auth_events,0.29595520772920414
38,log_early_connect_ok_events,0.22373642220165776
38,log_early_connect_fail_events,-0.4163002745937208
38,log_early_other_tracking_events,0.1254017587592772
38,ga_auto_share,-0.013814604611331157
38,entry_auth_share,0.3992723427806469
38,other_tracking_share,-0.07591955162227315
38,log_early_nature_events,0.12828099777210564
38,log_early_fishing_sea_events,0.23180139582858936
38,log_early_quest_social_events,-0.03064684209202755
38,log_early_craft_home_events,-0.0538877923922066
38,log_early_advanced_events,0.38287942688410365
38,log_early_chop_tree_events,-0.014580572942717189
38,log_early_mine_ore_events,0.45688123915113094
38,log_early_npc_talk_events,0.01254872815682993
38,log_early_tutorial_step_events,-0.07759719930117889
38,log_early_quest_offered_events,-0.07138666233044948
38,log_early_churn_score_events,-0.11829583326208232
38,log_early_session_summary_events,-0.26552824114500745
38,log_early_session_time_events,0.28779222500484897
38,log_early_econ_tx_events,0.34253089466349357
38,log_early_zone_enter_events,0.5247129561384622
39,log_early_tracked_events,0.14311185753971353
39,log_early_actions,-0.024315033660678928
39,deliberate_share,0.00358888508895428
39,log_early_action_kinds,-0.12115392783004034
39,log_early_area_count,-0.1401533755342558
39,log_early_event_name_count,-0.18225522610047162
39,log_early_ga_auto_events,0.6761218115381197
39,log_early_entry_auth_events,0.3660192894222061
39,log_early_connect_ok_events,0.20000525693281318
39,log_early_connect_fail_events,-0.3985266660174136
39,log_early_other_tracking_events,0.12950167804619644
39,ga_auto_share,0.007095065484627654
39,entry_auth_share,0.32680706120477243
39,other_tracking_share,-0.07253213199218783
39,log_early_nature_events,0.1335092619533378
39,log_early_fishing_sea_events,0.35384828265869717
39,log_early_quest_social_events,-0.0942593755333767
39,log_early_craft_home_events,-0.14395422197471938
39,log_early_advanced_events,0.2901650756874604
39,log_early_chop_tree_events,0.12721332799748467
39,log_early_mine_ore_events,0.19263507388046466
39,log_early_npc_talk_events,-0.043936318872823336
39,log_early_tutorial_step_events,-0.13894824804542094
39,log_early_quest_offered_events,-0.09201981389929126
39,log_early_churn_score_events,0.04430139063990824
39,log_early_session_summary_events,0.11346078666418814
39,log_early_session_time_events,0.450051071558371
39,log_early_econ_tx_events,0.2718479560957383
39,log_early_zone_enter_events,0.3143685057606826
40,log_early_tracked_events,0.21208271938374218
40,log_early_actions,-0.0032748197331725964
40,deliberate_share,0.07360955884063518
40,log_early_action_kinds,-0.13912978032137602
40,log_early_area_count,-0.16594151711164243
40,log_early_event_name_count,-0.1356068391597561
40,log_early_ga_auto_events,0.8627868944094975
40,log_early_entry_auth_events,0.24352928788524447
40,log_early_connect_ok_events,0.1788582571215643
40,log_early_connect_fail_events,-0.24577863631112173
40,log_early_other_tracking_events,0.14516710854691992
40,ga_auto_share,0.07881127440311411
40,entry_auth_share,-0.10080334399804101
40,other_tracking_share,-0.08097975359409657
40,log_early_nature_events,0.07529807420689848
40,log_early_fishing_sea_events,0.5101448057949369
40,log_early_quest_social_events,-0.07721817380170957
40,log_early_craft_home_events,0.0009366813073375186
40,log_early_advanced_events,0.25035898635311166
40,log_early_chop_tree_events,0.06524957533823356
40,log_early_mine_ore_events,0.4126601569449955
40,log_early_npc_talk_events,-0.05063743798284661
40,log_early_tutorial_step_events,-0.172348179646068
40,log_early_quest_offered_events,-0.12905178013821542
40,log_early_churn_score_events,-0.2370857490882872
40,log_early_session_summary_events,0.05567802948474246
40,log_early_session_time_events,0.23102260449051323
40,log_early_econ_tx_events,0.3476165841115953
40,log_early_zone_enter_events,0.4099571992524534
41,log_early_tracked_events,0.18709822729020328
41,log_early_actions,-0.06654920255876058
41,deliberate_share,-0.034855376001036664
41,log_early_action_kinds,-0.1368219785301508
41,log_early_area_count,-0.2170134931184534
41,log_early_event_name_count,-0.20099798591450807
41,log_early_ga_auto_events,0.6097429567365531
41,log_early_entry_auth_events,0.33068691622847357
41,log_early_connect_ok_events,0.1722339925406931
41,log_early_connect_fail_events,-0.3256421405192656
41,log_early_other_tracking_events,0.15646029085372662
41,ga_auto_share,0.014916135727538755
41,entry_auth_share,0.3271702671740395
41,other_tracking_share,-0.05766995426490643
41,log_early_nature_events,0.08060405967751286
41,log_early_fishing_sea_events,0.320041203395137
41,log_early_quest_social_events,-0.053016948421721485
41,log_early_craft_home_events,0.09090439140722234
41,log_early_advanced_events,0.3388588068258058
41,log_early_chop_tree_events,-0.006220462003225352
41,log_early_mine_ore_events,0.5048891645941088
41,log_early_npc_talk_events,-2.8004174372257083e-05
41,log_early_tutorial_step_events,-0.13511217496751485
41,log_early_quest_offered_events,-0.09324258301560959
41,log_early_churn_score_events,-0.13654389603820177
41,log_early_session_summary_events,-0.03622243842521745
41,log_early_session_time_events,0.4177324072961401
41,log_early_econ_tx_events,0.38466614591917614
41,log_early_zone_enter_events,0.3131017554630033
42,log_early_tracked_events,0.14025045440316422
42,log_early_actions,0.04642626117608108
42,deliberate_share,0.14884446265461135
42,log_early_action_kinds,-0.10445367421907407
42,log_early_area_count,-0.06405581353846326
42,log_early_event_name_count,-0.1460924601288584
42,log_early_ga_auto_events,0.41138322247080406
42,log_early_entry_auth_events,0.38295334654284535
42,log_early_connect_ok_events,0.270316367883509
42,log_early_connect_fail_events,-0.4232161059375893
42,log_early_other_tracking_events,0.11728598388326923
42,ga_auto_share,-0.04059549789988594
42,entry_auth_share,0.4022800847515789
42,other_tracking_share,-0.10801292818752843
42,log_early_nature_events,0.12286535226918244
42,log_early_fishing_sea_events,0.44828202161198444
42,log_early_quest_social_events,-0.10618507799387247
42,log_early_craft_home_events,-0.07707171979548925
42,log_early_advanced_events,0.37198872437317887
42,log_early_chop_tree_events,0.09551661328779601
42,log_early_mine_ore_events,0.29790995453170543
42,log_early_npc_talk_events,-0.07748374071647703
42,log_early_tutorial_step_events,-0.14344994150364368
42,log_early_quest_offered_events,-0.16586619765666208
42,log_early_churn_score_events,-0.09350590725354836
42,log_early_session_summary_events,-0.030398719426898296
42,log_early_session_time_events,0.22723774337102123
42,log_early_econ_tx_events,0.2764328263916449
42,log_early_zone_enter_events,0.5233183793523184
43,log_early_tracked_events,0.13490703471690665
43,log_early_actions,0.014226633527768413
43,deliberate_share,0.09761606087147943
43,log_early_action_kinds,-0.09423023504110466
43,log_early_area_count,-0.1525974277426256
43,log_early_event_name_count,-0.2065017767972315
43,log_early_ga_auto_events,0.7065792202000897
43,log_early_entry_auth_events,0.3470340501218903
43,log_early_connect_ok_events,0.22391748162701772
43,log_early_connect_fail_events,-0.47063844179151454
43,log_early_other_tracking_events,0.09830595918887526
43,ga_auto_share,-0.000520305725216573
43,entry_auth_share,0.39931961834678237
43,other_tracking_share,-0.1015194093635111
43,log_early_nature_events,0.14391391260872738
43,log_early_fishing_sea_events,0.12682040132703612
43,log_early_quest_social_events,-0.1150503897988259
43,log_early_craft_home_events,-0.1987884250573591
43,log_early_advanced_events,0.2650597921542796
43,log_early_chop_tree_events,0.03938628824307868
43,log_early_mine_ore_events,0.4329793596774867
43,log_early_npc_talk_events,-0.04633954185045695
43,log_early_tutorial_step_events,-0.00973239215877745
43,log_early_quest_offered_events,-0.10927293653800105
43,log_early_churn_score_events,-0.16233470268321415
43,log_early_session_summary_events,0.0498426138798773
43,log_early_session_time_events,0.3451065921885501
43,log_early_econ_tx_events,0.24087173607013118
43,log_early_zone_enter_events,0.45623129242556637
44,log_early_tracked_events,0.16646504878327947
44,log_early_actions,0.051477591611040936
44,deliberate_share,0.09773596564925471
44,log_early_action_kinds,-0.0649828056526859
44,log_early_area_count,-0.1141356375772261
44,log_early_event_name_count,-0.0596328054504433
44,log_early_ga_auto_events,0.7587191018924468
44,log_early_entry_auth_events,0.22993830489627237
44,log_early_connect_ok_events,0.06238619996820315
44,log_early_connect_fail_events,-0.2284595061746039
44,log_early_other_tracking_events,0.09293115397144358
44,ga_auto_share,0.09254549457516933
44,entry_auth_share,-0.09801898260386865
44,other_tracking_share,-0.12618004822011397
44,log_early_nature_events,0.0743044792406934
44,log_early_fishing_sea_events,0.4362064696098604
44,log_early_quest_social_events,0.05030817676101952
44,log_early_craft_home_events,-0.18702832889196636
44,log_early_advanced_events,0.39012385959906276
44,log_early_chop_tree_events,0.01574707671101847
44,log_early_mine_ore_events,0.34691668419522476
44,log_early_npc_talk_events,0.048271574921296814
44,log_early_tutorial_step_events,-0.003828190680069194
44,log_early_quest_offered_events,0.008480676493635894
44,log_early_churn_score_events,-0.10696166600119715
44,log_early_session_summary_events,0.10184404923661862
44,log_early_session_time_events,0.42876789487672406
44,log_early_econ_tx_events,0.016933512455303952
44,log_early_zone_enter_events,0.40215344198717395
45,log_early_tracked_events,0.19786498616551523
45,log_early_actions,0.0016797395047007941
45,deliberate_share,0.09825224535481845
45,log_early_action_kinds,-0.11065760591028276
45,log_early_area_count,-0.12806488700849245
45,log_early_event_name_count,-0.15217538176446152
45,log_early_ga_auto_events,0.8589362047684874
45,log_early_entry_auth_events,0.24278386891727974
45,log_early_connect_ok_events,0.18703000611146522
45,log_early_connect_fail_events,-0.377362659860744
45,log_early_other_tracking_events,0.1244635560178166
45,ga_auto_share,0.05796228949546229
45,entry_auth_share,-0.03167213578291408
45,other_tracking_share,-0.08676975519216813
45,log_early_nature_events,0.12199707350647239
45,log_early_fishing_sea_events,0.21352154267042006
45,log_early_quest_social_events,-0.10975678278726274
45,log_early_craft_home_events,-0.0708336940962476
45,log_early_advanced_events,0.31145154969892075
45,log_early_chop_tree_events,0.027020919415553752
45,log_early_mine_ore_events,0.4271301206291481
45,log_early_npc_talk_events,-0.06266574502386985
45,log_early_tutorial_step_events,-0.12810378659596794
45,log_early_quest_offered_events,-0.10357977956153114
45,log_early_churn_score_events,-0.15721392703830564
45,log_early_session_summary_events,0.07961631034607126
45,log_early_session_time_events,0.27461413851866384
45,log_early_econ_tx_events,0.3362726883536323
45,log_early_zone_enter_events,0.538356358340141
46,log_early_tracked_events,0.15701450242869985
46,log_early_actions,0.03885797280331602
46,deliberate_share,0.07401266798633356
46,log_early_action_kinds,-0.045125107233107135
46,log_early_area_count,-0.12050704112927788
46,log_early_event_name_count,-0.09356013232858611
46,log_early_ga_auto_events,0.5589498420577482
46,log_early_entry_auth_events,0.29528357102816855
46,log_early_connect_ok_events,0.036899412555161694
46,log_early_connect_fail_events,-0.2776172477871077
46,log_early_other_tracking_events,0.09609482164306928
46,ga_auto_share,0.03598697189308672
46,entry_auth_share,0.312469552330631
46,other_tracking_share,-0.1374905522711939
46,log_early_nature_events,0.07064082009139204
46,log_early_fishing_sea_events,0.5057550529262406
46,log_early_quest_social_events,-0.007211729895172427
46,log_early_craft_home_events,-0.09729515175352342
46,log_early_advanced_events,0.3950291918469127
46,log_early_chop_tree_events,0.0341563223646752
46,log_early_mine_ore_events,0.41193285820657216
46,log_early_npc_talk_events,-0.004293244571807693
46,log_early_tutorial_step_events,-0.01836894844011637
46,log_early_quest_offered_events,-0.09536858873873445
46,log_early_churn_score_events,-0.24203036964964714
46,log_early_session_summary_events,0.020847832575298875
46,log_early_session_time_events,0.516667627438633
46,log_early_econ_tx_events,0.04744001109053163
46,log_early_zone_enter_events,0.35888733038289716
47,log_early_tracked_events,0.1370628704948261
47,log_early_actions,-0.013774836681603696
47,deliberate_share,0.036335885558702
47,log_early_action_kinds,-0.1140948179172567
47,log_early_area_count,-0.15865002903687428
47,log_early_event_name_count,-0.20728783645009854
47,log_early_ga_auto_events,0.6766535084275481
47,log_early_entry_auth_events,0.3478421839044056
47,log_early_connect_ok_events,0.20398233138874788
47,log_early_connect_fail_events,-0.4579229840057566
47,log_early_other_tracking_events,0.12400934547633166
47,ga_auto_share,0.019954424835751938
47,entry_auth_share,0.347144079230178
47,other_tracking_share,-0.09521842802981603
47,log_early_nature_events,0.10924563215437305
47,log_early_fishing_sea_events,0.42384993887899824
47,log_early_quest_social_events,-0.09163920836162658
47,log_early_craft_home_events,-0.2049274330775247
47,log_early_advanced_events,0.3362277267744017
47,log_early_chop_tree_events,0.041153082865910774
47,log_early_mine_ore_events,0.2296969154012776
47,log_early_npc_talk_events,-0.04960726055870137
47,log_early_tutorial_step_events,-0.13336407976459744
47,log_early_quest_offered_events,-0.1391463815271213
47,log_early_churn_score_events,0.005933958574932974
47,log_early_session_summary_events,0.08242236112044334
47,log_early_session_time_events,0.4336268015217701
47,log_early_econ_tx_events,0.3018112661160174
47,log_early_zone_enter_events,0.3587880578445154
48,log_early_tracked_events,0.09727917520582817
48,log_early_actions,0.012321869260196476
48,deliberate_share,0.04773376720360965
48,log_early_action_kinds,-0.12513465434531437
48,log_early_area_count,-0.11562403565686699
48,log_early_event_name_count,-0.15448775206752313
48,log_early_ga_auto_events,0.3728838892223948
48,log_early_entry_auth_events,0.42527789041533953
48,log_early_connect_ok_events,0.35240291398791274
48,log_early_connect_fail_events,-0.2834392293385736
48,log_early_other_tracking_events,0.10837175623584613
48,ga_auto_share,-0.031805737677338124
48,entry_auth_share,0.38668020737853154
48,other_tracking_share,-0.0705320448167335
48,log_early_nature_events,0.14365858055042532
48,log_early_fishing_sea_events,0.3769207496820159
48,log_early_quest_social_events,-0.09878902567264698
48,log_early_craft_home_events,-0.10618844063364939
48,log_early_advanced_events,0.3507531488010717
48,log_early_chop_tree_events,0.08317266339990471
48,log_early_mine_ore_events,0.44110941284686517
48,log_early_npc_talk_events,-0.006864597788897931
48,log_early_tutorial_step_events,-0.000698939162180091
48,log_early_quest_offered_events,-0.06167336084549438
48,log_early_churn_score_events,-0.033529028159938606
48,log_early_session_summary_events,-0.11344772792925534
48,log_early_session_time_events,0.2355670404735566
48,log_early_econ_tx_events,0.23114774545906236
48,log_early_zone_enter_events,0.5006835625096211
49,log_early_tracked_events,0.17212927963652075
49,log_early_actions,-0.0007224553483602741
49,deliberate_share,0.031156081799235662
49,log_early_action_kinds,-0.08554040356569595
49,log_early_area_count,-0.15747099304594114
49,log_early_event_name_count,-0.1550377687843815
49,log_early_ga_auto_events,0.7710289459148558
49,log_early_entry_auth_events,0.33838633843965515
49,log_early_connect_ok_events,0.30725345653736136
49,log_early_connect_fail_events,-0.303053932237295
49,log_early_other_tracking_events,0.11278993970131942
49,ga_auto_share,0.08707472126334366
49,entry_auth_share,-0.044429495178821166
49,other_tracking_share,-0.0894652385466598
49,log_early_nature_events,0.13501403190021563
49,log_early_fishing_sea_events,0.34466248341947414
49,log_early_quest_social_events,-0.12204409022049673
49,log_early_craft_home_events,-0.09216197124669016
49,log_early_advanced_events,0.3628120991601476
49,log_early_chop_tree_events,-0.03930619772665493
49,log_early_mine_ore_events,0.4368471901971624
49,log_early_npc_talk_events,-0.06416535415450522
49,log_early_tutorial_step_events,0.023838178609358076
49,log_early_quest_offered_events,-0.12900977279822226
49,log_early_churn_score_events,-0.06806339665636799
49,log_early_session_summary_events,0.1183593330416136
49,log_early_session_time_events,0.09534019123978889
49,log_early_econ_tx_events,0.2507260150112676
49,log_early_zone_enter_events,0.5103011674738177
50,log_early_tracked_events,0.1679874012325663
50,log_early_actions,-0.016272484746622552
50,deliberate_share,0.01618718146377509
50,log_early_action_kinds,-0.07755139546284269
50,log_early_area_count,-0.12303391363716568
50,log_early_event_name_count,-0.12710627598377747
50,log_early_ga_auto_events,0.5086160367109812
50,log_early_entry_auth_events,0.26224775869163724
50,log_early_connect_ok_events,-0.08637751995167549
50,log_early_connect_fail_events,-0.46126367047242295
50,log_early_other_tracking_events,0.11834113764694551
50,ga_auto_share,0.020460470499345303
50,entry_auth_share,0.332849740208722
50,other_tracking_share,-0.08423346651978687
50,log_early_nature_events,0.049690111421517774
50,log_early_fishing_sea_events,0.2819595660157925
50,log_early_quest_social_events,-0.021500012793031077
50,log_early_craft_home_events,0.030736346754991595
50,log_early_advanced_events,0.4712084162786909
50,log_early_chop_tree_events,-0.08905361963227584
50,log_early_mine_ore_events,0.4782943314647182
50,log_early_npc_talk_events,0.030517171212496617
50,log_early_tutorial_step_events,-0.016409768749983254
50,log_early_quest_offered_events,-0.07394501238931427
50,log_early_churn_score_events,-0.10394487994022936
50,log_early_session_summary_events,-0.033926982023986044
50,log_early_session_time_events,0.5869338567242615
50,log_early_econ_tx_events,0.12410530956867082
50,log_early_zone_enter_events,0.4350230906531075
51,log_early_tracked_events,0.1639881897498097
51,log_early_actions,-0.0068184282653797725
51,deliberate_share,0.07757357848105717
51,log_early_action_kinds,-0.13034971206648244
51,log_early_area_count,-0.18701256775262506
51,log_early_event_name_count,-0.229259601609602
51,log_early_ga_auto_events,0.7281015159371625
51,log_early_entry_auth_events,0.3723636341802026
51,log_early_connect_ok_events,0.20820654520102885
51,log_early_connect_fail_events,-0.372692495762081
51,log_early_other_tracking_events,0.10839920821128284
51,ga_auto_share,0.018827440717919516
51,entry_auth_share,0.3745254116319549
51,other_tracking_share,-0.11613865745863128
51,log_early_nature_events,0.15194351611010184
51,log_early_fishing_sea_events,0.15114247368040365
51,log_early_quest_social_events,-0.08948760123428559
51,log_early_craft_home_events,-0.13459683366582084
51,log_early_advanced_events,0.13970382079207527
51,log_early_chop_tree_events,0.15089585331007224
51,log_early_mine_ore_events,0.4500278344252078
51,log_early_npc_talk_events,-0.01628631315818371
51,log_early_tutorial_step_events,-0.05374401379682158
51,log_early_quest_offered_events,-0.08974265032570398
51,log_early_churn_score_events,-0.19603252506177354
51,log_early_session_summary_events,0.08152601741670289
51,log_early_session_time_events,0.3817904264500445
51,log_early_econ_tx_events,0.2722302509196975
51,log_early_zone_enter_events,0.3203435336199099
52,log_early_tracked_events,0.14512628322999888
52,log_early_actions,0.05656907834846055
52,deliberate_share,0.14363338076693397
52,log_early_action_kinds,-0.08784200624097464
52,log_early_area_count,-0.07483987068364616
52,log_early_event_name_count,-0.12164628943203945
52,log_early_ga_auto_events,0.5242321351411268
52,log_early_entry_auth_events,0.2963739373286158
52,log_early_connect_ok_events,0.21486196127126292
52,log_early_connect_fail_events,-0.3535521026656629
52,log_early_other_tracking_events,0.13217930509861492
52,ga_auto_share,-0.0407436007077452
52,entry_auth_share,0.3315930065178655
52,other_tracking_share,-0.09405760837229699
52,log_early_nature_events,0.08788041542778632
52,log_early_fishing_sea_events,0.4793591952109166
52,log_early_quest_social_events,-0.025476149390752875
52,log_early_craft_home_events,-0.13161547280634642
52,log_early_advanced_events,0.368124378477445
52,log_early_chop_tree_events,0.12569652416743599
52,log_early_mine_ore_events,0.2971935848858541
52,log_early_npc_talk_events,-0.04096500552331138
52,log_early_tutorial_step_events,-0.2864315911393441
52,log_early_quest_offered_events,-0.09552672596832366
52,log_early_churn_score_events,-0.16511261598000163
52,log_early_session_summary_events,-0.032517149695013875
52,log_early_session_time_events,0.38427593259367604
52,log_early_econ_tx_events,0.30802631108922335
52,log_early_zone_enter_events,0.47479451153050484
53,log_early_tracked_events,0.17876148035388423
53,log_early_actions,0.016511521041638666
53,deliberate_share,0.11053977574367874
53,log_early_action_kinds,-0.11250782084357555
53,log_early_area_count,-0.08199431023449583
53,log_early_event_name_count,-0.09436458788264963
53,log_early_ga_auto_events,0.8154090621526505
53,log_early_entry_auth_events,0.21041341823362555
53,log_early_connect_ok_events,0.24950901233260517
53,log_early_connect_fail_events,-0.37274003676302464
53,log_early_other_tracking_events,0.1397322164632029
53,ga_auto_share,0.03166164929013824
53,entry_auth_share,-0.07584904177500923
53,other_tracking_share,-0.05847893808640817
53,log_early_nature_events,0.09461170878357063
53,log_early_fishing_sea_events,0.4706217588360725
53,log_early_quest_social_events,-0.12001381170585528
53,log_early_craft_home_events,-0.14286572715266424
53,log_early_advanced_events,0.3515478822507587
53,log_early_chop_tree_events,0.06533252720958714
53,log_early_mine_ore_events,0.3141749584138357
53,log_early_npc_talk_events,-0.08115922471564271
53,log_early_tutorial_step_events,-0.18881129964876694
53,log_early_quest_offered_events,-0.16098252201829077
53,log_early_churn_score_events,-0.11267510416054866
53,log_early_session_summary_events,-0.09493311367616561
53,log_early_session_time_events,0.18778705122720543
53,log_early_econ_tx_events,0.31974400037213746
53,log_early_zone_enter_events,0.5479090093622222
54,log_early_tracked_events,0.15916003132040202
54,log_early_actions,-0.020369308843121985
54,deliberate_share,0.01706013234156771
54,log_early_action_kinds,-0.10949302849343598
54,log_early_area_count,-0.18286008992560193
54,log_early_event_name_count,-0.19231582978069617
54,log_early_ga_auto_events,0.5884920621073004
54,log_early_entry_auth_events,0.3463101193781226
54,log_early_connect_ok_events,0.16380188220382952
54,log_early_connect_fail_events,-0.32879804156051856
54,log_early_other_tracking_events,0.1313505446327881
54,ga_auto_share,0.02279308455344334
54,entry_auth_share,0.3406871530643086
54,other_tracking_share,-0.0898584304840373
54,log_early_nature_events,0.0689835308917632
54,log_early_fishing_sea_events,0.25318350325717803
54,log_early_quest_social_events,0.029176373080894245
54,log_early_craft_home_events,-0.038653475262591795
54,log_early_advanced_events,0.4418428901154785
54,log_early_chop_tree_events,-0.026021247533677006
54,log_early_mine_ore_events,0.4228983072960836
54,log_early_npc_talk_events,0.02998796625429435
54,log_early_tutorial_step_events,-0.16228534106003895
54,log_early_quest_offered_events,-0.03497700154176025
54,log_early_churn_score_events,-0.12288680812291496
54,log_early_session_summary_events,-0.014099369015903605
54,log_early_session_time_events,0.4486689643169277
54,log_early_econ_tx_events,0.3267763376324711
54,log_early_zone_enter_events,0.4027734161856233
55,log_early_tracked_events,0.14456548134012231
55,log_early_actions,0.057129576767611066
55,deliberate_share,0.09762268082773945
55,log_early_action_kinds,-0.04515669399521157
55,log_early_area_count,-0.11498272899486425
55,log_early_event_name_count,-0.1619803425891395
55,log_early_ga_auto_events,0.3389850170184539
55,log_early_entry_auth_events,0.4121120504835232
55,log_early_connect_ok_events,0.09579756661882026
55,log_early_connect_fail_events,-0.326185109859769
55,log_early_other_tracking_events,0.05043963469777707
55,ga_auto_share,0.04561351948554262
55,entry_auth_share,0.46233051046297186
55,other_tracking_share,-0.20873060895003334
55,log_early_nature_events,0.15140818482365323
55,log_early_fishing_sea_events,0.4574313092712022
55,log_early_quest_social_events,-0.014891395306204758
55,log_early_craft_home_events,-0.06564682970515093
55,log_early_advanced_events,0.3450883776987152
55,log_early_chop_tree_events,0.12098110306734836
55,log_early_mine_ore_events,0.4918408210463527
55,log_early_npc_talk_events,0.03233584944753855
55,log_early_tutorial_step_events,0.0033291281340665515
55,log_early_quest_offered_events,-0.05100438079585071
55,log_early_churn_score_events,-0.17632834596656954
55,log_early_session_summary_events,0.2244998880822654
55,log_early_session_time_events,0.2786985080969723
55,log_early_econ_tx_events,-0.010913748399070767
55,log_early_zone_enter_events,0.4614359998478075
56,log_early_tracked_events,0.14131124362394445
56,log_early_actions,-0.007294041458972457
56,deliberate_share,0.0648580592745988
56,log_early_action_kinds,-0.12560725821716123
56,log_early_area_count,-0.11306825973713636
56,log_early_event_name_count,-0.21097111555254158
56,log_early_ga_auto_events,0.71689846066344
56,log_early_entry_auth_events,0.3683551528829035
56,log_early_connect_ok_events,0.1856048563935997
56,log_early_connect_fail_events,-0.3620639843912416
56,log_early_other_tracking_events,0.12125003726022625
56,ga_auto_share,0.01249559941091748
56,entry_auth_share,0.34095879714914573
56,other_tracking_share,-0.09578949743138715
56,log_early_nature_events,0.12857039646853283
56,log_early_fishing_sea_events,0.14387204076086327
56,log_early_quest_social_events,-0.1491926725573093
56,log_early_craft_home_events,-0.10187133179982359
56,log_early_advanced_events,0.27334517382627194
56,log_early_chop_tree_events,0.022790991623649937
56,log_early_mine_ore_events,0.393222278431384
56,log_early_npc_talk_events,-0.06060619357258195
56,log_early_tutorial_step_events,0.0266987187907431
56,log_early_quest_offered_events,-0.11536274628964859
56,log_early_churn_score_events,-0.11490766306155217
56,log_early_session_summary_events,0.05541406611964778
56,log_early_session_time_events,0.4565460872183026
56,log_early_econ_tx_events,0.31485308469419854
56,log_early_zone_enter_events,0.2751127646207313
57,log_early_tracked_events,0.17504253965189842
57,log_early_actions,-0.02678781242907358
57,deliberate_share,0.01582264724435781
57,log_early_action_kinds,-0.12212527251969023
57,log_early_area_count,-0.16685288378039576
57,log_early_event_name_count,-0.228334036170438
57,log_early_ga_auto_events,0.4629584907545792
57,log_early_entry_auth_events,0.4412675624301474
57,log_early_connect_ok_events,0.16139980416766705
57,log_early_connect_fail_events,-0.44605954111825347
57,log_early_other_tracking_events,0.1490709059357128
57,ga_auto_share,-0.0006912353072247532
57,entry_auth_share,0.4237754589986785
57,other_tracking_share,-0.08287344870910378
57,log_early_nature_events,0.08111054386571503
57,log_early_fishing_sea_events,0.2890410714083467
57,log_early_quest_social_events,-0.009820569348331594
57,log_early_craft_home_events,-0.08385610014891501
57,log_early_advanced_events,0.46475163079223913
57,log_early_chop_tree_events,-0.005312557209503404
57,log_early_mine_ore_events,0.42274437123887015
57,log_early_npc_talk_events,0.031721178439590304
57,log_early_tutorial_step_events,-0.13794306468465636
57,log_early_quest_offered_events,-0.08947200970624822
57,log_early_churn_score_events,-0.06377889971563774
57,log_early_session_summary_events,0.04674725886782648
57,log_early_session_time_events,0.327758671460863
57,log_early_econ_tx_events,0.2908368433559413
57,log_early_zone_enter_events,0.4682829508999468
58,log_early_tracked_events,0.13693226636669797
58,log_early_actions,-0.01448418967320043
58,deliberate_share,-0.0034327059180884706
58,log_early_action_kinds,-0.06987769343981333
58,log_early_area_count,-0.13159268517482678
58,log_early_event_name_count,-0.19480884987645256
58,log_early_ga_auto_events,0.7364547938675898
58,log_early_entry_auth_events,0.35594138299335937
58,log_early_connect_ok_events,0.21992913200731587
58,log_early_connect_fail_events,-0.3903804988082383
58,log_early_other_tracking_events,0.07845686241061944
58,ga_auto_share,0.041598855528411485
58,entry_auth_share,0.38917721199939337
58,other_tracking_share,-0.09735764680194274
58,log_early_nature_events,0.11671860439268737
58,log_early_fishing_sea_events,0.3235276093030577
58,log_early_quest_social_events,-0.14264079324821718
58,log_early_craft_home_events,-0.051956949251781875
58,log_early_advanced_events,0.3368630916613468
58,log_early_chop_tree_events,0.008161143718533569
58,log_early_mine_ore_events,0.3690020370803057
58,log_early_npc_talk_events,-0.0664006905763276
58,log_early_tutorial_step_events,0.012272743866459504
58,log_early_quest_offered_events,-0.1307750148677209
58,log_early_churn_score_events,-0.044979923905132384
58,log_early_session_summary_events,0.010997542666127938
58,log_early_session_time_events,0.2998029993866551
58,log_early_econ_tx_events,0.2654475565664439
58,log_early_zone_enter_events,0.44310498231953943
59,log_early_tracked_events,0.1806837245617547
59,log_early_actions,0.019422884616855866
59,deliberate_share,0.08385112919579207
59,log_early_action_kinds,-0.14001525857937946
59,log_early_area_count,-0.14095734309308294
59,log_early_event_name_count,-0.11599212311843213
59,log_early_ga_auto_events,0.8841667591334237
59,log_early_entry_auth_events,0.2652563469624718
59,log_early_connect_ok_events,0.270786374114762
59,log_early_connect_fail_events,-0.2063595149966914
59,log_early_other_tracking_events,0.1252375083739872
59,ga_auto_share,0.07783090773839617
59,entry_auth_share,-0.11887198682881318
59,other_tracking_share,-0.10350587939275317
59,log_early_nature_events,0.09578565724175131
59,log_early_fishing_sea_events,0.24285643265891307
59,log_early_quest_social_events,-0.018668181938660808
59,log_early_craft_home_events,-0.18074209389825893
59,log_early_advanced_events,0.3696146370444584
59,log_early_chop_tree_events,0.03548148126840189
59,log_early_mine_ore_events,0.4455603367032866
59,log_early_npc_talk_events,0.01000903887865522
59,log_early_tutorial_step_events,-0.08491182328317273
59,log_early_quest_offered_events,-0.03122198821633064
59,log_early_churn_score_events,-0.18868198106461653
59,log_early_session_summary_events,0.01409784665623978
59,log_early_session_time_events,0.23948900435571807
59,log_early_econ_tx_events,0.2837981340839522
59,log_early_zone_enter_events,0.34601169693648015
60,log_early_tracked_events,0.14635225446342792
60,log_early_actions,0.048085639176733974
60,deliberate_share,0.14928216471214173
60,log_early_action_kinds,-0.06101928090496591
60,log_early_area_count,-0.10267884801869244
60,log_early_event_name_count,-0.10400747133134437
60,log_early_ga_auto_events,0.46904869106907077
60,log_early_entry_auth_events,0.20245387964135747
60,log_early_connect_ok_events,-0.025167798645735807
60,log_early_connect_fail_events,-0.4116473686661816
60,log_early_other_tracking_events,0.11408279950947545
60,ga_auto_share,-0.00751933116485705
60,entry_auth_share,0.3104303124334053
60,other_tracking_share,-0.105510719890489
60,log_early_nature_events,0.13799819178788747
60,log_early_fishing_sea_events,0.5465468947367732
60,log_early_quest_social_events,-0.09502449131757425
60,log_early_craft_home_events,-0.03125308489049182
60,log_early_advanced_events,0.1779757158076924
60,log_early_chop_tree_events,0.13798606598329669
60,log_early_mine_ore_events,0.36712007966272214
60,log_early_npc_talk_events,-0.06486034253942408
60,log_early_tutorial_step_events,-0.13131128494117952
60,log_early_quest_offered_events,-0.14696901776756913
60,log_early_churn_score_events,-0.2451236281523958
60,log_early_session_summary_events,0.05810349370675509
60,log_early_session_time_events,0.5554958673691963
60,log_early_econ_tx_events,0.11403082544373944
60,log_early_zone_enter_events,0.5172808288194406
61,log_early_tracked_events,0.16687946469103132
61,log_early_actions,0.03074718808067031
61,deliberate_share,0.1348264829330196
61,log_early_action_kinds,-0.13022605651831887
61,log_early_area_count,-0.09554973795818439
61,log_early_event_name_count,-0.1460434056818601
61,log_early_ga_auto_events,0.6283663934295689
61,log_early_entry_auth_events,0.31816365107336664
61,log_early_connect_ok_events,0.15125858554951582
61,log_early_connect_fail_events,-0.4665067864340538
61,log_early_other_tracking_events,0.15675249205904512
61,ga_auto_share,-0.04510371038825986
61,entry_auth_share,0.34427835923302275
61,other_tracking_share,-0.07470809099370535
61,log_early_nature_events,0.13979756148059821
61,log_early_fishing_sea_events,0.39585926957292455
61,log_early_quest_social_events,-0.11094315890810522
61,log_early_craft_home_events,-0.19853079384431882
61,log_early_advanced_events,0.26898957235588083
61,log_early_chop_tree_events,0.09961978772587127
61,log_early_mine_ore_events,0.31461520456028996
61,log_early_npc_talk_events,-0.058740998692838185
61,log_early_tutorial_step_events,-0.14084119890538385
61,log_early_quest_offered_events,-0.13364332901422613
61,log_early_churn_score_events,-0.16457418340825636
61,log_early_session_summary_events,-0.0922402779106715
61,log_early_session_time_events,0.3363892118465267
61,log_early_econ_tx_events,0.32584827835825037
61,log_early_zone_enter_events,0.4287595010475742
62,log_early_tracked_events,0.15919241430461373
62,log_early_actions,0.015393029865609819
62,deliberate_share,0.09113183192325913
62,log_early_action_kinds,-0.07684477537544072
62,log_early_area_count,-0.1831683855242941
62,log_early_event_name_count,-0.15163403873919287
62,log_early_ga_auto_events,0.5894223715158391
62,log_early_entry_auth_events,0.2964475931052407
62,log_early_connect_ok_events,0.046814194931386374
62,log_early_connect_fail_events,-0.44493897410417926
62,log_early_other_tracking_events,0.0941155431008384
62,ga_auto_share,0.03014030383375293
62,entry_auth_share,0.38107901939240335
62,other_tracking_share,-0.1402416099127989
62,log_early_nature_events,0.13998555800317355
62,log_early_fishing_sea_events,0.4728241198803258
62,log_early_quest_social_events,-0.039233997068133214
62,log_early_craft_home_events,-0.07192849991266585
62,log_early_advanced_events,0.29292069684586297
62,log_early_chop_tree_events,0.10670434425518457
62,log_early_mine_ore_events,0.41011352506095716
62,log_early_npc_talk_events,-0.006676136780470381
62,log_early_tutorial_step_events,-0.01026390077082804
62,log_early_quest_offered_events,-0.1149485232025427
62,log_early_churn_score_events,-0.19055465504228036
62,log_early_session_summary_events,0.03832764817472313
62,log_early_session_time_events,0.5341922610289237
62,log_early_econ_tx_events,0.05965354364318006
62,log_early_zone_enter_events,0.44313120025547725
63,log_early_tracked_events,0.15970564818942046
63,log_early_actions,-0.024009221212753694
63,deliberate_share,-0.053284594286831376
63,log_early_action_kinds,-0.0577282644660519
63,log_early_area_count,-0.08581492300806508
63,log_early_event_name_count,-0.17115970113879134
63,log_early_ga_auto_events,0.6366930967765552
63,log_early_entry_auth_events,0.39515811112544497
63,log_early_connect_ok_events,0.2193162238908198
63,log_early_connect_fail_events,-0.10762913945049017
63,log_early_other_tracking_events,0.13248962121322816
63,ga_auto_share,0.03662475577398933
63,entry_auth_share,0.299711955366603
63,other_tracking_share,-0.07069659380729883
63,log_early_nature_events,0.025845525355466296
63,log_early_fishing_sea_events,0.17809152144073215
63,log_early_quest_social_events,-0.0019911511975316486
63,log_early_craft_home_events,0.010957533794908773
63,log_early_advanced_events,0.43423236573541524
63,log_early_chop_tree_events,-0.020385245262849055
63,log_early_mine_ore_events,0.2768556200386453
63,log_early_npc_talk_events,0.00958585381961367
63,log_early_tutorial_step_events,-0.1326779699330655
63,log_early_quest_offered_events,-0.011360945826540287
63,log_early_churn_score_events,-0.08652633778660784
63,log_early_session_summary_events,-0.008813065615970865
63,log_early_session_time_events,0.567920119560908
63,log_early_econ_tx_events,0.31652216904119584
63,log_early_zone_enter_events,0.3312787541309886
64,log_early_tracked_events,0.13718506565459318
64,log_early_actions,0.008836939530316426
64,deliberate_share,0.04818562928920299
64,log_early_action_kinds,-0.12126590312567409
64,log_early_area_count,-0.12610163301785732
64,log_early_event_name_count,-0.16414422018245411
64,log_early_ga_auto_events,0.6955151424428987
64,log_early_entry_auth_events,0.2893435966660725
64,log_early_connect_ok_events,0.29547538884023833
64,log_early_connect_fail_events,-0.2546514272748536
64,log_early_other_tracking_events,0.07526982473999387
64,ga_auto_share,0.09887186066486439
64,entry_auth_share,-0.06045246113045711
64,other_tracking_share,-0.12108114414322554
64,log_early_nature_events,0.11288539832604799
64,log_early_fishing_sea_events,0.36838672382738846
64,log_early_quest_social_events,-0.08616334805918872
64,log_early_craft_home_events,-0.09938412958266768
64,log_early_advanced_events,0.4500656946877551
64,log_early_chop_tree_events,-0.0045814520283945
64,log_early_mine_ore_events,0.49798205929923633
64,log_early_npc_talk_events,-0.016278053188406513
64,log_early_tutorial_step_events,-0.04344342317884629
64,log_early_quest_offered_events,-0.0771573536546242
64,log_early_churn_score_events,-0.07760584566289226
64,log_early_session_summary_events,0.17559546623023486
64,log_early_session_time_events,0.00860869734319926
64,log_early_econ_tx_events,0.305539482960581
64,log_early_zone_enter_events,0.518548401993658
65,log_early_tracked_events,0.11238999737004743
65,log_early_actions,0.002745565084673426
65,deliberate_share,0.05138346949397054
65,log_early_action_kinds,-0.10943222145942423
65,log_early_area_count,-0.14602123911898846
65,log_early_event_name_count,-0.19799883868527443
65,log_early_ga_auto_events,0.5637524614787118
65,log_early_entry_auth_events,0.43763904904345446
65,log_early_connect_ok_events,0.31559093783681463
65,log_early_connect_fail_events,-0.3271700327137481
65,log_early_other_tracking_events,0.09430010922927529
65,ga_auto_share,-0.003564547376263239
65,entry_auth_share,0.4097551216054895
65,other_tracking_share,-0.11004385769179992
65,log_early_nature_events,0.13967573476390663
65,log_early_fishing_sea_events,0.4077709371830703
65,log_early_quest_social_events,-0.08058344028336667
65,log_early_craft_home_events,-0.06300022417586686
65,log_early_advanced_events,0.27832895175311667
65,log_early_chop_tree_events,0.04755848816283772
65,log_early_mine_ore_events,0.3960921311692285
65,log_early_npc_talk_events,-0.012142377951552567
65,log_early_tutorial_step_events,-0.014570989950257894
65,log_early_quest_offered_events,-0.080301605279039
65,log_early_churn_score_events,-0.061200536008504135
65,log_early_session_summary_events,-0.0545771886337298
65,log_early_session_time_events,0.3417097737616616
65,log_early_econ_tx_events,0.19064387447936396
65,log_early_zone_enter_events,0.456056542286976
66,log_early_tracked_events,0.15970331252824166
66,log_early_actions,0.006485933496770489
66,deliberate_share,0.10751783859109248
66,log_early_action_kinds,-0.1346378314487418
66,log_early_area_count,-0.10561698053993174
66,log_early_event_name_count,-0.1338492118856536
66,log_early_ga_auto_events,0.8041020957498521
66,log_early_entry_auth_events,0.1797369855226197
66,log_early_connect_ok_events,0.1791733941132568
66,log_early_connect_fail_events,-0.31906964123136927
66,log_early_other_tracking_events,0.10131301543142361
66,ga_auto_share,0.06903611891228807
66,entry_auth_share,-0.11516949722910355
66,other_tracking_share,-0.0908066988415497
66,log_early_nature_events,0.09608391097097735
66,log_early_fishing_sea_events,0.3828792634660574
66,log_early_quest_social_events,-0.1257798995733795
66,log_early_craft_home_events,-0.06964959343574315
66,log_early_advanced_events,0.33157743495198494
66,log_early_chop_tree_events,0.021363260552185202
66,log_early_mine_ore_events,0.42440019817642105
66,log_early_npc_talk_events,-0.06874914754632518
66,log_early_tutorial_step_events,-0.13110880228223268
66,log_early_quest_offered_events,-0.1276279857667676
66,log_early_churn_score_events,-0.1749654715067461
66,log_early_session_summary_events,0.09021102710541128
66,log_early_session_time_events,0.17228797989593111
66,log_early_econ_tx_events,0.43478710720880925
66,log_early_zone_enter_events,0.5372404003218716
67,log_early_tracked_events,0.20965256288119535
67,log_early_actions,-0.03950135094561177
67,deliberate_share,-0.009974487790706124
67,log_early_action_kinds,-0.12254790927713355
67,log_early_area_count,-0.23986088210390366
67,log_early_event_name_count,-0.1808797292946142
67,log_early_ga_auto_events,0.5756688615763461
67,log_early_entry_auth_events,0.3588101635675595
67,log_early_connect_ok_events,0.1506500755615972
67,log_early_connect_fail_events,-0.35332436779439935
67,log_early_other_tracking_events,0.17383164842040238
67,ga_auto_share,0.020051719676116762
67,entry_auth_share,0.3283766814140445
67,other_tracking_share,-0.0634547025776713
67,log_early_nature_events,0.04658716192652238
67,log_early_fishing_sea_events,0.31825228016955426
67,log_early_quest_social_events,0.036546477964954284
67,log_early_craft_home_events,-0.07311190891863088
67,log_early_advanced_events,0.366862464311592
67,log_early_chop_tree_events,0.004591342201624062
67,log_early_mine_ore_events,0.4256457289228319
67,log_early_npc_talk_events,0.04632870918684918
67,log_early_tutorial_step_events,-0.14646064900854638
67,log_early_quest_offered_events,-0.07490250302712452
67,log_early_churn_score_events,-0.17917544579848582
67,log_early_session_summary_events,-0.026454242469726635
67,log_early_session_time_events,0.37248178462563036
67,log_early_econ_tx_events,0.37191539805886015
67,log_early_zone_enter_events,0.4206464599288552
68,log_early_tracked_events,0.12636212883643969
68,log_early_actions,0.036592762770722556
68,deliberate_share,0.09606721608091255
68,log_early_action_kinds,-0.06890608331756938
68,log_early_area_count,-0.09653693075756009
68,log_early_event_name_count,-0.10770205115994715
68,log_early_ga_auto_events,0.5620737021258652
68,log_early_entry_auth_events,0.24234728491231794
68,log_early_connect_ok_events,0.014035863856372987
68,log_early_connect_fail_events,-0.4544583930651342
68,log_early_other_tracking_events,0.09632296638927476
68,ga_auto_share,0.018903628811462073
68,entry_auth_share,0.32782052147290347
68,other_tracking_share,-0.12094475213803613
68,log_early_nature_events,0.14971714350861098
68,log_early_fishing_sea_events,0.3662429112159444
68,log_early_quest_social_events,-0.07420344243196803
68,log_early_craft_home_events,-0.11665533212246919
68,log_early_advanced_events,0.42778575353340076
68,log_early_chop_tree_events,0.09755968460125083
68,log_early_mine_ore_events,0.3602989061834149
68,log_early_npc_talk_events,-0.027938885353004587
68,log_early_tutorial_step_events,-0.029058204292615592
68,log_early_quest_offered_events,-0.07835744443841021
68,log_early_churn_score_events,-0.043097624568271625
68,log_early_session_summary_events,0.07176962152445752
68,log_early_session_time_events,0.5580477202089801
68,log_early_econ_tx_events,0.017684793726818866
68,log_early_zone_enter_events,0.35119102413533465
69,log_early_tracked_events,0.17283731915914258
69,log_early_actions,-0.06016556176524225
69,deliberate_share,0.012601788791226972
69,log_early_action_kinds,-0.15910103332550599
69,log_early_area_count,-0.28362863250419873
69,log_early_event_name_count,-0.23359762933593814
69,log_early_ga_auto_events,0.5453551760025961
69,log_early_entry_auth_events,0.2863599590479154
69,log_early_connect_ok_events,0.15408428449496078
69,log_early_connect_fail_events,-0.4377631603496141
69,log_early_other_tracking_events,0.1417583271532109
69,ga_auto_share,0.011653347569421525
69,entry_auth_share,0.3848994331176066
69,other_tracking_share,-0.06510736635701816
69,log_early_nature_events,0.08759924855303014
69,log_early_fishing_sea_events,0.2092978490542713
69,log_early_quest_social_events,0.015539812156803662
69,log_early_craft_home_events,0.04125636505481869
69,log_early_advanced_events,0.35269773845601055
69,log_early_chop_tree_events,0.05088720355904526
69,log_early_mine_ore_events,0.43391065919867056
69,log_early_npc_talk_events,0.05399412689022756
69,log_early_tutorial_step_events,-0.23327950926136706
69,log_early_quest_offered_events,-0.06129305535570699
69,log_early_churn_score_events,-0.17896549868589892
69,log_early_session_summary_events,-0.013312210658221081
69,log_early_session_time_events,0.46744079533645916
69,log_early_econ_tx_events,0.39820828698341154
69,log_early_zone_enter_events,0.42398775015430845
70,log_early_tracked_events,0.15191611450888326
70,log_early_actions,0.034980484311990794
70,deliberate_share,0.0746433762710996
70,log_early_action_kinds,-0.06807339126835496
70,log_early_area_count,-0.05079135488138351
70,log_early_event_name_count,-0.15460790298428473
70,log_early_ga_auto_events,0.6138410292898108
70,log_early_entry_auth_events,0.45256518105832627
70,log_early_connect_ok_events,0.18748699455134574
70,log_early_connect_fail_events,-0.061899062087510975
70,log_early_other_tracking_events,0.1456742069985827
70,ga_auto_share,-0.011962498148002857
70,entry_auth_share,0.3096182024070245
70,other_tracking_share,-0.07925903147843134
70,log_early_nature_events,0.08186350978307007
70,log_early_fishing_sea_events,0.48600815550474685
70,log_early_quest_social_events,-0.07537177869841671
70,log_early_craft_home_events,-0.05552153025536946
70,log_early_advanced_events,0.22688812688324025
70,log_early_chop_tree_events,0.030766657449235756
70,log_early_mine_ore_events,0.3057615072914515
70,log_early_npc_talk_events,-0.03649627660486294
70,log_early_tutorial_step_events,-0.06560876701415354
70,log_early_quest_offered_events,-0.1041917894377633
70,log_early_churn_score_events,-0.26534965364145124
70,log_early_session_summary_events,-0.11607584392005427
70,log_early_session_time_events,0.47883041989332015
70,log_early_econ_tx_events,0.29850011752075
70,log_early_zone_enter_events,0.43507615089605906
71,log_early_tracked_events,0.1861465159251595
71,log_early_actions,0.018124853660853243
71,deliberate_share,0.03330202938057901
71,log_early_action_kinds,-0.053343301113407
71,log_early_area_count,-0.11624300559771453
71,log_early_event_name_count,-0.04274116877913643
71,log_early_ga_auto_events,0.8088767283588975
71,log_early_entry_auth_events,0.17988748639218047
71,log_early_connect_ok_events,0.08838121106869215
71,log_early_connect_fail_events,-0.3756769777260115
71,log_early_other_tracking_events,0.11647085965278946
71,ga_auto_share,0.10205712228852547
71,entry_auth_share,-0.13087992209260219
71,other_tracking_share,-0.09427356623810404
71,log_early_nature_events,0.11717598214856238
71,log_early_fishing_sea_events,0.3976271707068267
71,log_early_quest_social_events,-0.09540787669695508
71,log_early_craft_home_events,-0.22457596115605805
71,log_early_advanced_events,0.4281296275788804
71,log_early_chop_tree_events,0.05137965547453062
71,log_early_mine_ore_events,0.361706557859404
71,log_early_npc_talk_events,-0.04654919982280031
71,log_early_tutorial_step_events,0.049222760440699044
71,log_early_quest_offered_events,-0.13765857269135753
71,log_early_churn_score_events,-0.0849591052759256
71,log_early_session_summary_events,0.08245395285121249
71,log_early_session_time_events,0.2549941894046593
71,log_early_econ_tx_events,0.10076162347940622
71,log_early_zone_enter_events,0.5282972628909633
72,log_early_tracked_events,0.13557346236522036
72,log_early_actions,0.017148162871576927
72,deliberate_share,0.09616349722052932
72,log_early_action_kinds,-0.11951019375043131
72,log_early_area_count,-0.11903537966075739
72,log_early_event_name_count,-0.231218136977269
72,log_early_ga_auto_events,0.5482031745124902
72,log_early_entry_auth_events,0.4483213757542913
72,log_early_connect_ok_events,0.2545884204018714
72,log_early_connect_fail_events,-0.4134726001149149
72,log_early_other_tracking_events,0.0996384586219781
72,ga_auto_share,-0.0032035939956166822
72,entry_auth_share,0.43805266542194254
72,other_tracking_share,-0.12249862164545305
72,log_early_nature_events,0.12756693220609636
72,log_early_fishing_sea_events,0.2697775387490634
72,log_early_quest_social_events,-0.07296034565034973
72,log_early_craft_home_events,-0.07971463008503424
72,log_early_advanced_events,0.356143348425946
72,log_early_chop_tree_events,0.015364542345197713
72,log_early_mine_ore_events,0.4735946873165846
72,log_early_npc_talk_events,-0.01724896881494448
72,log_early_tutorial_step_events,-0.0524693372386161
72,log_early_quest_offered_events,-0.057991735795919375
72,log_early_churn_score_events,-0.06224774740327533
72,log_early_session_summary_events,0.144146623167981
72,log_early_session_time_events,0.29839911436947647
72,log_early_econ_tx_events,0.20631291299753432
72,log_early_zone_enter_events,0.33648018793921747
73,log_early_tracked_events,0.14379791627159594
73,log_early_actions,0.030041531776718425
73,deliberate_share,0.062297502401940194
73,log_early_action_kinds,-0.05190449325401805
73,log_early_area_count,-0.05359878938557403
73,log_early_event_name_count,-0.07762333582780931
73,log_early_ga_auto_events,0.5436155314188651
73,log_early_entry_auth_events,0.28135552515931933
73,log_early_connect_ok_events,0.04506125820196367
73,log_early_connect_fail_events,-0.38809946427094966
73,log_early_other_tracking_events,0.09768464496560691
73,ga_auto_share,0.009184087798253778
73,entry_auth_share,0.3351204791733857
73,other_tracking_share,-0.1125771692529249
73,log_early_nature_events,0.15793236204698963
73,log_early_fishing_sea_events,0.41064520777802216
73,log_early_quest_social_events,-0.10155521459049564
73,log_early_craft_home_events,-0.10272966855556391
73,log_early_advanced_events,0.36525210849600476
73,log_early_chop_tree_events,0.10125134145174394
73,log_early_mine_ore_events,0.34524773238238887
73,log_early_npc_talk_events,-0.058404978442960206
73,log_early_tutorial_step_events,0.02035007465526622
73,log_early_quest_offered_events,-0.1108106421258742
73,log_early_churn_score_events,-0.005959236479812321
73,log_early_session_summary_events,0.04573003621140248
73,log_early_session_time_events,0.5460418403061335
73,log_early_econ_tx_events,0.06840483620024804
73,log_early_zone_enter_events,0.32942088237701284
74,log_early_tracked_events,0.16150558406159626
74,log_early_actions,0.009034982298202427
74,deliberate_share,0.05551133738938321
74,log_early_action_kinds,-0.11064246951100375
74,log_early_area_count,-0.195878245368237
74,log_early_event_name_count,-0.2151056215168874
74,log_early_ga_auto_events,0.6495352094054585
74,log_early_entry_auth_events,0.36888215506864547
74,log_early_connect_ok_events,0.2088183114930007
74,log_early_connect_fail_events,-0.3180652811577475
74,log_early_other_tracking_events,0.11297373939202406
74,ga_auto_share,0.03520204547095597
74,entry_auth_share,0.38002393325265477
74,other_tracking_share,-0.12312188931627285
74,log_early_nature_events,0.08136941430739046
74,log_early_fishing_sea_events,0.4134305155503401
74,log_early_quest_social_events,0.013031534456137743
74,log_early_craft_home_events,-0.10710763817519142
74,log_early_advanced_events,0.33976687790466464
74,log_early_chop_tree_events,0.08517589785560668
74,log_early_mine_ore_events,0.3857473287639028
74,log_early_npc_talk_events,0.043545966457082606
74,log_early_tutorial_step_events,-0.1566185958013633
74,log_early_quest_offered_events,-0.05159249162318292
74,log_early_churn_score_events,-0.23526065014410005
74,log_early_session_summary_events,0.013680720833662247
74,log_early_session_time_events,0.34938849163712554
74,log_early_econ_tx_events,0.29792367194931496
74,log_early_zone_enter_events,0.3912114291976263
75,log_early_tracked_events,0.15649638053436957
75,log_early_actions,0.020068207276586914
75,deliberate_share,0.09716686805018547
75,log_early_action_kinds,-0.10256297688912921
75,log_early_area_count,-0.13334980237094834
75,log_early_event_name_count,-0.22486038476103584
75,log_early_ga_auto_events,0.5083880997186317
75,log_early_entry_auth_events,0.40858022627490337
75,log_early_connect_ok_events,0.21426537041657526
75,log_early_connect_fail_events,-0.40928028489691887
75,log_early_other_tracking_events,0.11288705135600413
75,ga_auto_share,-0.007389754014717226
75,entry_auth_share,0.3980605314612128
75,other_tracking_share,-0.11669757965563693
75,log_early_nature_events,0.13819736475747982
75,log_early_fishing_sea_events,0.2027555544428078
75,log_early_quest_social_events,-0.10764702232928743
75,log_early_craft_home_events,-0.045832392414601235
75,log_early_advanced_events,0.3056673481752817
75,log_early_chop_tree_events,0.02959016577281909
75,log_early_mine_ore_events,0.45110783873609234
75,log_early_npc_talk_events,-0.045103171214818806
75,log_early_tutorial_step_events,-0.06574945689213335
75,log_early_quest_offered_events,-0.11141196485922013
75,log_early_churn_score_events,-0.18777304507449227
75,log_early_session_summary_events,0.09771421110696285
75,log_early_session_time_events,0.37103524859625664
75,log_early_econ_tx_events,0.25792133175129034
75,log_early_zone_enter_events,0.5183019282494649
76,log_early_tracked_events,0.1561561744741523
76,log_early_actions,-0.023223709700190793
76,deliberate_share,0.052691031941200624
76,log_early_action_kinds,-0.1351719800498593
76,log_early_area_count,-0.17380996712752603
76,log_early_event_name_count,-0.11397472969736046
76,log_early_ga_auto_events,0.9028040402666607
76,log_early_entry_auth_events,0.22330111618851567
76,log_early_connect_ok_events,0.2885801533503794
76,log_early_connect_fail_events,-0.3229530009418103
76,log_early_other_tracking_events,0.12395554073371376
76,ga_auto_share,0.06997125869655722
76,entry_auth_share,-0.11073693754259747
76,other_tracking_share,-0.06220753762066779
76,log_early_nature_events,0.0936040968726925
76,log_early_fishing_sea_events,0.37940603557732483
76,log_early_quest_social_events,-0.07433487031320242
76,log_early_craft_home_events,-0.1214888573967903
76,log_early_advanced_events,0.3498969887757621
76,log_early_chop_tree_events,-0.02039237737556298
76,log_early_mine_ore_events,0.41786558266451196
76,log_early_npc_talk_events,-0.026605195753478316
76,log_early_tutorial_step_events,-0.03342249155734397
76,log_early_quest_offered_events,-0.09243741474547859
76,log_early_churn_score_events,-0.06528499676024939
76,log_early_session_summary_events,-0.0649033860161972
76,log_early_session_time_events,0.15953707780217966
76,log_early_econ_tx_events,0.2879257608016345
76,log_early_zone_enter_events,0.47637479543167816
77,log_early_tracked_events,0.16766616674087623
77,log_early_actions,-0.029486192303021644
77,deliberate_share,0.05374955438374532
77,log_early_action_kinds,-0.14842481227966392
77,log_early_area_count,-0.23449770455700739
77,log_early_event_name_count,-0.24035877629586797
77,log_early_ga_auto_events,0.6418511398287453
77,log_early_entry_auth_events,0.35368326881459744
77,log_early_connect_ok_events,0.24785881671098967
77,log_early_connect_fail_events,-0.45214205512033834
77,log_early_other_tracking_events,0.15254147546727256
77,ga_auto_share,0.006629098368763044
77,entry_auth_share,0.3655116570133631
77,other_tracking_share,-0.08058101101579664
77,log_early_nature_events,0.11350460150665648
77,log_early_fishing_sea_events,0.42911271459632044
77,log_early_quest_social_events,-0.07194452843541578
77,log_early_craft_home_events,-0.03661555711139895
77,log_early_advanced_events,0.28378163334985107
77,log_early_chop_tree_events,0.067592516756889
77,log_early_mine_ore_events,0.41842391552521785
77,log_early_npc_talk_events,-0.022653450336262905
77,log_early_tutorial_step_events,-0.12481188838556193
77,log_early_quest_offered_events,-0.1159580570529929
77,log_early_churn_score_events,-0.14072477444747208
77,log_early_session_summary_events,-0.021017256393684385
77,log_early_session_time_events,0.4866489190430913
77,log_early_econ_tx_events,0.26274336221259437
77,log_early_zone_enter_events,0.3128096456888689
78,log_early_tracked_events,0.15280961005679572
78,log_early_actions,-0.03155131761241199
78,deliberate_share,-0.04099047098531534
78,log_early_action_kinds,-0.09778321002979815
78,log_early_area_count,-0.13673943738626004
78,log_early_event_name_count,-0.18087587752561274
78,log_early_ga_auto_events,0.5631370430308251
78,log_early_entry_auth_events,0.37336732720678567
78,log_early_connect_ok_events,0.16297277924157344
78,log_early_connect_fail_events,-0.16152127057505344
78,log_early_other_tracking_events,0.13855004424137982
78,ga_auto_share,0.01982622318486333
78,entry_auth_share,0.3152317209246401
78,other_tracking_share,-0.04989626570299599
78,log_early_nature_events,0.02926215011892989
78,log_early_fishing_sea_events,0.295536269192503
78,log_early_quest_social_events,0.0008731678840317905
78,log_early_craft_home_events,-0.030543607471905158
78,log_early_advanced_events,0.36833763657844176
78,log_early_chop_tree_events,-0.08593097467160014
78,log_early_mine_ore_events,0.41243186993177455
78,log_early_npc_talk_events,0.043832617509303895
78,log_early_tutorial_step_events,-0.08756280787850144
78,log_early_quest_offered_events,-0.048143034216838757
78,log_early_churn_score_events,-0.15355056776826417
78,log_early_session_summary_events,-0.02060824225380725
78,log_early_session_time_events,0.4966755314741092
78,log_early_econ_tx_events,0.372275870001292
78,log_early_zone_enter_events,0.4313095262283282
79,log_early_tracked_events,0.20981809990073838
79,log_early_actions,0.07274314653483144
79,deliberate_share,0.10575532822113973
79,log_early_action_kinds,-0.008337275218012166
79,log_early_area_count,-0.012215920183106145
79,log_early_event_name_count,-0.012121609914166439
79,log_early_ga_auto_events,0.76562155686468
79,log_early_entry_auth_events,0.15834669402724608
79,log_early_connect_ok_events,-0.02701654175472835
79,log_early_connect_fail_events,-0.3925108160640707
79,log_early_other_tracking_events,0.13085745321953748
79,ga_auto_share,0.06706078620280335
79,entry_auth_share,-0.11316976695738835
79,other_tracking_share,-0.07780174336561625
79,log_early_nature_events,0.1504853746809262
79,log_early_fishing_sea_events,0.45825803193610126
79,log_early_quest_social_events,-0.1503960481092347
79,log_early_craft_home_events,-0.1825044694547189
79,log_early_advanced_events,0.37623509115044357
79,log_early_chop_tree_events,0.12966108635677265
79,log_early_mine_ore_events,0.29062661165440024
79,log_early_npc_talk_events,-0.098629533810117
79,log_early_tutorial_step_events,-0.04006246324179114
79,log_early_quest_offered_events,-0.1835712373723119
79,log_early_churn_score_events,-0.1633682969881187
79,log_early_session_summary_events,0.05729326835287735
79,log_early_session_time_events,0.24966339657598013
79,log_early_econ_tx_events,0.1401724207974812
79,log_early_zone_enter_events,0.5666445357817301
80,log_early_tracked_events,0.11608980150368249
80,log_early_actions,0.026937771523872996
80,deliberate_share,0.11718176151079618
80,log_early_action_kinds,-0.1227611900429374
80,log_early_area_count,-0.12944814627588178
80,log_early_event_name_count,-0.19782311652612813
80,log_early_ga_auto_events,0.5309910689158358
80,log_early_entry_auth_events,0.4259238421325614
80,log_early_connect_ok_events,0.32720647194986235
80,log_early_connect_fail_events,-0.3683733785432328
80,log_early_other_tracking_events,0.07102587725759624
80,ga_auto_share,-0.009688855805627818
80,entry_auth_share,0.4429855550335489
80,other_tracking_share,-0.15255228670420176
80,log_early_nature_events,0.13639786000062082
80,log_early_fishing_sea_events,0.2433880389304982
80,log_early_quest_social_events,-0.042681350306019265
80,log_early_craft_home_events,-0.10967875993539537
80,log_early_advanced_events,0.3429118189534295
80,log_early_chop_tree_events,0.06404979958159356
80,log_early_mine_ore_events,0.48158123310893997
80,log_early_npc_talk_events,0.0014561310414931484
80,log_early_tutorial_step_events,-0.07470804461225426
80,log_early_quest_offered_events,-0.03551340359056219
80,log_early_churn_score_events,-0.08381455015546876
80,log_early_session_summary_events,0.0417554213291742
80,log_early_session_time_events,0.2484636152033351
80,log_early_econ_tx_events,0.17218539166054797
80,log_early_zone_enter_events,0.4406331045016306
81,log_early_tracked_events,0.1484595127954935
81,log_early_actions,0.06788538134134924
81,deliberate_share,0.157809303808796
81,log_early_action_kinds,-0.05436494755815599
81,log_early_area_count,-0.1624590688734956
81,log_early_event_name_count,-0.048004959151418385
81,log_early_ga_auto_events,0.5119017734209036
81,log_early_entry_auth_events,0.21546572759400778
81,log_early_connect_ok_events,0.10020644124864748
81,log_early_connect_fail_events,-0.36349866848305523
81,log_early_other_tracking_events,0.11558985047890466
81,ga_auto_share,-0.024999235292053678
81,entry_auth_share,0.339024400560447
81,other_tracking_share,-0.12609495060370254
81,log_early_nature_events,0.20595728101759192
81,log_early_fishing_sea_events,0.4484770954705538
81,log_early_quest_social_events,-0.02284155378671758
81,log_early_craft_home_events,-0.1371362377568473
81,log_early_advanced_events,0.23475608402774686
81,log_early_chop_tree_events,0.16044948930471595
81,log_early_mine_ore_events,0.421470040912727
81,log_early_npc_talk_events,0.010019902891647656
81,log_early_tutorial_step_events,0.0206005100838738
81,log_early_quest_offered_events,-0.08366869928860088
81,log_early_churn_score_events,-0.1963683911307515
81,log_early_session_summary_events,-0.28554937342698705
81,log_early_session_time_events,0.42244720198266783
81,log_early_econ_tx_events,0.05998532463247869
81,log_early_zone_enter_events,0.43840599017426696
82,log_early_tracked_events,0.14487220253210123
82,log_early_actions,0.003262396076628573
82,deliberate_share,-0.01573941408756661
82,log_early_action_kinds,-0.07729530846874247
82,log_early_area_count,-0.11477776585515305
82,log_early_event_name_count,-0.12532706059808002
82,log_early_ga_auto_events,0.8352427429375759
82,log_early_entry_auth_events,0.28115622211532226
82,log_early_connect_ok_events,0.3185555066508452
82,log_early_connect_fail_events,-0.08681412021541217
82,log_early_other_tracking_events,0.1007972433496286
82,ga_auto_share,0.12256247915193456
82,entry_auth_share,-0.153572232736338
82,other_tracking_share,-0.08527642426497416
82,log_early_nature_events,0.10132092610314979
82,log_early_fishing_sea_events,0.30099461664015953
82,log_early_quest_social_events,-0.07034509088076785
82,log_early_craft_home_events,-0.11154570476810319
82,log_early_advanced_events,0.357745418183014
82,log_early_chop_tree_events,0.06395192609229701
82,log_early_mine_ore_events,0.3245978522718882
82,log_early_npc_talk_events,-0.01755901672547103
82,log_early_tutorial_step_events,-0.018550186726482426
82,log_early_quest_offered_events,-0.04951380941327533
82,log_early_churn_score_events,-0.042020535759539374
82,log_early_session_summary_events,0.09945118612043205
82,log_early_session_time_events,0.326475329497113
82,log_early_econ_tx_events,0.3085023496037197
82,log_early_zone_enter_events,0.43345691118826013
83,log_early_tracked_events,0.1540652317967061
83,log_early_actions,-0.025924543724085845
83,deliberate_share,0.07646138336480109
83,log_early_action_kinds,-0.13829382487426425
83,log_early_area_count,-0.1564391644318141
83,log_early_event_name_count,-0.23384740920701924
83,log_early_ga_auto_events,0.7724898627985756
83,log_early_entry_auth_events,0.37667456103665403
83,log_early_connect_ok_events,0.16620097340860104
83,log_early_connect_fail_events,-0.47412914112765797
83,log_early_other_tracking_events,0.11173363455905859
83,ga_auto_share,0.0015615515105618454
83,entry_auth_share,0.38155099078603
83,other_tracking_share,-0.08963080484592346
83,log_early_nature_events,0.09814363696182433
83,log_early_fishing_sea_events,0.31108159490049214
83,log_early_quest_social_events,-0.11486839243778035
83,log_early_craft_home_events,-0.0839853058973988
83,log_early_advanced_events,0.20949653744315805
83,log_early_chop_tree_events,-0.08705703472131116
83,log_early_mine_ore_events,0.4516353496101275
83,log_early_npc_talk_events,-0.06601443839519934
83,log_early_tutorial_step_events,-0.02642887918438275
83,log_early_quest_offered_events,-0.11566678531974776
83,log_early_churn_score_events,-0.12511924554418283
83,log_early_session_summary_events,0.06250257661056931
83,log_early_session_time_events,0.4903280228710714
83,log_early_econ_tx_events,0.2082593223502986
83,log_early_zone_enter_events,0.2784849320705736
84,log_early_tracked_events,0.16217201262193512
84,log_early_actions,0.02179891050800162
84,deliberate_share,0.078933413674187
84,log_early_action_kinds,-0.07213831874567561
84,log_early_area_count,-0.05070735023380264
84,log_early_event_name_count,-0.20397324701401184
84,log_early_ga_auto_events,0.44470180334243425
84,log_early_entry_auth_events,0.38430481998647376
84,log_early_connect_ok_events,0.19666204592682626
84,log_early_connect_fail_events,-0.42332459952809826
84,log_early_other_tracking_events,0.12748133913234702
84,ga_auto_share,-0.01444827848540446
84,entry_auth_share,0.40707900468612684
84,other_tracking_share,-0.09540464534440377
84,log_early_nature_events,0.06627926246518084
84,log_early_fishing_sea_events,0.3446351422763359
84,log_early_quest_social_events,-0.04588701959876129
84,log_early_craft_home_events,-0.0662030473419751
84,log_early_advanced_events,0.44904337573397773
84,log_early_chop_tree_events,0.013771989666919988
84,log_early_mine_ore_events,0.3498322984461152
84,log_early_npc_talk_events,-0.016415047759164112
84,log_early_tutorial_step_events,-0.24306212044262343
84,log_early_quest_offered_events,-0.11102595971900972
84,log_early_churn_score_events,-0.1293199978655077
84,log_early_session_summary_events,0.07385406240084925
84,log_early_session_time_events,0.27230895454994436
84,log_early_econ_tx_events,0.2851801980657071
84,log_early_zone_enter_events,0.5139248906134884
85,log_early_tracked_events,0.1653259444999174
85,log_early_actions,-0.0251883165963574
85,deliberate_share,0.041390968816492124
85,log_early_action_kinds,-0.1318774574989371
85,log_early_area_count,-0.22559184561848492
85,log_early_event_name_count,-0.2294290118632404
85,log_early_ga_auto_events,0.7126347624895525
85,log_early_entry_auth_events,0.36462555505417693
85,log_early_connect_ok_events,0.18804980359240425
85,log_early_connect_fail_events,-0.4223575131720064
85,log_early_other_tracking_events,0.10699468083742113
85,ga_auto_share,0.0489227273454317
85,entry_auth_share,0.41444497802190294
85,other_tracking_share,-0.13004849532799703
85,log_early_nature_events,0.10978879660385331
85,log_early_fishing_sea_events,0.40379664689967315
85,log_early_quest_social_events,-0.04446862831247372
85,log_early_craft_home_events,-0.06237545530512035
85,log_early_advanced_events,0.22483321737420783
85,log_early_chop_tree_events,0.087563252206406
85,log_early_mine_ore_events,0.3833158671732496
85,log_early_npc_talk_events,-4.839706548728198e-06
85,log_early_tutorial_step_events,-0.10440888172461456
85,log_early_quest_offered_events,-0.08534422358485799
85,log_early_churn_score_events,-0.14408546900928976
85,log_early_session_summary_events,0.0683695139217563
85,log_early_session_time_events,0.3413699031289187
85,log_early_econ_tx_events,0.3069033878176196
85,log_early_zone_enter_events,0.3563614279789131
86,log_early_tracked_events,0.17416319702835378
86,log_early_actions,-0.01786662128696388
86,deliberate_share,0.03001265094473762
86,log_early_action_kinds,-0.14897364163335985
86,log_early_area_count,-0.17294551770042255
86,log_early_event_name_count,-0.10290040191272995
86,log_early_ga_auto_events,0.8595522153271679
86,log_early_entry_auth_events,0.28439916876891835
86,log_early_connect_ok_events,0.23269010739837614
86,log_early_connect_fail_events,-0.21476692227572566
86,log_early_other_tracking_events,0.14377174996613368
86,ga_auto_share,0.0688309080368411
86,entry_auth_share,-0.12517279979676937
86,other_tracking_share,-0.043741112995615325
86,log_early_nature_events,0.04943133643039496
86,log_early_fishing_sea_events,0.4139671326706902
86,log_early_quest_social_events,-0.05865607351907196
86,log_early_craft_home_events,-0.11954274838837085
86,log_early_advanced_events,0.4108380513847868
86,log_early_chop_tree_events,-0.03656711250087981
86,log_early_mine_ore_events,0.4166162410413383
86,log_early_npc_talk_events,-0.023552172020633266
86,log_early_tutorial_step_events,-0.020216231235997383
86,log_early_quest_offered_events,-0.09447652050465787
86,log_early_churn_score_events,-0.08427556578456563
86,log_early_session_summary_events,-0.09575092818960526
86,log_early_session_time_events,0.191430271170806
86,log_early_econ_tx_events,0.29283108463004115
86,log_early_zone_enter_events,0.4189150741901566
87,log_early_tracked_events,0.13545658741216468
87,log_early_actions,0.006489989386280068
87,deliberate_share,0.07474645878878744
87,log_early_action_kinds,-0.10401528212126349
87,log_early_area_count,-0.10402716243508205
87,log_early_event_name_count,-0.2332354731754375
87,log_early_ga_auto_events,0.4844061533959911
87,log_early_entry_auth_events,0.39550142692719753
87,log_early_connect_ok_events,0.25982524179187194
87,log_early_connect_fail_events,-0.36549683113185605
87,log_early_other_tracking_events,0.10679714226034276
87,ga_auto_share,-0.0018226034899089746
87,entry_auth_share,0.4099351961297692
87,other_tracking_share,-0.11503822727996058
87,log_early_nature_events,0.12004507184041022
87,log_early_fishing_sea_events,0.07699832213252931
87,log_early_quest_social_events,-0.05898124832855328
87,log_early_craft_home_events,-0.04781521023235793
87,log_early_advanced_events,0.3503956411258231
87,log_early_chop_tree_events,-0.03192872895211841
87,log_early_mine_ore_events,0.5173200503817323
87,log_early_npc_talk_events,0.013794632009264786
87,log_early_tutorial_step_events,-0.06279284640266888
87,log_early_quest_offered_events,-0.06167184055463489
87,log_early_churn_score_events,-0.17079654054448806
87,log_early_session_summary_events,0.09971469891194698
87,log_early_session_time_events,0.37179122673782383
87,log_early_econ_tx_events,0.2856657096477989
87,log_early_zone_enter_events,0.41089744874704287
88,log_early_tracked_events,0.1542351678410181
88,log_early_actions,0.09736518612238519
88,deliberate_share,0.15664580594424973
88,log_early_action_kinds,0.0021066356178234685
88,log_early_area_count,0.002333430371433229
88,log_early_event_name_count,-0.06687498644519917
88,log_early_ga_auto_events,0.48253472492979294
88,log_early_entry_auth_events,0.1987808810674992
88,log_early_connect_ok_events,-0.002706826757599387
88,log_early_connect_fail_events,-0.5022187823276378
88,log_early_other_tracking_events,0.1033030112214383
88,ga_auto_share,-0.028030723594604793
88,entry_auth_share,0.32080812772905476
88,other_tracking_share,-0.11109833397144114
88,log_early_nature_events,0.19543292543913804
88,log_early_fishing_sea_events,0.4597469218025066
88,log_early_quest_social_events,-0.11194083326867604
88,log_early_craft_home_events,-0.1596124917079494
88,log_early_advanced_events,0.3484362803963975
88,log_early_chop_tree_events,0.21773775713536078
88,log_early_mine_ore_events,0.2841385086557535
88,log_early_npc_talk_events,-0.08939622556796564
88,log_early_tutorial_step_events,-0.17214380706527485
88,log_early_quest_offered_events,-0.13660669689669502
88,log_early_churn_score_events,-0.15517049210830877
88,log_early_session_summary_events,0.05791336334476453
88,log_early_session_time_events,0.5001816934054023
88,log_early_econ_tx_events,0.06079904012428531
88,log_early_zone_enter_events,0.5397965725353921
89,log_early_tracked_events,0.11800715362088941
89,log_early_actions,0.0205684837732983
89,deliberate_share,0.07957217362982476
89,log_early_action_kinds,-0.042510443764532335
89,log_early_area_count,-0.10944642841417743
89,log_early_event_name_count,-0.22336534899141477
89,log_early_ga_auto_events,0.7126485200290877
89,log_early_entry_auth_events,0.34795487616974874
89,log_early_connect_ok_events,0.212985401034386
89,log_early_connect_fail_events,-0.3542466714098434
89,log_early_other_tracking_events,0.10652637397328454
89,ga_auto_share,0.014695914576634371
89,entry_auth_share,0.3294722649983052
89,other_tracking_share,-0.10882898205930285
89,log_early_nature_events,0.17002799510642874
89,log_early_fishing_sea_events,0.08305654177694928
89,log_early_quest_social_events,-0.14765100379215523
89,log_early_craft_home_events,-0.19963638267905662
89,log_early_advanced_events,0.086317009802807
89,log_early_chop_tree_events,-0.00034910359941018584
89,log_early_mine_ore_events,0.33383384998599525
89,log_early_npc_talk_events,-0.06687064853467087
89,log_early_tutorial_step_events,0.08218940240229311
89,log_early_quest_offered_events,-0.115065778242283
89,log_early_churn_score_events,-0.10230731859094247
89,log_early_session_summary_events,0.08471087968594176
89,log_early_session_time_events,0.49241940772076176
89,log_early_econ_tx_events,0.2766221977522114
89,log_early_zone_enter_events,0.38437088752170007
90,log_early_tracked_events,0.15590900026579022
90,log_early_actions,0.006147230212807318
90,deliberate_share,0.04789642841132746
90,log_early_action_kinds,-0.08017639112911512
90,log_early_area_count,-0.13091229913698454
90,log_early_event_name_count,-0.24838494019281535
90,log_early_ga_auto_events,0.518812978818214
90,log_early_entry_auth_events,0.4331846058903646
90,log_early_connect_ok_events,0.27946415162935156
90,log_early_connect_fail_events,-0.3727045252607832
90,log_early_other_tracking_events,0.0905159102301125
90,ga_auto_share,0.027986011147232315
90,entry_auth_share,0.46698029072566594
90,other_tracking_share,-0.13725588679349068
90,log_early_nature_events,0.10787793168249692
90,log_early_fishing_sea_events,0.41942625823206275
90,log_early_quest_social_events,-0.041418265231641355
90,log_early_craft_home_events,0.007985138570468724
90,log_early_advanced_events,0.34393017880066246
90,log_early_chop_tree_events,0.060078064597794155
90,log_early_mine_ore_events,0.4806813901790714
90,log_early_npc_talk_events,0.006662360432542183
90,log_early_tutorial_step_events,-0.1085935806981447
90,log_early_quest_offered_events,-0.0711804099469329
90,log_early_churn_score_events,-0.16218861644730007
90,log_early_session_summary_events,0.12313016500082773
90,log_early_session_time_events,0.2046510469959958
90,log_early_econ_tx_events,0.2280920367833315
90,log_early_zone_enter_events,0.35400285381801605
91,log_early_tracked_events,0.19000050314679579
91,log_early_actions,-0.05593610689127329
91,deliberate_share,0.010377104968412909
91,log_early_action_kinds,-0.18713304448978715
91,log_early_area_count,-0.2231663125910194
91,log_early_event_name_count,-0.10781944420648264
91,log_early_ga_auto_events,0.8133662522479566
91,log_early_entry_auth_events,0.24171703352276386
91,log_early_connect_ok_events,0.23184761038893031
91,log_early_connect_fail_events,-0.339981251675217
91,log_early_other_tracking_events,0.16243999149597294
91,ga_auto_share,0.05916543634999333
91,entry_auth_share,-0.07402408550315999
91,other_tracking_share,-0.027768511699556082
91,log_early_nature_events,0.07387336059560785
91,log_early_fishing_sea_events,0.25090997374960244
91,log_early_quest_social_events,-0.055316241957121315
91,log_early_craft_home_events,-0.046796180330678415
91,log_early_advanced_events,0.44468741852260507
91,log_early_chop_tree_events,-0.02878235960959174
91,log_early_mine_ore_events,0.4924150605819518
91,log_early_npc_talk_events,0.003690998831683366
91,log_early_tutorial_step_events,-0.08558619059946748
91,log_early_quest_offered_events,-0.07933347528268353
91,log_early_churn_score_events,-0.07993475840108812
91,log_early_session_summary_events,-0.13323719223554772
91,log_early_session_time_events,0.22079806703987592
91,log_early_econ_tx_events,0.3624514702324801
91,log_early_zone_enter_events,0.5094377559735224
92,log_early_tracked_events,0.1357331429389967
92,log_early_actions,0.09292437555535556
92,deliberate_share,0.16909157582129716
92,log_early_action_kinds,-0.05001624137843479
92,log_early_area_count,-0.04255612293156958
92,log_early_event_name_count,-0.061949287194509345
92,log_early_ga_auto_events,0.42120242749681136
92,log_early_entry_auth_events,0.22755397111563425
92,log_early_connect_ok_events,-0.011483763192935011
92,log_early_connect_fail_events,-0.3540973859872856
92,log_early_other_tracking_events,0.07681097893138507
92,ga_auto_share,0.00504435032315417
92,entry_auth_share,0.3021563360108024
92,other_tracking_share,-0.15497132605017805
92,log_early_nature_events,0.13438597527194615
92,log_early_fishing_sea_events,0.5256049662952005
92,log_early_quest_social_events,-0.03119684153991242
92,log_early_craft_home_events,-0.1508744144725548
92,log_early_advanced_events,0.376333030719629
92,log_early_chop_tree_events,0.1658221041405971
92,log_early_mine_ore_events,0.30574431264628127
92,log_early_npc_talk_events,-0.037317168372773775
92,log_early_tutorial_step_events,-0.1591999825964688
92,log_early_quest_offered_events,-0.09309321973820622
92,log_early_churn_score_events,-0.16121134892517955
92,log_early_session_summary_events,0.06441498315589284
92,log_early_session_time_events,0.5281612150294411
92,log_early_econ_tx_events,0.08598091508214244
92,log_early_zone_enter_events,0.49853895064444775
93,log_early_tracked_events,0.17308366610587364
93,log_early_actions,-0.004215450556854331
93,deliberate_share,0.09660119456083296
93,log_early_action_kinds,-0.1524247580850393
93,log_early_area_count,-0.14788170923656552
93,log_early_event_name_count,-0.15994682510099584
93,log_early_ga_auto_events,0.661832935169379
93,log_early_entry_auth_events,0.31334430871810504
93,log_early_connect_ok_events,0.1396514688068376
93,log_early_connect_fail_events,-0.4221932794860956
93,log_early_other_tracking_events,0.14748955481114195
93,ga_auto_share,-0.04659276489885626
93,entry_auth_share,0.377308177789527
93,other_tracking_share,-0.05490986175298386
93,log_early_nature_events,0.12393147331190535
93,log_early_fishing_sea_events,0.21916973376015517
93,log_early_quest_social_events,-0.09918250002328298
93,log_early_craft_home_events,-0.08575028501965264
93,log_early_advanced_events,0.3226693015784633
93,log_early_chop_tree_events,0.043300106368279356
93,log_early_mine_ore_events,0.45942995136767856
93,log_early_npc_talk_events,-0.035499545552203124
93,log_early_tutorial_step_events,-0.18979521965429988
93,log_early_quest_offered_events,-0.0955662858404104
93,log_early_churn_score_events,-0.17022655448490878
93,log_early_session_summary_events,-0.14675031504534294
93,log_early_session_time_events,0.3414878679779224
93,log_early_econ_tx_events,0.33302699409763886
93,log_early_zone_enter_events,0.48377250201105926
94,log_early_tracked_events,0.14687450566645055
94,log_early_actions,0.030345125477693836
94,deliberate_share,0.08585123596069273
94,log_early_action_kinds,-0.08142394356174645
94,log_early_area_count,-0.11548750286513655
94,log_early_event_name_count,-0.224234555032304
94,log_early_ga_auto_events,0.5320297977485096
94,log_early_entry_auth_events,0.48129337466842675
94,log_early_connect_ok_events,0.2661187836614944
94,log_early_connect_fail_events,-0.34544442544004966
94,log_early_other_tracking_events,0.11123708685613426
94,ga_auto_share,0.01837628198536228
94,entry_auth_share,0.40484108563603494
94,other_tracking_share,-0.13904014504559653
94,log_early_nature_events,0.07924809043755941
94,log_early_fishing_sea_events,0.4140342041556691
94,log_early_quest_social_events,0.031455420520159434
94,log_early_craft_home_events,-0.16146894293195363
94,log_early_advanced_events,0.3950307135195656
94,log_early_chop_tree_events,0.046948092293599884
94,log_early_mine_ore_events,0.29749438794643474
94,log_early_npc_talk_events,0.005637210997455002
94,log_early_tutorial_step_events,-0.14799051452857429
94,log_early_quest_offered_events,-0.051786769592241357
94,log_early_churn_score_events,-0.10555095421968312
94,log_early_session_summary_events,0.1301720424339456
94,log_early_session_time_events,0.376944094223676
94,log_early_econ_tx_events,0.19273202861866415
94,log_early_zone_enter_events,0.36700513813277685
95,log_early_tracked_events,0.18462172602352406
95,log_early_actions,-0.04124931427895692
95,deliberate_share,-0.027494265163724666
95,log_early_action_kinds,-0.08415189729110861
95,log_early_area_count,-0.1896044270540089
95,log_early_event_name_count,-0.1453327534350124
95,log_early_ga_auto_events,0.8495921304819953
95,log_early_entry_auth_events,0.23298821945155337
95,log_early_connect_ok_events,0.2843628166940714
95,log_early_connect_fail_events,-0.2546823580192636
95,log_early_other_tracking_events,0.12946437841891642
95,ga_auto_share,0.09789903897292951
95,entry_auth_share,-0.10388303082777205
95,other_tracking_share,-0.04969851081648193
95,log_early_nature_events,0.1146624578560809
95,log_early_fishing_sea_events,0.38943935152072817
95,log_early_quest_social_events,-0.12468029143093935
95,log_early_craft_home_events,-0.011750786772260154
95,log_early_advanced_events,0.2816470361422705
95,log_early_chop_tree_events,0.03038692255064739
95,log_early_mine_ore_events,0.4306327466315721
95,log_early_npc_talk_events,-0.05498161566103498
95,log_early_tutorial_step_events,0.06588401665779592
95,log_early_quest_offered_events,-0.14454554582033918
95,log_early_churn_score_events,-0.09588570085212972
95,log_early_session_summary_events,0.03373605519656182
95,log_early_session_time_events,0.2302000169734332
95,log_early_econ_tx_events,0.3173536282481879
95,log_early_zone_enter_events,0.3905472385049914
96,log_early_tracked_events,0.12147421341811197
96,log_early_actions,0.04204643989892195
96,deliberate_share,0.0961175911458744
96,log_early_action_kinds,-0.06865908664884002
96,log_early_area_count,-0.12088626265678303
96,log_early_event_name_count,-0.10422535889160152
96,log_early_ga_auto_events,0.5458259319753008
96,log_early_entry_auth_events,0.24998993336408906
96,log_early_connect_ok_events,0.03690833231960433
96,log_early_connect_fail_events,-0.4260111702518481
96,log_early_other_tracking_events,0.07618067880926846
96,ga_auto_share,0.03691046928704494
96,entry_auth_share,0.3450401768314272
96,other_tracking_share,-0.1505787716718521
96,log_early_nature_events,0.13365272290387328
96,log_early_fishing_sea_events,0.3884590482916025
96,log_early_quest_social_events,-0.05447507062844748
96,log_early_craft_home_events,-0.15780171169105722
96,log_early_advanced_events,0.40248962177155145
96,log_early_chop_tree_events,0.06570645177501652
96,log_early_mine_ore_events,0.41022641775577534
96,log_early_npc_talk_events,0.001262990066655803
96,log_early_tutorial_step_events,0.001246123473140725
96,log_early_quest_offered_events,-0.08249391450624205
96,log_early_churn_score_events,-0.12876048843792834
96,log_early_session_summary_events,0.07480451530204124
96,log_early_session_time_events,0.46414908796025667
96,log_early_econ_tx_events,0.11223341098775602
96,log_early_zone_enter_events,0.4992452084811584
97,log_early_tracked_events,0.11346603132574806
97,log_early_actions,0.044621951598070184
97,deliberate_share,0.10649021353830301
97,log_early_action_kinds,-0.061140141847162814
97,log_early_area_count,-0.10583446134105087
97,log_early_event_name_count,-0.035281534235051794
97,log_early_ga_auto_events,0.570153285382999
97,log_early_entry_auth_events,0.24479953012231323
97,log_early_connect_ok_events,0.06257681719296697
97,log_early_connect_fail_events,-0.38707128013795755
97,log_early_other_tracking_events,0.09869367044495582
97,ga_auto_share,-0.01640513943658215
97,entry_auth_share,0.3407715734284191
97,other_tracking_share,-0.09674642965846776
97,log_early_nature_events,0.15349621437684657
97,log_early_fishing_sea_events,0.4310937248852116
97,log_early_quest_social_events,-0.0798802456067457
97,log_early_craft_home_events,-0.18264261179569738
97,log_early_advanced_events,0.33440580765474726
97,log_early_chop_tree_events,0.08595100262161882
97,log_early_mine_ore_events,0.38621173202918935
97,log_early_npc_talk_events,-0.02891906722270181
97,log_early_tutorial_step_events,0.019034782010279565
97,log_early_quest_offered_events,-0.09081542213825038
97,log_early_churn_score_events,-0.1028489890163542
97,log_early_session_summary_events,-0.2045396059893332
97,log_early_session_time_events,0.4364550925626473
97,log_early_econ_tx_events,0.015746318714735214
97,log_early_zone_enter_events,0.5054266601544526
98,log_early_tracked_events,0.16079751673488848
98,log_early_actions,-0.002785393039013037
98,deliberate_share,0.09431774476902498
98,log_early_action_kinds,-0.15087404751768232
98,log_early_area_count,-0.1667096686556397
98,log_early_event_name_count,-0.18608589790036734
98,log_early_ga_auto_events,0.5556888962381414
98,log_early_entry_auth_events,0.2977028860065814
98,log_early_connect_ok_events,0.11874587621947119
98,log_early_connect_fail_events,-0.44565395749338
98,log_early_other_tracking_events,0.1393595398548732
98,ga_auto_share,-0.006246877114139584
98,entry_auth_share,0.355946060858517
98,other_tracking_share,-0.08470050658291975
98,log_early_nature_events,0.12115867858968288
98,log_early_fishing_sea_events,0.2565304776654594
98,log_early_quest_social_events,-0.08436975518130703
98,log_early_craft_home_events,0.010836914445946854
98,log_early_advanced_events,0.36259897748042996
98,log_early_chop_tree_events,0.01838322456075246
98,log_early_mine_ore_events,0.3954254259271218
98,log_early_npc_talk_events,-0.025783257530368985
98,log_early_tutorial_step_events,-0.1813825685509962
98,log_early_quest_offered_events,-0.1169386873818878
98,log_early_churn_score_events,-0.15877240657230515
98,log_early_session_summary_events,0.02434606245973924
98,log_early_session_time_events,0.38172052585609745
98,log_early_econ_tx_events,0.44619431265488846
98,log_early_zone_enter_events,0.5025346458195168
99,log_early_tracked_events,0.1288447077859284
99,log_early_actions,0.03780780494361097
99,deliberate_share,0.09503321323680233
99,log_early_action_kinds,-0.04051763543457296
99,log_early_area_count,-0.0879542352795336
99,log_early_event_name_count,-0.23279763055148034
99,log_early_ga_auto_events,0.5133024301425126
99,log_early_entry_auth_events,0.3943812133457638
99,log_early_connect_ok_events,0.2958190014151349
99,log_early_connect_fail_events,-0.4505364540301333
99,log_early_other_tracking_events,0.09264669750615248
99,ga_auto_share,0.002257979968768223
99,entry_auth_share,0.4054213170232733
99,other_tracking_share,-0.13217543482372532
99,log_early_nature_events,0.12405891971027551
99,log_early_fishing_sea_events,0.22478399792697956
99,log_early_quest_social_events,-0.054489651199242546
99,log_early_craft_home_events,-0.21515002672813838
99,log_early_advanced_events,0.3493914834253445
99,log_early_chop_tree_events,0.06810820354607078
99,log_early_mine_ore_events,0.3564348454929965
99,log_early_npc_talk_events,-0.02937068395433425
99,log_early_tutorial_step_events,-0.0377706739998025
99,log_early_quest_offered_events,-0.10241424673074097
99,log_early_churn_score_events,-0.047011252736337404
99,log_early_session_summary_events,0.16763203356182324
99,log_early_session_time_events,0.2972515387141567
99,log_early_econ_tx_events,0.17737966773326233
99,log_early_zone_enter_events,0.4326754036911569
100,log_early_tracked_events,0.19047839923059268
100,log_early_actions,-0.022422023825900025
100,deliberate_share,-0.01809514025263508
100,log_early_action_kinds,-0.10304902921461645
100,log_early_area_count,-0.1529067825812414
100,log_early_event_name_count,-0.1660726731928715
100,log_early_ga_auto_events,0.8746332305189751
100,log_early_entry_auth_events,0.3267100999015396
100,log_early_connect_ok_events,0.2804687772399074
100,log_early_connect_fail_events,-0.08102756661539906
100,log_early_other_tracking_events,0.12443306654954929
100,ga_auto_share,0.1166115682943232
100,entry_auth_share,-0.07392837093588338
100,other_tracking_share,-0.08827561785882013
100,log_early_nature_events,0.05322525295068361
100,log_early_fishing_sea_events,0.45703132303405075
100,log_early_quest_social_events,-0.0376000515960473
100,log_early_craft_home_events,-0.04434900374648954
100,log_early_advanced_events,0.3126982782696536
100,log_early_chop_tree_events,0.006774399052885056
100,log_early_mine_ore_events,0.40367310156819947
100,log_early_npc_talk_events,-0.0011639983077195875
100,log_early_tutorial_step_events,-0.0058284420014262815
100,log_early_quest_offered_events,-0.07667851123836844
100,log_early_churn_score_events,-0.17902398788385473
100,log_early_session_summary_events,0.0006518486253756402
100,log_early_session_time_events,0.31945434145079116
100,log_early_econ_tx_events,0.2936200089055212
100,log_early_zone_enter_events,0.3046596232491331
101,log_early_tracked_events,0.16738262807470836
101,log_early_actions,-0.025172774980032207
101,deliberate_share,0.010972682938388144
101,log_early_action_kinds,-0.12814746391291654
101,log_early_area_count,-0.14385551502111613
101,log_early_event_name_count,-0.22805443235283065
101,log_early_ga_auto_events,0.48101730366630846
101,log_early_entry_auth_events,0.3912364565706138
101,log_early_connect_ok_events,0.2182516455491973
101,log_early_connect_fail_events,-0.39744539192690276
101,log_early_other_tracking_events,0.12192716552236149
101,ga_auto_share,-0.003830142314458481
101,entry_auth_share,0.41914970636283283
101,other_tracking_share,-0.07649431498781853
101,log_early_nature_events,0.06246904056017993
101,log_early_fishing_sea_events,0.2607394794546455
101,log_early_quest_social_events,-0.03491712295729931
101,log_early_craft_home_events,0.051440305370102045
101,log_early_advanced_events,0.4655372893525022
101,log_early_chop_tree_events,-0.10764091374792659
101,log_early_mine_ore_events,0.5036675793671566
101,log_early_npc_talk_events,0.023670971560812187
101,log_early_tutorial_step_events,-0.14403445000196655
101,log_early_quest_offered_events,-0.05317131499694152
101,log_early_churn_score_events,-0.0841962794137283
101,log_early_session_summary_events,0.04973735604885714
101,log_early_session_time_events,0.3076955218002592
101,log_early_econ_tx_events,0.3013239879256043
101,log_early_zone_enter_events,0.4197841458279622
102,log_early_tracked_events,0.11142998077495343
102,log_early_actions,0.051233915763790855
102,deliberate_share,0.037034488084069075
102,log_early_action_kinds,-0.01178148954219333
102,log_early_area_count,-0.047705293751393416
102,log_early_event_name_count,-0.10482516224041896
102,log_early_ga_auto_events,0.4989929457691523
102,log_early_entry_auth_events,0.38136253000210696
102,log_early_connect_ok_events,0.06429752966565488
102,log_early_connect_fail_events,-0.07858255906099353
102,log_early_other_tracking_events,0.07570060190712705
102,ga_auto_share,0.047421340639257376
102,entry_auth_share,0.29827566402648115
102,other_tracking_share,-0.13317233102916795
102,log_early_nature_events,0.08420392893210518
102,log_early_fishing_sea_events,0.42233746463941835
102,log_early_quest_social_events,-0.02645415901709492
102,log_early_craft_home_events,-0.16332738312802975
102,log_early_advanced_events,0.38351742088638424
102,log_early_chop_tree_events,0.06713670365986954
102,log_early_mine_ore_events,0.32784462132946457
102,log_early_npc_talk_events,0.020295688491246498
102,log_early_tutorial_step_events,0.051658265730502445
102,log_early_quest_offered_events,-0.06634153307765234
102,log_early_churn_score_events,-0.2010703437838286
102,log_early_session_summary_events,-0.008890933568023002
102,log_early_session_time_events,0.6759863397503441
102,log_early_econ_tx_events,0.028088143144377943
102,log_early_zone_enter_events,0.4722194436958799
103,log_early_tracked_events,0.15538513579252722
103,log_early_actions,0.03706099729593139
103,deliberate_share,0.11111870908586396
103,log_early_action_kinds,-0.0788442884584943
103,log_early_area_count,-0.09900450753442913
103,log_early_event_name_count,-0.14462478810108118
103,log_early_ga_auto_events,0.646972539180307
103,log_early_entry_auth_events,0.2841623374508662
103,log_early_connect_ok_events,0.16359405757117662
103,log_early_connect_fail_events,-0.48586616633283586
103,log_early_other_tracking_events,0.13470880608831454
103,ga_auto_share,-0.01113986305135935
103,entry_auth_share,0.3645741407796104
103,other_tracking_share,-0.10066522183307626
103,log_early_nature_events,0.17984235023173967
103,log_early_fishing_sea_events,0.40210267570963226
103,log_early_quest_social_events,-0.12028576724412271
103,log_early_craft_home_events,-0.07961814916605152
103,log_early_advanced_events,0.2819045202314312
103,log_early_chop_tree_events,0.22454661674227874
103,log_early_mine_ore_events,0.19952640383165834
103,log_early_npc_talk_events,-0.0965964470541963
103,log_early_tutorial_step_events,-0.17545012002495547
103,log_early_quest_offered_events,-0.15092353088549337
103,log_early_churn_score_events,-0.02427757826414717
103,log_early_session_summary_events,-0.04838938922058495
103,log_early_session_time_events,0.3310655449169725
103,log_early_econ_tx_events,0.33009656579134444
103,log_early_zone_enter_events,0.44099363932552776
104,log_early_tracked_events,0.19857406806643418
104,log_early_actions,-0.02290859384238413
104,deliberate_share,0.07852501396882056
104,log_early_action_kinds,-0.14234083929980604
104,log_early_area_count,-0.20796215819712802
104,log_early_event_name_count,-0.17975389722396387
104,log_early_ga_auto_events,0.9122458724335952
104,log_early_entry_auth_events,0.23424656790411308
104,log_early_connect_ok_events,0.2598329192573048
104,log_early_connect_fail_events,-0.3086141403449053
104,log_early_other_tracking_events,0.1219074490711667
104,ga_auto_share,0.10452189406591228
104,entry_auth_share,-0.12586255715314176
104,other_tracking_share,-0.10910405693172133
104,log_early_nature_events,0.10789301948390445
104,log_early_fishing_sea_events,0.25392763237318633
104,log_early_quest_social_events,-0.06132012553421953
104,log_early_craft_home_events,-0.12317692101856394
104,log_early_advanced_events,0.20246186928550836
104,log_early_chop_tree_events,0.06242265083608499
104,log_early_mine_ore_events,0.5268403962167518
104,log_early_npc_talk_events,-0.016477787391369056
104,log_early_tutorial_step_events,-0.05893636251128364
104,log_early_quest_offered_events,-0.09597433917700218
104,log_early_churn_score_events,-0.21942819571730104
104,log_early_session_summary_events,0.0988656644964009
104,log_early_session_time_events,0.1790022321958899
104,log_early_econ_tx_events,0.316787481968318
104,log_early_zone_enter_events,0.3570607960665128
105,log_early_tracked_events,0.16804257791159277
105,log_early_actions,0.005001275561266624
105,deliberate_share,0.07893527257934103
105,log_early_action_kinds,-0.15331693337483782
105,log_early_area_count,-0.24383734294153678
105,log_early_event_name_count,-0.14787871917998532
105,log_early_ga_auto_events,0.641527213938414
105,log_early_entry_auth_events,0.37409191050610485
105,log_early_connect_ok_events,0.29981877856540984
105,log_early_connect_fail_events,-0.2839230169791412
105,log_early_other_tracking_events,0.1413482815508295
105,ga_auto_share,-0.002075443048507706
105,entry_auth_share,0.3416722727311294
105,other_tracking_share,-0.11200205378608892
105,log_early_nature_events,0.12570727266478615
105,log_early_fishing_sea_events,0.37452872189880826
105,log_early_quest_social_events,0.014747523900724811
105,log_early_craft_home_events,-0.09376107790209176
105,log_early_advanced_events,0.2920405572924646
105,log_early_chop_tree_events,0.15890665945868726
105,log_early_mine_ore_events,0.36969247503207564
105,log_early_npc_talk_events,0.030412643866921912
105,log_early_tutorial_step_events,-0.17110116913857826
105,log_early_quest_offered_events,-0.03539779624443524
105,log_early_churn_score_events,-0.12260911364120307
105,log_early_session_summary_events,-0.08587245116285142
105,log_early_session_time_events,0.3774099900102851
105,log_early_econ_tx_events,0.27262666614818604
105,log_early_zone_enter_events,0.33799360561508546
106,log_early_tracked_events,0.13546294234948636
106,log_early_actions,-0.0033493857086347996
106,deliberate_share,0.05216425092641772
106,log_early_action_kinds,-0.06983310672864769
106,log_early_area_count,-0.16376903310602836
106,log_early_event_name_count,-0.24523120721999658
106,log_early_ga_auto_events,0.6802933285919844
106,log_early_entry_auth_events,0.33367479568613345
106,log_early_connect_ok_events,0.1951272761418708
106,log_early_connect_fail_events,-0.487315494213227
106,log_early_other_tracking_events,0.1045246949855977
106,ga_auto_share,0.022597260730886026
106,entry_auth_share,0.3926483872155734
106,other_tracking_share,-0.10116178954736908
106,log_early_nature_events,0.12709542759027687
106,log_early_fishing_sea_events,0.3819646044021864
106,log_early_quest_social_events,-0.1048509436027014
106,log_early_craft_home_events,-0.04152768761196575
106,log_early_advanced_events,0.29684033328740855
106,log_early_chop_tree_events,-0.06331636161626408
106,log_early_mine_ore_events,0.384666955699022
106,log_early_npc_talk_events,-0.0621079646819273
106,log_early_tutorial_step_events,-0.0002902623699474846
106,log_early_quest_offered_events,-0.14409098125335904
106,log_early_churn_score_events,-0.0892193850811598
106,log_early_session_summary_events,-0.0029711599691450577
106,log_early_session_time_events,0.4170198103574266
106,log_early_econ_tx_events,0.2585654406667344
106,log_early_zone_enter_events,0.4179616207376608
107,log_early_tracked_events,0.16166838285941718
107,log_early_actions,0.08004533647288337
107,deliberate_share,0.105900590931846
107,log_early_action_kinds,-0.02234733171199066
107,log_early_area_count,0.03232516186303498
107,log_early_event_name_count,-0.05318548778044581
107,log_early_ga_auto_events,0.5719275431513829
107,log_early_entry_auth_events,0.2692951997820855
107,log_early_connect_ok_events,0.008417348192941073
107,log_early_connect_fail_events,-0.23761225622701626
107,log_early_other_tracking_events,0.08594110246326699
107,ga_auto_share,0.0664345376639697
107,entry_auth_share,-0.047481491196100706
107,other_tracking_share,-0.11528783516820802
107,log_early_nature_events,0.15902712680693987
107,log_early_fishing_sea_events,0.4820088301390586
107,log_early_quest_social_events,-0.1437917700936291
107,log_early_craft_home_events,-0.1031187707853036
107,log_early_advanced_events,0.36574302326681435
107,log_early_chop_tree_events,0.10465289772299648
107,log_early_mine_ore_events,0.40800987632569596
107,log_early_npc_talk_events,-0.05853697745339837
107,log_early_tutorial_step_events,-0.026663337120854825
107,log_early_quest_offered_events,-0.10386694960349638
107,log_early_churn_score_events,-0.17158505128526397
107,log_early_session_summary_events,0.1507439155881224
107,log_early_session_time_events,0.22771353443367476
107,log_early_econ_tx_events,0.029589669387730857
107,log_early_zone_enter_events,0.5813695955434954
108,log_early_tracked_events,0.16878728660370654
108,log_early_actions,-0.03663839772059949
108,deliberate_share,0.04869860149644637
108,log_early_action_kinds,-0.1322173518699381
108,log_early_area_count,-0.14859770677464543
108,log_early_event_name_count,-0.21093579896321146
108,log_early_ga_auto_events,0.6586694255031017
108,log_early_entry_auth_events,0.3218280450929381
108,log_early_connect_ok_events,0.1788035013106146
108,log_early_connect_fail_events,-0.47241104924915783
108,log_early_other_tracking_events,0.13664824768560888
108,ga_auto_share,0.003028508168818407
108,entry_auth_share,0.3542991685752001
108,other_tracking_share,-0.08940211450823214
108,log_early_nature_events,0.062278783067149
108,log_early_fishing_sea_events,0.11431752241245798
108,log_early_quest_social_events,-0.038934480026405975
108,log_early_craft_home_events,-0.12831356770674507
108,log_early_advanced_events,0.3794362404848724
108,log_early_chop_tree_events,-0.020119849618064192
108,log_early_mine_ore_events,0.4686884315377972
108,log_early_npc_talk_events,-0.007684054465234275
108,log_early_tutorial_step_events,-0.14317326988213183
108,log_early_quest_offered_events,-0.1056199330062839
108,log_early_churn_score_events,-0.15450614678648628
108,log_early_session_summary_events,0.029105294498122932
108,log_early_session_time_events,0.40912245040294865
108,log_early_econ_tx_events,0.3439563087117307
108,log_early_zone_enter_events,0.43218934824262245
109,log_early_tracked_events,0.13066098100222254
109,log_early_actions,0.047249135722660596
109,deliberate_share,0.09075063869103252
109,log_early_action_kinds,-0.03144626299818633
109,log_early_area_count,-0.07604951008111395
109,log_early_event_name_count,-0.09106919765406188
109,log_early_ga_auto_events,0.4885391477017291
109,log_early_entry_auth_events,0.2158688992983585
109,log_early_connect_ok_events,0.05402150494183782
109,log_early_connect_fail_events,-0.47118837229214966
109,log_early_other_tracking_events,0.0984762206437324
109,ga_auto_share,0.007444684173490049
109,entry_auth_share,0.3447636723824737
109,other_tracking_share,-0.11702191972992478
109,log_early_nature_events,0.1234931529101585
109,log_early_fishing_sea_events,0.4369501329809685
109,log_early_quest_social_events,-0.03455118307087585
109,log_early_craft_home_events,-0.2291482553830503
109,log_early_advanced_events,0.44997277981627215
109,log_early_chop_tree_events,0.07477557527064202
109,log_early_mine_ore_events,0.3517910246815778
109,log_early_npc_talk_events,0.0007213806587760374
109,log_early_tutorial_step_events,-0.0073460282103955535
109,log_early_quest_offered_events,-0.11023561090716388
109,log_early_churn_score_events,-0.13873760950930858
109,log_early_session_summary_events,0.06580846780959064
109,log_early_session_time_events,0.441776162319024
109,log_early_econ_tx_events,0.07397643491045634
109,log_early_zone_enter_events,0.47917002915939794
110,log_early_tracked_events,0.19471253579848558
110,log_early_actions,0.005074330519593556
110,deliberate_share,0.09788382429641024
110,log_early_action_kinds,-0.14177141974218468
110,log_early_area_count,-0.12699452967290775
110,log_early_event_name_count,-0.1349872812052872
110,log_early_ga_auto_events,0.863490223864049
110,log_early_entry_auth_events,0.2826625832882937
110,log_early_connect_ok_events,0.12938490628519783
110,log_early_connect_fail_events,-0.23075937633756866
110,log_early_other_tracking_events,0.1396500968042123
110,ga_auto_share,0.06295524801346306
110,entry_auth_share,-0.11860125355635925
110,other_tracking_share,-0.06273930082434921
110,log_early_nature_events,0.07016532378660845
110,log_early_fishing_sea_events,0.41087495558481896
110,log_early_quest_social_events,-0.09812343907701086
110,log_early_craft_home_events,-0.12185469121850864
110,log_early_advanced_events,0.25715445142648663
110,log_early_chop_tree_events,-0.044800293385162136
110,log_early_mine_ore_events,0.37985626187135546
110,log_early_npc_talk_events,-0.06753057890908962
110,log_early_tutorial_step_events,-0.11921715250518669
110,log_early_quest_offered_events,-0.11513371007351916
110,log_early_churn_score_events,-0.2253407622217944
110,log_early_session_summary_events,0.08009313545325072
110,log_early_session_time_events,0.25736810454979486
110,log_early_econ_tx_events,0.36194882234356257
110,log_early_zone_enter_events,0.4364539831906518
111,log_early_tracked_events,0.1854032265175484
111,log_early_actions,-0.03652943641797272
111,deliberate_share,0.02453717189322975
111,log_early_action_kinds,-0.13534235632666045
111,log_early_area_count,-0.2647617875111907
111,log_early_event_name_count,-0.1566857219976274
111,log_early_ga_auto_events,0.6229002358764939
111,log_early_entry_auth_events,0.31520527162273765
111,log_early_connect_ok_events,0.25561942068100185
111,log_early_connect_fail_events,-0.3567896976817471
111,log_early_other_tracking_events,0.1501796945534953
111,ga_auto_share,-0.015210884705302657
111,entry_auth_share,0.38057818524505627
111,other_tracking_share,-0.0675843594205981
111,log_early_nature_events,0.12201802270285335
111,log_early_fishing_sea_events,0.27415168363881964
111,log_early_quest_social_events,-0.006707916719278567
111,log_early_craft_home_events,-0.005917527448099191
111,log_early_advanced_events,0.2846784365018991
111,log_early_chop_tree_events,0.06947587425519273
111,log_early_mine_ore_events,0.47790289988374285
111,log_early_npc_talk_events,0.0320751285681117
111,log_early_tutorial_step_events,-0.145770994313641
111,log_early_quest_offered_events,-0.059847175756825945
111,log_early_churn_score_events,-0.15044566387838187
111,log_early_session_summary_events,-0.2562282043979651
111,log_early_session_time_events,0.3125868877084886
111,log_early_econ_tx_events,0.3558304524071591
111,log_early_zone_enter_events,0.4564380707946805
112,log_early_tracked_events,0.12043183115636844
112,log_early_actions,-0.003523556426778237
112,deliberate_share,0.04302360860402077
112,log_early_action_kinds,-0.12473110264353442
112,log_early_area_count,-0.12159466032583377
112,log_early_event_name_count,-0.2438079938345226
112,log_early_ga_auto_events,0.6251829909418105
112,log_early_entry_auth_events,0.4003815511637569
112,log_early_connect_ok_events,0.2634194794190881
112,log_early_connect_fail_events,-0.3833622990937819
112,log_early_other_tracking_events,0.07883581464408235
112,ga_auto_share,0.04610750357581009
112,entry_auth_share,0.38561240386703777
112,other_tracking_share,-0.14167224553221233
112,log_early_nature_events,0.13209329199491993
112,log_early_fishing_sea_events,0.27703158974006914
112,log_early_quest_social_events,-0.10129067405948602
112,log_early_craft_home_events,0.0470092283579913
112,log_early_advanced_events,0.30854384949346725
112,log_early_chop_tree_events,0.13597333536808506
112,log_early_mine_ore_events,0.3321614182071294
112,log_early_npc_talk_events,-0.028915247467993517
112,log_early_tutorial_step_events,-0.06723730286235388
112,log_early_quest_offered_events,-0.06183128456675156
112,log_early_churn_score_events,0.10701318830191629
112,log_early_session_summary_events,0.09636750168001396
112,log_early_session_time_events,0.44111810442468624
112,log_early_econ_tx_events,0.25026312906015147
112,log_early_zone_enter_events,0.3139106048022749
113,log_early_tracked_events,0.15614135678074445
113,log_early_actions,0.03611534675469052
113,deliberate_share,0.11825098369512113
113,log_early_action_kinds,-0.09416444344859957
113,log_early_area_count,-0.05358103313929131
113,log_early_event_name_count,-0.1976176731898067
113,log_early_ga_auto_events,0.6253558586636478
113,log_early_entry_auth_events,0.31295946327302054
113,log_early_connect_ok_events,0.13320452932903065
113,log_early_connect_fail_events,-0.4389868088883364
113,log_early_other_tracking_events,0.11168229499956256
113,ga_auto_share,-0.013512293935322573
113,entry_auth_share,0.3793732397002355
113,other_tracking_share,-0.10042638776420201
113,log_early_nature_events,0.15717459941259262
113,log_early_fishing_sea_events,0.3785846609419525
113,log_early_quest_social_events,-0.1410706739719702
113,log_early_craft_home_events,-0.16002900089450353
113,log_early_advanced_events,0.25098843088293094
113,log_early_chop_tree_events,0.10753719570100242
113,log_early_mine_ore_events,0.34213953514492207
113,log_early_npc_talk_events,-0.07590431592603264
113,log_early_tutorial_step_events,-0.14163858083127026
113,log_early_quest_offered_events,-0.15393064028734116
113,log_early_churn_score_events,-0.18314635243542343
113,log_early_session_summary_events,0.02612020418529322
113,log_early_session_time_events,0.35607764516926244
113,log_early_econ_tx_events,0.33072028606891485
113,log_early_zone_enter_events,0.43078557885762686
114,log_early_tracked_events,0.14008911762408385
114,log_early_actions,0.04203687224050353
114,deliberate_share,0.08341939580894032
114,log_early_action_kinds,-0.05029694910288713
114,log_early_area_count,-0.10237918591526378
114,log_early_event_name_count,-0.16047429659937126
114,log_early_ga_auto_events,0.2799922378838687
114,log_early_entry_auth_events,0.3452312098623068
114,log_early_connect_ok_events,0.0037435784155550075
114,log_early_connect_fail_events,-0.4205872490623005
114,log_early_other_tracking_events,0.07081402131823493
114,ga_auto_share,0.03641877378836486
114,entry_auth_share,0.4349412522559537
114,other_tracking_share,-0.17762630547089026
114,log_early_nature_events,0.14522195383286066
114,log_early_fishing_sea_events,0.2004091534485583
114,log_early_quest_social_events,0.024687806712956662
114,log_early_craft_home_events,0.03933766320473392
114,log_early_advanced_events,0.4905055741437228
114,log_early_chop_tree_events,0.0821423744137036
114,log_early_mine_ore_events,0.46409506159868447
114,log_early_npc_talk_events,0.05414235074491655
114,log_early_tutorial_step_events,-0.07314300940073547
114,log_early_quest_offered_events,-0.009569104753718933
114,log_early_churn_score_events,-0.0405877365813928
114,log_early_session_summary_events,0.14841664917048492
114,log_early_session_time_events,0.4909007599143311
114,log_early_econ_tx_events,0.04009602843841304
114,log_early_zone_enter_events,0.48593697018456977
115,log_early_tracked_events,0.14755225820155068
115,log_early_actions,0.004500398443311267
115,deliberate_share,0.05147442911527058
115,log_early_action_kinds,-0.12902939067065317
115,log_early_area_count,-0.16798281159553188
115,log_early_event_name_count,-0.14574280531004286
115,log_early_ga_auto_events,0.6909065789694937
115,log_early_entry_auth_events,0.3850828540755038
115,log_early_connect_ok_events,0.22777545760619156
115,log_early_connect_fail_events,-0.3032803806628312
115,log_early_other_tracking_events,0.14552868243658698
115,ga_auto_share,-0.012821483167426772
115,entry_auth_share,0.3126344575096495
115,other_tracking_share,-0.05809525310623316
115,log_early_nature_events,0.040480217631869514
115,log_early_fishing_sea_events,0.3992413214690241
115,log_early_quest_social_events,-0.006705813855719126
115,log_early_craft_home_events,-0.15370089705146203
115,log_early_advanced_events,0.35039072111900416
115,log_early_chop_tree_events,-0.018501468742069885
115,log_early_mine_ore_events,0.3354937636269467
115,log_early_npc_talk_events,0.0261020162947513
115,log_early_tutorial_step_events,-0.09176879059576708
115,log_early_quest_offered_events,-0.03387442938464197
115,log_early_churn_score_events,-0.1286938903413966
115,log_early_session_summary_events,-0.13248188579919393
115,log_early_session_time_events,0.3837408855638817
115,log_early_econ_tx_events,0.23686277121782798
115,log_early_zone_enter_events,0.37200281048899475
116,log_early_tracked_events,0.18937303593672816
116,log_early_actions,-0.04349384703526262
116,deliberate_share,0.025668796071446644
116,log_early_action_kinds,-0.13606547269349265
116,log_early_area_count,-0.20834940624962042
116,log_early_event_name_count,-0.14945219012512082
116,log_early_ga_auto_events,0.855139501937799
116,log_early_entry_auth_events,0.2536525911756332
116,log_early_connect_ok_events,0.27429675596406505
116,log_early_connect_fail_events,-0.299033857282488
116,log_early_other_tracking_events,0.13097785597469286
116,ga_auto_share,0.09843869737441494
116,entry_auth_share,-0.10980594743297663
116,other_tracking_share,-0.08025670332937443
116,log_early_nature_events,0.08084673668793023
116,log_early_fishing_sea_events,0.42104848866965033
116,log_early_quest_social_events,-0.06851143082524679
116,log_early_craft_home_events,-0.05371132805541868
116,log_early_advanced_events,0.27912847933944174
116,log_early_chop_tree_events,0.016366412103463214
116,log_early_mine_ore_events,0.4582288023184217
116,log_early_npc_talk_events,-0.03269669841205934
116,log_early_tutorial_step_events,-0.08124113378297596
116,log_early_quest_offered_events,-0.11433895096239197
116,log_early_churn_score_events,-0.14770428362049437
116,log_early_session_summary_events,0.10533399897992476
116,log_early_session_time_events,0.19357489136214134
116,log_early_econ_tx_events,0.31797833048594143
116,log_early_zone_enter_events,0.39612212887548304
117,log_early_tracked_events,0.22252289737760736
117,log_early_actions,-0.02825151312620107
117,deliberate_share,0.06275081982741187
117,log_early_action_kinds,-0.1557523494692158
117,log_early_area_count,-0.1924537800749933
117,log_early_event_name_count,-0.13866538135652254
117,log_early_ga_auto_events,0.8147555002319501
117,log_early_entry_auth_events,0.21735007759898667
117,log_early_connect_ok_events,0.1433566095064935
117,log_early_connect_fail_events,-0.31897538306305995
117,log_early_other_tracking_events,0.14070005713580103
117,ga_auto_share,0.0687168172296125
117,entry_auth_share,-0.07757658954453678
117,other_tracking_share,-0.07362347631529656
117,log_early_nature_events,0.09640322249143117
117,log_early_fishing_sea_events,0.3565137667400444
117,log_early_quest_social_events,-0.03769794474228341
117,log_early_craft_home_events,0.03951817204681174
117,log_early_advanced_events,0.2685502720465201
117,log_early_chop_tree_events,0.09593324127172796
117,log_early_mine_ore_events,0.4695920004535483
117,log_early_npc_talk_events,-0.0012786110580419795
117,log_early_tutorial_step_events,-0.2350879843665605
117,log_early_quest_offered_events,-0.05752468586551988
117,log_early_churn_score_events,-0.16520406910387986
117,log_early_session_summary_events,0.07281196110052222
117,log_early_session_time_events,0.19884238852470051
117,log_early_econ_tx_events,0.39750538351061254
117,log_early_zone_enter_events,0.457724113922961
118,log_early_tracked_events,0.14956662374037913
118,log_early_actions,0.04988494772127578
118,deliberate_share,0.11260792492990708
118,log_early_action_kinds,-0.053829512906483794
118,log_early_area_count,-0.10563050402002332
118,log_early_event_name_count,-0.11360659091347472
118,log_early_ga_auto_events,0.48760450953819495
118,log_early_entry_auth_events,0.24799702267636592
118,log_early_connect_ok_events,0.041559486324739034
118,log_early_connect_fail_events,-0.490393424152832
118,log_early_other_tracking_events,0.10825974622108288
118,ga_auto_share,0.00401027901680758
118,entry_auth_share,0.3528177808799862
118,other_tracking_share,-0.1228833708508565
118,log_early_nature_events,0.15890782640613718
118,log_early_fishing_sea_events,0.4448485019660941
118,log_early_quest_social_events,-0.05944452458676764
118,log_early_craft_home_events,-0.2150368247971939
118,log_early_advanced_events,0.43784127952996665
118,log_early_chop_tree_events,0.09529707303615503
118,log_early_mine_ore_events,0.37295013954433565
118,log_early_npc_talk_events,-0.02066007828501652
118,log_early_tutorial_step_events,-0.01967975318659728
118,log_early_quest_offered_events,-0.1394278098837464
118,log_early_churn_score_events,-0.1299196182009552
118,log_early_session_summary_events,0.018725855827966088
118,log_early_session_time_events,0.495022574837156
118,log_early_econ_tx_events,0.08839827706667867
118,log_early_zone_enter_events,0.46538375383267333
119,log_early_tracked_events,0.09838647986336842
119,log_early_actions,0.034763494436777835
119,deliberate_share,0.029910729530336137
119,log_early_action_kinds,-0.05280754402895632
119,log_early_area_count,-0.08360582831637672
119,log_early_event_name_count,-0.1896492693394529
119,log_early_ga_auto_events,0.5360999052800342
119,log_early_entry_auth_events,0.4579010862935711
119,log_early_connect_ok_events,0.3031600281789057
119,log_early_connect_fail_events,-0.14575223839039703
119,log_early_other_tracking_events,0.0969890646497186
119,ga_auto_share,0.033087949707339116
119,entry_auth_share,0.3761279680013072
119,other_tracking_share,-0.11882728207383948
119,log_early_nature_events,0.09009285261073767
119,log_early_fishing_sea_events,0.4292816550926975
119,log_early_quest_social_events,-0.01923281305150843
119,log_early_craft_home_events,-0.11996891667578258
119,log_early_advanced_events,0.3031823356554161
119,log_early_chop_tree_events,0.006066680876085723
119,log_early_mine_ore_events,0.35054028535039167
119,log_early_npc_talk_events,0.016169180792975517
119,log_early_tutorial_step_events,-0.037020462801057454
119,log_early_quest_offered_events,-0.033016012032480405
119,log_early_churn_score_events,-0.12606701717105845
119,log_early_session_summary_events,-0.035480489329370146
119,log_early_session_time_events,0.3416824887676394
119,log_early_econ_tx_events,0.2158599898472266
119,log_early_zone_enter_events,0.41557002443742147
120,log_early_tracked_events,0.14058204777886252
120,log_early_actions,-0.008581148067489115
120,deliberate_share,0.06890788543685328
120,log_early_action_kinds,-0.1044081358190334
120,log_early_area_count,-0.1662158173670223
120,log_early_event_name_count,-0.1933132760502672
120,log_early_ga_auto_events,0.7133376960401494
120,log_early_entry_auth_events,0.34294796976456976
120,log_early_connect_ok_events,0.22945593894902652
120,log_early_connect_fail_events,-0.4557229828447528
120,log_early_other_tracking_events,0.12408711059346399
120,ga_auto_share,0.006943493485226026
120,entry_auth_share,0.3435887657230971
120,other_tracking_share,-0.08471798740124055
120,log_early_nature_events,0.1208199544828123
120,log_early_fishing_sea_events,0.1275665773135415
120,log_early_quest_social_events,-0.14269093137271668
120,log_early_craft_home_events,-0.14626840179307007
120,log_early_advanced_events,0.26807283369184554
120,log_early_chop_tree_events,-0.0014871692866459548
120,log_early_mine_ore_events,0.41193828808939875
120,log_early_npc_talk_events,-0.08352258560143348
120,log_early_tutorial_step_events,0.027262010603966033
120,log_early_quest_offered_events,-0.13767509258098312
120,log_early_churn_score_events,-0.1457547569082591
120,log_early_session_summary_events,0.08381865618130159
120,log_early_session_time_events,0.4499657527401985
120,log_early_econ_tx_events,0.2320123927900275
120,log_early_zone_enter_events,0.38457941353452657
