at,session_id,client_id,variant,arm,trigger,p,intervene,model_version,origin,user_id,started_at,session_updated_at,play_sec,sec_after_event,survived_60s,intervene_bool
2026-09-09 01:47:08.740667+00:00,sess-ag8397hn6rdmttfu1a5,c-6c0f3dda-eb43-42ac-8324-ec1895c78ee4,beta_A,control,time15,0.43384523825089916,False,2026-09-06T14:21:45Z,https://calmforest.cloud,d7fa8f5f-3fd5-45fb-93c4-16c35e8af6fd,2026-09-09 01:46:52.543000+00:00,2026-09-09 02:00:55.449000+00:00,843,826,1,False
2026-09-09 02:22:30.636741+00:00,sess-5s7ckx5c5hwmtth3iqw,c-6c0f3dda-eb43-42ac-8324-ec1895c78ee4,beta_A,treat,time15,0.41459230509662187,False,2026-09-06T14:21:45Z,https://calmforest.cloud,d7fa8f5f-3fd5-45fb-93c4-16c35e8af6fd,2026-09-09 02:22:14.697000+00:00,2026-09-09 02:22:54.539000+00:00,40,23,0,False
2026-09-09 02:24:53.050723+00:00,sess-nsbzaxgdu98mtth6roh,c-6c0f3dda-eb43-42ac-8324-ec1895c78ee4,beta_A,control,quest,0.11452560653258079,False,2026-09-06T14:21:45Z,https://calmforest.cloud,d7fa8f5f-3fd5-45fb-93c4-16c35e8af6fd,2026-09-09 02:24:46.244000+00:00,2026-09-09 02:29:06.175000+00:00,260,253,1,False
2026-09-09 02:24:54.472817+00:00,sess-nsbzaxgdu98mtth6roh,c-6c0f3dda-eb43-42ac-8324-ec1895c78ee4,beta_A,control,quest,0.15469296539080465,True,2026-09-06T14:21:45Z,https://calmforest.cloud,d7fa8f5f-3fd5-45fb-93c4-16c35e8af6fd,2026-09-09 02:24:46.244000+00:00,2026-09-09 02:29:06.175000+00:00,260,251,1,True
2026-09-09 02:24:55.954926+00:00,sess-nsbzaxgdu98mtth6roh,c-6c0f3dda-eb43-42ac-8324-ec1895c78ee4,beta_A,control,quest,0.17079344306083966,True,2026-09-06T14:21:45Z,https://calmforest.cloud,d7fa8f5f-3fd5-45fb-93c4-16c35e8af6fd,2026-09-09 02:24:46.244000+00:00,2026-09-09 02:29:06.175000+00:00,260,250,1,True
2026-09-09 02:24:56.653517+00:00,sess-nsbzaxgdu98mtth6roh,c-6c0f3dda-eb43-42ac-8324-ec1895c78ee4,beta_A,control,quest,0.1700474929743109,True,2026-09-06T14:21:45Z,https://calmforest.cloud,d7fa8f5f-3fd5-45fb-93c4-16c35e8af6fd,2026-09-09 02:24:46.244000+00:00,2026-09-09 02:29:06.175000+00:00,260,249,1,True
2026-09-09 02:24:58.605063+00:00,sess-nsbzaxgdu98mtth6roh,c-6c0f3dda-eb43-42ac-8324-ec1895c78ee4,beta_A,control,quest,0.1510046330507053,True,2026-09-06T14:21:45Z,https://calmforest.cloud,d7fa8f5f-3fd5-45fb-93c4-16c35e8af6fd,2026-09-09 02:24:46.244000+00:00,2026-09-09 02:29:06.175000+00:00,260,247,1,True
2026-09-09 02:24:59.378146+00:00,sess-nsbzaxgdu98mtth6roh,c-6c0f3dda-eb43-42ac-8324-ec1895c78ee4,beta_A,control,quest,0.158508595072966,True,2026-09-06T14:21:45Z,https://calmforest.cloud,d7fa8f5f-3fd5-45fb-93c4-16c35e8af6fd,2026-09-09 02:24:46.244000+00:00,2026-09-09 02:29:06.175000+00:00,260,246,1,True
2026-09-09 02:25:01.005239+00:00,sess-nsbzaxgdu98mtth6roh,c-6c0f3dda-eb43-42ac-8324-ec1895c78ee4,beta_A,control,time15,0.4483174799042497,True,2026-09-06T14:21:45Z,https://calmforest.cloud,d7fa8f5f-3fd5-45fb-93c4-16c35e8af6fd,2026-09-09 02:24:46.244000+00:00,2026-09-09 02:29:06.175000+00:00,260,245,1,True
2026-09-09 02:26:30.490709+00:00,sess-nsbzaxgdu98mtth6roh,c-6c0f3dda-eb43-42ac-8324-ec1895c78ee4,beta_A,control,quest,0.05852906323040341,False,2026-09-06T14:21:45Z,https://calmforest.cloud,d7fa8f5f-3fd5-45fb-93c4-16c35e8af6fd,2026-09-09 02:24:46.244000+00:00,2026-09-09 02:29:06.175000+00:00,260,155,1,False
2026-09-09 02:27:47.225874+00:00,sess-nsbzaxgdu98mtth6roh,c-6c0f3dda-eb43-42ac-8324-ec1895c78ee4,beta_A,control,quest,0.1596031310590527,True,2026-09-06T14:21:45Z,https://calmforest.cloud,d7fa8f5f-3fd5-45fb-93c4-16c35e8af6fd,2026-09-09 02:24:46.244000+00:00,2026-09-09 02:29:06.175000+00:00,260,78,1,True
2026-09-09 02:27:48.178051+00:00,sess-nsbzaxgdu98mtth6roh,c-6c0f3dda-eb43-42ac-8324-ec1895c78ee4,beta_A,control,quest,0.15750509057368303,True,2026-09-06T14:21:45Z,https://calmforest.cloud,d7fa8f5f-3fd5-45fb-93c4-16c35e8af6fd,2026-09-09 02:24:46.244000+00:00,2026-09-09 02:29:06.175000+00:00,260,77,1,True
2026-09-09 02:28:18.338705+00:00,sess-2eubv8qrhbomtthayk9,c-530d5746-aad0-4dd7-b3f4-50abb3ad39a5,beta_B,treat,time15,0.46813461184670885,True,2026-09-06T14:21:45Z,https://calmforest.cloud,e9e102ad-dc26-4d4f-9aab-0c8b2df0e925,2026-09-09 02:28:01.795000+00:00,2026-09-09 02:29:02.464000+00:00,61,44,0,True
2026-09-09 02:28:31.952520+00:00,sess-nsbzaxgdu98mtth6roh,c-6c0f3dda-eb43-42ac-8324-ec1895c78ee4,beta_A,control,quest,0.1449430014765554,True,2026-09-06T14:21:45Z,https://calmforest.cloud,d7fa8f5f-3fd5-45fb-93c4-16c35e8af6fd,2026-09-09 02:24:46.244000+00:00,2026-09-09 02:29:06.175000+00:00,260,34,0,True
2026-09-09 02:28:32.361936+00:00,sess-nsbzaxgdu98mtth6roh,c-6c0f3dda-eb43-42ac-8324-ec1895c78ee4,beta_A,control,quest,0.1427317743223432,True,2026-09-06T14:21:45Z,https://calmforest.cloud,d7fa8f5f-3fd5-45fb-93c4-16c35e8af6fd,2026-09-09 02:24:46.244000+00:00,2026-09-09 02:29:06.175000+00:00,260,33,0,True
2026-09-09 02:28:35.085938+00:00,sess-nsbzaxgdu98mtth6roh,c-6c0f3dda-eb43-42ac-8324-ec1895c78ee4,beta_A,control,quest,0.17102504552968908,True,2026-09-06T14:21:45Z,https://calmforest.cloud,d7fa8f5f-3fd5-45fb-93c4-16c35e8af6fd,2026-09-09 02:24:46.244000+00:00,2026-09-09 02:29:06.175000+00:00,260,31,0,True
2026-09-09 02:28:37.810446+00:00,sess-nsbzaxgdu98mtth6roh,c-6c0f3dda-eb43-42ac-8324-ec1895c78ee4,beta_A,control,quest,0.16738254474114056,True,2026-09-06T14:21:45Z,https://calmforest.cloud,d7fa8f5f-3fd5-45fb-93c4-16c35e8af6fd,2026-09-09 02:24:46.244000+00:00,2026-09-09 02:29:06.175000+00:00,260,28,0,True
2026-09-09 02:28:40.155474+00:00,sess-nsbzaxgdu98mtth6roh,c-6c0f3dda-eb43-42ac-8324-ec1895c78ee4,beta_A,control,quest,0.1706178054857664,True,2026-09-06T14:21:45Z,https://calmforest.cloud,d7fa8f5f-3fd5-45fb-93c4-16c35e8af6fd,2026-09-09 02:24:46.244000+00:00,2026-09-09 02:29:06.175000+00:00,260,26,0,True
2026-09-09 02:28:42.566972+00:00,sess-nsbzaxgdu98mtth6roh,c-6c0f3dda-eb43-42ac-8324-ec1895c78ee4,beta_A,control,quest,0.16055009291646433,True,2026-09-06T14:21:45Z,https://calmforest.cloud,d7fa8f5f-3fd5-45fb-93c4-16c35e8af6fd,2026-09-09 02:24:46.244000+00:00,2026-09-09 02:29:06.175000+00:00,260,23,0,True
2026-09-09 02:28:43.413219+00:00,sess-nsbzaxgdu98mtth6roh,c-6c0f3dda-eb43-42ac-8324-ec1895c78ee4,beta_A,control,quest,0.1734411685272286,True,2026-09-06T14:21:45Z,https://calmforest.cloud,d7fa8f5f-3fd5-45fb-93c4-16c35e8af6fd,2026-09-09 02:24:46.244000+00:00,2026-09-09 02:29:06.175000+00:00,260,22,0,True
2026-09-09 04:03:49.100035+00:00,sess-ioj1cbtdtlimttkpska,c-6c0f3dda-eb43-42ac-8324-ec1895c78ee4,beta_A,treat,time15,0.37401863733658364,False,2026-09-06T14:21:45Z,https://calmforest.cloud,d7fa8f5f-3fd5-45fb-93c4-16c35e8af6fd,2026-09-09 04:03:32.706000+00:00,2026-09-09 04:04:04.324000+00:00,32,15,0,False
2026-09-09 04:03:59.012362+00:00,sess-9kojyyofbnamttkpzbc,c-530d5746-aad0-4dd7-b3f4-50abb3ad39a5,beta_B,treat,time15,0.4652074118290114,True,2026-09-06T14:21:45Z,https://calmforest.cloud,e9e102ad-dc26-4d4f-9aab-0c8b2df0e925,2026-09-09 04:03:41.457000+00:00,2026-09-09 04:05:23.785000+00:00,102,84,1,True
2026-09-09 04:06:32.016242+00:00,sess-i14tcd55mfsmttktaei,c-530d5746-aad0-4dd7-b3f4-50abb3ad39a5,beta_B,treat,time15,0.36304131493684283,False,2026-09-06T14:21:45Z,https://calmforest.cloud,e9e102ad-dc26-4d4f-9aab-0c8b2df0e925,2026-09-09 04:06:15.795000+00:00,2026-09-09 04:42:45.613000+00:00,2190,2173,1,False
2026-09-09 04:06:41.605891+00:00,sess-i14tcd55mfsmttktaei,c-530d5746-aad0-4dd7-b3f4-50abb3ad39a5,beta_B,treat,quest,0.1705281554187076,True,2026-09-06T14:21:45Z,https://calmforest.cloud,e9e102ad-dc26-4d4f-9aab-0c8b2df0e925,2026-09-09 04:06:15.795000+00:00,2026-09-09 04:42:45.613000+00:00,2190,2164,1,True
2026-09-09 04:06:47.159471+00:00,sess-i14tcd55mfsmttktaei,c-530d5746-aad0-4dd7-b3f4-50abb3ad39a5,beta_B,treat,quest,0.17565852675137203,True,2026-09-06T14:21:45Z,https://calmforest.cloud,e9e102ad-dc26-4d4f-9aab-0c8b2df0e925,2026-09-09 04:06:15.795000+00:00,2026-09-09 04:42:45.613000+00:00,2190,2158,1,True
2026-09-09 04:06:49.550486+00:00,sess-i14tcd55mfsmttktaei,c-530d5746-aad0-4dd7-b3f4-50abb3ad39a5,beta_B,treat,quest,0.1705089470878371,True,2026-09-06T14:21:45Z,https://calmforest.cloud,e9e102ad-dc26-4d4f-9aab-0c8b2df0e925,2026-09-09 04:06:15.795000+00:00,2026-09-09 04:42:45.613000+00:00,2190,2156,1,True
2026-09-09 04:06:50.752034+00:00,sess-i14tcd55mfsmttktaei,c-530d5746-aad0-4dd7-b3f4-50abb3ad39a5,beta_B,treat,quest,0.1736136107232028,True,2026-09-06T14:21:45Z,https://calmforest.cloud,e9e102ad-dc26-4d4f-9aab-0c8b2df0e925,2026-09-09 04:06:15.795000+00:00,2026-09-09 04:42:45.613000+00:00,2190,2154,1,True
2026-09-09 04:06:59.435113+00:00,sess-i14tcd55mfsmttktaei,c-530d5746-aad0-4dd7-b3f4-50abb3ad39a5,beta_B,treat,quest,0.15290840545777482,True,2026-09-06T14:21:45Z,https://calmforest.cloud,e9e102ad-dc26-4d4f-9aab-0c8b2df0e925,2026-09-09 04:06:15.795000+00:00,2026-09-09 04:42:45.613000+00:00,2190,2146,1,True
2026-09-09 04:07:01.517031+00:00,sess-i14tcd55mfsmttktaei,c-530d5746-aad0-4dd7-b3f4-50abb3ad39a5,beta_B,treat,quest,0.1569944129690446,True,2026-09-06T14:21:45Z,https://calmforest.cloud,e9e102ad-dc26-4d4f-9aab-0c8b2df0e925,2026-09-09 04:06:15.795000+00:00,2026-09-09 04:42:45.613000+00:00,2190,2144,1,True
2026-09-09 04:07:23.634614+00:00,sess-i14tcd55mfsmttktaei,c-530d5746-aad0-4dd7-b3f4-50abb3ad39a5,beta_B,treat,quest,0.14928337931659566,True,2026-09-06T14:21:45Z,https://calmforest.cloud,e9e102ad-dc26-4d4f-9aab-0c8b2df0e925,2026-09-09 04:06:15.795000+00:00,2026-09-09 04:42:45.613000+00:00,2190,2121,1,True
2026-09-09 04:07:24.538819+00:00,sess-i14tcd55mfsmttktaei,c-530d5746-aad0-4dd7-b3f4-50abb3ad39a5,beta_B,treat,quest,0.16297762088526235,True,2026-09-06T14:21:45Z,https://calmforest.cloud,e9e102ad-dc26-4d4f-9aab-0c8b2df0e925,2026-09-09 04:06:15.795000+00:00,2026-09-09 04:42:45.613000+00:00,2190,2121,1,True
2026-09-09 04:07:28.434738+00:00,sess-i14tcd55mfsmttktaei,c-530d5746-aad0-4dd7-b3f4-50abb3ad39a5,beta_B,treat,quest,0.13069613658889667,False,2026-09-06T14:21:45Z,https://calmforest.cloud,e9e102ad-dc26-4d4f-9aab-0c8b2df0e925,2026-09-09 04:06:15.795000+00:00,2026-09-09 04:42:45.613000+00:00,2190,2117,1,False
2026-09-09 04:07:30.131613+00:00,sess-i14tcd55mfsmttktaei,c-530d5746-aad0-4dd7-b3f4-50abb3ad39a5,beta_B,treat,quest,0.15932064287191738,True,2026-09-06T14:21:45Z,https://calmforest.cloud,e9e102ad-dc26-4d4f-9aab-0c8b2df0e925,2026-09-09 04:06:15.795000+00:00,2026-09-09 04:42:45.613000+00:00,2190,2115,1,True
2026-09-09 04:07:53.437916+00:00,sess-i14tcd55mfsmttktaei,c-530d5746-aad0-4dd7-b3f4-50abb3ad39a5,beta_B,treat,quest,0.14788243829265518,True,2026-09-06T14:21:45Z,https://calmforest.cloud,e9e102ad-dc26-4d4f-9aab-0c8b2df0e925,2026-09-09 04:06:15.795000+00:00,2026-09-09 04:42:45.613000+00:00,2190,2092,1,True
2026-09-09 04:07:54.271116+00:00,sess-i14tcd55mfsmttktaei,c-530d5746-aad0-4dd7-b3f4-50abb3ad39a5,beta_B,treat,quest,0.14728706470747327,True,2026-09-06T14:21:45Z,https://calmforest.cloud,e9e102ad-dc26-4d4f-9aab-0c8b2df0e925,2026-09-09 04:06:15.795000+00:00,2026-09-09 04:42:45.613000+00:00,2190,2091,1,True
2026-09-09 04:11:46.420916+00:00,sess-i14tcd55mfsmttktaei,c-530d5746-aad0-4dd7-b3f4-50abb3ad39a5,beta_B,treat,quest,0.16882372082028868,True,2026-09-06T14:21:45Z,https://calmforest.cloud,e9e102ad-dc26-4d4f-9aab-0c8b2df0e925,2026-09-09 04:06:15.795000+00:00,2026-09-09 04:42:45.613000+00:00,2190,1859,1,True
2026-09-09 04:11:49.878491+00:00,sess-i14tcd55mfsmttktaei,c-530d5746-aad0-4dd7-b3f4-50abb3ad39a5,beta_B,treat,quest,0.1792341413092031,True,2026-09-06T14:21:45Z,https://calmforest.cloud,e9e102ad-dc26-4d4f-9aab-0c8b2df0e925,2026-09-09 04:06:15.795000+00:00,2026-09-09 04:42:45.613000+00:00,2190,1855,1,True
2026-09-09 04:11:50.865502+00:00,sess-i14tcd55mfsmttktaei,c-530d5746-aad0-4dd7-b3f4-50abb3ad39a5,beta_B,treat,quest,0.17847449112677924,True,2026-09-06T14:21:45Z,https://calmforest.cloud,e9e102ad-dc26-4d4f-9aab-0c8b2df0e925,2026-09-09 04:06:15.795000+00:00,2026-09-09 04:42:45.613000+00:00,2190,1854,1,True
2026-09-09 04:11:52.001569+00:00,sess-i14tcd55mfsmttktaei,c-530d5746-aad0-4dd7-b3f4-50abb3ad39a5,beta_B,treat,quest,0.17907724927200777,True,2026-09-06T14:21:45Z,https://calmforest.cloud,e9e102ad-dc26-4d4f-9aab-0c8b2df0e925,2026-09-09 04:06:15.795000+00:00,2026-09-09 04:42:45.613000+00:00,2190,1853,1,True
2026-09-09 04:13:53.416476+00:00,sess-i14tcd55mfsmttktaei,c-530d5746-aad0-4dd7-b3f4-50abb3ad39a5,beta_B,treat,quest,0.17168427833135935,True,2026-09-06T14:21:45Z,https://calmforest.cloud,e9e102ad-dc26-4d4f-9aab-0c8b2df0e925,2026-09-09 04:06:15.795000+00:00,2026-09-09 04:42:45.613000+00:00,2190,1732,1,True
2026-09-09 04:13:54.047511+00:00,sess-i14tcd55mfsmttktaei,c-530d5746-aad0-4dd7-b3f4-50abb3ad39a5,beta_B,treat,quest,0.14173733881632117,True,2026-09-06T14:21:45Z,https://calmforest.cloud,e9e102ad-dc26-4d4f-9aab-0c8b2df0e925,2026-09-09 04:06:15.795000+00:00,2026-09-09 04:42:45.613000+00:00,2190,1731,1,True
2026-09-09 04:13:57.521825+00:00,sess-i14tcd55mfsmttktaei,c-530d5746-aad0-4dd7-b3f4-50abb3ad39a5,beta_B,treat,quest,0.1383690689923365,False,2026-09-06T14:21:45Z,https://calmforest.cloud,e9e102ad-dc26-4d4f-9aab-0c8b2df0e925,2026-09-09 04:06:15.795000+00:00,2026-09-09 04:42:45.613000+00:00,2190,1728,1,False
2026-09-09 04:14:00.533484+00:00,sess-i14tcd55mfsmttktaei,c-530d5746-aad0-4dd7-b3f4-50abb3ad39a5,beta_B,treat,quest,0.15781669514935548,True,2026-09-06T14:21:45Z,https://calmforest.cloud,e9e102ad-dc26-4d4f-9aab-0c8b2df0e925,2026-09-09 04:06:15.795000+00:00,2026-09-09 04:42:45.613000+00:00,2190,1725,1,True
2026-09-09 04:14:03.538434+00:00,sess-i14tcd55mfsmttktaei,c-530d5746-aad0-4dd7-b3f4-50abb3ad39a5,beta_B,treat,quest,0.16699899645051822,True,2026-09-06T14:21:45Z,https://calmforest.cloud,e9e102ad-dc26-4d4f-9aab-0c8b2df0e925,2026-09-09 04:06:15.795000+00:00,2026-09-09 04:42:45.613000+00:00,2190,1722,1,True
2026-09-09 04:14:05.017984+00:00,sess-i14tcd55mfsmttktaei,c-530d5746-aad0-4dd7-b3f4-50abb3ad39a5,beta_B,treat,quest,0.16095771362500993,True,2026-09-06T14:21:45Z,https://calmforest.cloud,e9e102ad-dc26-4d4f-9aab-0c8b2df0e925,2026-09-09 04:06:15.795000+00:00,2026-09-09 04:42:45.613000+00:00,2190,1720,1,True
2026-09-09 04:14:07.427327+00:00,sess-i14tcd55mfsmttktaei,c-530d5746-aad0-4dd7-b3f4-50abb3ad39a5,beta_B,treat,quest,0.16348185071410767,True,2026-09-06T14:21:45Z,https://calmforest.cloud,e9e102ad-dc26-4d4f-9aab-0c8b2df0e925,2026-09-09 04:06:15.795000+00:00,2026-09-09 04:42:45.613000+00:00,2190,1718,1,True
2026-09-09 04:14:08.242278+00:00,sess-i14tcd55mfsmttktaei,c-530d5746-aad0-4dd7-b3f4-50abb3ad39a5,beta_B,treat,quest,0.172628262165242,True,2026-09-06T14:21:45Z,https://calmforest.cloud,e9e102ad-dc26-4d4f-9aab-0c8b2df0e925,2026-09-09 04:06:15.795000+00:00,2026-09-09 04:42:45.613000+00:00,2190,1717,1,True
2026-09-09 04:14:09.237077+00:00,sess-i14tcd55mfsmttktaei,c-530d5746-aad0-4dd7-b3f4-50abb3ad39a5,beta_B,treat,quest,0.1729579124948359,True,2026-09-06T14:21:45Z,https://calmforest.cloud,e9e102ad-dc26-4d4f-9aab-0c8b2df0e925,2026-09-09 04:06:15.795000+00:00,2026-09-09 04:42:45.613000+00:00,2190,1716,1,True
2026-09-09 04:16:28.916935+00:00,sess-i14tcd55mfsmttktaei,c-530d5746-aad0-4dd7-b3f4-50abb3ad39a5,beta_B,treat,quest,0.16128125223607262,True,2026-09-06T14:21:45Z,https://calmforest.cloud,e9e102ad-dc26-4d4f-9aab-0c8b2df0e925,2026-09-09 04:06:15.795000+00:00,2026-09-09 04:42:45.613000+00:00,2190,1576,1,True
2026-09-09 04:16:29.910917+00:00,sess-i14tcd55mfsmttktaei,c-530d5746-aad0-4dd7-b3f4-50abb3ad39a5,beta_B,treat,quest,0.12841796861027316,False,2026-09-06T14:21:45Z,https://calmforest.cloud,e9e102ad-dc26-4d4f-9aab-0c8b2df0e925,2026-09-09 04:06:15.795000+00:00,2026-09-09 04:42:45.613000+00:00,2190,1575,1,False
2026-09-09 04:16:59.116607+00:00,sess-i14tcd55mfsmttktaei,c-530d5746-aad0-4dd7-b3f4-50abb3ad39a5,beta_B,treat,quest,0.15689746426930318,True,2026-09-06T14:21:45Z,https://calmforest.cloud,e9e102ad-dc26-4d4f-9aab-0c8b2df0e925,2026-09-09 04:06:15.795000+00:00,2026-09-09 04:42:45.613000+00:00,2190,1546,1,True
2026-09-09 04:16:59.892348+00:00,sess-i14tcd55mfsmttktaei,c-530d5746-aad0-4dd7-b3f4-50abb3ad39a5,beta_B,treat,quest,0.15160082086642762,True,2026-09-06T14:21:45Z,https://calmforest.cloud,e9e102ad-dc26-4d4f-9aab-0c8b2df0e925,2026-09-09 04:06:15.795000+00:00,2026-09-09 04:42:45.613000+00:00,2190,1545,1,True
2026-09-09 04:17:01.877901+00:00,sess-i14tcd55mfsmttktaei,c-530d5746-aad0-4dd7-b3f4-50abb3ad39a5,beta_B,treat,quest,0.14864891908785696,True,2026-09-06T14:21:45Z,https://calmforest.cloud,e9e102ad-dc26-4d4f-9aab-0c8b2df0e925,2026-09-09 04:06:15.795000+00:00,2026-09-09 04:42:45.613000+00:00,2190,1543,1,True
2026-09-09 04:17:03.252318+00:00,sess-i14tcd55mfsmttktaei,c-530d5746-aad0-4dd7-b3f4-50abb3ad39a5,beta_B,treat,quest,0.1685145147237158,True,2026-09-06T14:21:45Z,https://calmforest.cloud,e9e102ad-dc26-4d4f-9aab-0c8b2df0e925,2026-09-09 04:06:15.795000+00:00,2026-09-09 04:42:45.613000+00:00,2190,1542,1,True
2026-09-09 04:17:30.503159+00:00,sess-i14tcd55mfsmttktaei,c-530d5746-aad0-4dd7-b3f4-50abb3ad39a5,beta_B,treat,quest,0.10203334966483206,False,2026-09-06T14:21:45Z,https://calmforest.cloud,e9e102ad-dc26-4d4f-9aab-0c8b2df0e925,2026-09-09 04:06:15.795000+00:00,2026-09-09 04:42:45.613000+00:00,2190,1515,1,False
2026-09-09 04:17:31.597744+00:00,sess-i14tcd55mfsmttktaei,c-530d5746-aad0-4dd7-b3f4-50abb3ad39a5,beta_B,treat,quest,0.12557807887031408,False,2026-09-06T14:21:45Z,https://calmforest.cloud,e9e102ad-dc26-4d4f-9aab-0c8b2df0e925,2026-09-09 04:06:15.795000+00:00,2026-09-09 04:42:45.613000+00:00,2190,1514,1,False
2026-09-09 04:17:32.684723+00:00,sess-i14tcd55mfsmttktaei,c-530d5746-aad0-4dd7-b3f4-50abb3ad39a5,beta_B,treat,quest,0.12557807887031408,False,2026-09-06T14:21:45Z,https://calmforest.cloud,e9e102ad-dc26-4d4f-9aab-0c8b2df0e925,2026-09-09 04:06:15.795000+00:00,2026-09-09 04:42:45.613000+00:00,2190,1512,1,False
2026-09-09 04:17:34.803725+00:00,sess-i14tcd55mfsmttktaei,c-530d5746-aad0-4dd7-b3f4-50abb3ad39a5,beta_B,treat,quest,0.13805851201816682,False,2026-09-06T14:21:45Z,https://calmforest.cloud,e9e102ad-dc26-4d4f-9aab-0c8b2df0e925,2026-09-09 04:06:15.795000+00:00,2026-09-09 04:42:45.613000+00:00,2190,1510,1,False
2026-09-09 04:17:48.236321+00:00,sess-i14tcd55mfsmttktaei,c-530d5746-aad0-4dd7-b3f4-50abb3ad39a5,beta_B,treat,quest,0.17482625122616963,True,2026-09-06T14:21:45Z,https://calmforest.cloud,e9e102ad-dc26-4d4f-9aab-0c8b2df0e925,2026-09-09 04:06:15.795000+00:00,2026-09-09 04:42:45.613000+00:00,2190,1497,1,True
2026-09-09 04:17:49.299880+00:00,sess-i14tcd55mfsmttktaei,c-530d5746-aad0-4dd7-b3f4-50abb3ad39a5,beta_B,treat,quest,0.17482625122616963,True,2026-09-06T14:21:45Z,https://calmforest.cloud,e9e102ad-dc26-4d4f-9aab-0c8b2df0e925,2026-09-09 04:06:15.795000+00:00,2026-09-09 04:42:45.613000+00:00,2190,1496,1,True
2026-09-09 04:19:03.872961+00:00,sess-i14tcd55mfsmttktaei,c-530d5746-aad0-4dd7-b3f4-50abb3ad39a5,beta_B,treat,quest,0.14673102360692236,True,2026-09-06T14:21:45Z,https://calmforest.cloud,e9e102ad-dc26-4d4f-9aab-0c8b2df0e925,2026-09-09 04:06:15.795000+00:00,2026-09-09 04:42:45.613000+00:00,2190,1421,1,True
2026-09-09 04:19:05.007173+00:00,sess-i14tcd55mfsmttktaei,c-530d5746-aad0-4dd7-b3f4-50abb3ad39a5,beta_B,treat,quest,0.1266054058761274,False,2026-09-06T14:21:45Z,https://calmforest.cloud,e9e102ad-dc26-4d4f-9aab-0c8b2df0e925,2026-09-09 04:06:15.795000+00:00,2026-09-09 04:42:45.613000+00:00,2190,1420,1,False
2026-09-09 04:19:07.655661+00:00,sess-i14tcd55mfsmttktaei,c-530d5746-aad0-4dd7-b3f4-50abb3ad39a5,beta_B,treat,quest,0.1413371435368241,True,2026-09-06T14:21:45Z,https://calmforest.cloud,e9e102ad-dc26-4d4f-9aab-0c8b2df0e925,2026-09-09 04:06:15.795000+00:00,2026-09-09 04:42:45.613000+00:00,2190,1417,1,True
2026-09-09 04:19:08.552377+00:00,sess-i14tcd55mfsmttktaei,c-530d5746-aad0-4dd7-b3f4-50abb3ad39a5,beta_B,treat,quest,0.14635636589016407,True,2026-09-06T14:21:45Z,https://calmforest.cloud,e9e102ad-dc26-4d4f-9aab-0c8b2df0e925,2026-09-09 04:06:15.795000+00:00,2026-09-09 04:42:45.613000+00:00,2190,1417,1,True
2026-09-09 04:20:06.955303+00:00,sess-i14tcd55mfsmttktaei,c-530d5746-aad0-4dd7-b3f4-50abb3ad39a5,beta_B,treat,quest,0.12258370537736538,False,2026-09-06T14:21:45Z,https://calmforest.cloud,e9e102ad-dc26-4d4f-9aab-0c8b2df0e925,2026-09-09 04:06:15.795000+00:00,2026-09-09 04:42:45.613000+00:00,2190,1358,1,False
2026-09-09 04:20:09.498920+00:00,sess-i14tcd55mfsmttktaei,c-530d5746-aad0-4dd7-b3f4-50abb3ad39a5,beta_B,treat,quest,0.17049767159482035,True,2026-09-06T14:21:45Z,https://calmforest.cloud,e9e102ad-dc26-4d4f-9aab-0c8b2df0e925,2026-09-09 04:06:15.795000+00:00,2026-09-09 04:42:45.613000+00:00,2190,1356,1,True
2026-09-09 04:20:12.415636+00:00,sess-i14tcd55mfsmttktaei,c-530d5746-aad0-4dd7-b3f4-50abb3ad39a5,beta_B,treat,quest,0.16651159379478356,True,2026-09-06T14:21:45Z,https://calmforest.cloud,e9e102ad-dc26-4d4f-9aab-0c8b2df0e925,2026-09-09 04:06:15.795000+00:00,2026-09-09 04:42:45.613000+00:00,2190,1353,1,True
2026-09-09 04:20:15.613748+00:00,sess-i14tcd55mfsmttktaei,c-530d5746-aad0-4dd7-b3f4-50abb3ad39a5,beta_B,treat,quest,0.1672489348845974,True,2026-09-06T14:21:45Z,https://calmforest.cloud,e9e102ad-dc26-4d4f-9aab-0c8b2df0e925,2026-09-09 04:06:15.795000+00:00,2026-09-09 04:42:45.613000+00:00,2190,1349,1,True
2026-09-09 04:20:29.333476+00:00,sess-bnfe8ru10scmttlb7h4,c-80cc6d4c-d405-4e16-898a-f6c1e4f17a52,beta_B,control,time15,0.6270610309345584,True,2026-09-06T14:21:45Z,https://calmforest.cloud,867ef5fa-448b-44e3-9b48-a2738234b6f7,2026-09-09 04:20:11.802000+00:00,2026-09-09 04:27:03.705000+00:00,412,394,1,True
2026-09-09 04:21:33.393357+00:00,sess-i14tcd55mfsmttktaei,c-530d5746-aad0-4dd7-b3f4-50abb3ad39a5,beta_B,treat,quest,0.15381385385618782,True,2026-09-06T14:21:45Z,https://calmforest.cloud,e9e102ad-dc26-4d4f-9aab-0c8b2df0e925,2026-09-09 04:06:15.795000+00:00,2026-09-09 04:42:45.613000+00:00,2190,1272,1,True
2026-09-09 04:21:33.960653+00:00,sess-i14tcd55mfsmttktaei,c-530d5746-aad0-4dd7-b3f4-50abb3ad39a5,beta_B,treat,quest,0.1505314030569376,True,2026-09-06T14:21:45Z,https://calmforest.cloud,e9e102ad-dc26-4d4f-9aab-0c8b2df0e925,2026-09-09 04:06:15.795000+00:00,2026-09-09 04:42:45.613000+00:00,2190,1271,1,True
2026-09-09 04:21:35.039538+00:00,sess-i14tcd55mfsmttktaei,c-530d5746-aad0-4dd7-b3f4-50abb3ad39a5,beta_B,treat,quest,0.15622781455084048,True,2026-09-06T14:21:45Z,https://calmforest.cloud,e9e102ad-dc26-4d4f-9aab-0c8b2df0e925,2026-09-09 04:06:15.795000+00:00,2026-09-09 04:42:45.613000+00:00,2190,1270,1,True
2026-09-09 04:21:36.341170+00:00,sess-i14tcd55mfsmttktaei,c-530d5746-aad0-4dd7-b3f4-50abb3ad39a5,beta_B,treat,quest,0.16214037640763362,True,2026-09-06T14:21:45Z,https://calmforest.cloud,e9e102ad-dc26-4d4f-9aab-0c8b2df0e925,2026-09-09 04:06:15.795000+00:00,2026-09-09 04:42:45.613000+00:00,2190,1269,1,True
2026-09-09 04:21:40.773179+00:00,sess-i14tcd55mfsmttktaei,c-530d5746-aad0-4dd7-b3f4-50abb3ad39a5,beta_B,treat,quest,0.13414491936883582,False,2026-09-06T14:21:45Z,https://calmforest.cloud,e9e102ad-dc26-4d4f-9aab-0c8b2df0e925,2026-09-09 04:06:15.795000+00:00,2026-09-09 04:42:45.613000+00:00,2190,1264,1,False
2026-09-09 04:21:41.605810+00:00,sess-i14tcd55mfsmttktaei,c-530d5746-aad0-4dd7-b3f4-50abb3ad39a5,beta_B,treat,quest,0.12583123182851583,False,2026-09-06T14:21:45Z,https://calmforest.cloud,e9e102ad-dc26-4d4f-9aab-0c8b2df0e925,2026-09-09 04:06:15.795000+00:00,2026-09-09 04:42:45.613000+00:00,2190,1264,1,False
2026-09-09 04:21:45.339594+00:00,sess-i14tcd55mfsmttktaei,c-530d5746-aad0-4dd7-b3f4-50abb3ad39a5,beta_B,treat,quest,0.1679565654386882,True,2026-09-06T14:21:45Z,https://calmforest.cloud,e9e102ad-dc26-4d4f-9aab-0c8b2df0e925,2026-09-09 04:06:15.795000+00:00,2026-09-09 04:42:45.613000+00:00,2190,1260,1,True
2026-09-09 04:21:47.308193+00:00,sess-i14tcd55mfsmttktaei,c-530d5746-aad0-4dd7-b3f4-50abb3ad39a5,beta_B,treat,quest,0.15620734309720063,True,2026-09-06T14:21:45Z,https://calmforest.cloud,e9e102ad-dc26-4d4f-9aab-0c8b2df0e925,2026-09-09 04:06:15.795000+00:00,2026-09-09 04:42:45.613000+00:00,2190,1258,1,True
2026-09-09 04:21:54.827474+00:00,sess-bnfe8ru10scmttlb7h4,c-80cc6d4c-d405-4e16-898a-f6c1e4f17a52,beta_B,control,quest,0.1927910581353496,True,2026-09-06T14:21:45Z,https://calmforest.cloud,867ef5fa-448b-44e3-9b48-a2738234b6f7,2026-09-09 04:20:11.802000+00:00,2026-09-09 04:27:03.705000+00:00,412,308,1,True
2026-09-09 04:22:05.474549+00:00,sess-i14tcd55mfsmttktaei,c-530d5746-aad0-4dd7-b3f4-50abb3ad39a5,beta_B,treat,quest,0.07495197281015589,False,2026-09-06T14:21:45Z,https://calmforest.cloud,e9e102ad-dc26-4d4f-9aab-0c8b2df0e925,2026-09-09 04:06:15.795000+00:00,2026-09-09 04:42:45.613000+00:00,2190,1240,1,False
2026-09-09 04:22:07.814136+00:00,sess-i14tcd55mfsmttktaei,c-530d5746-aad0-4dd7-b3f4-50abb3ad39a5,beta_B,treat,quest,0.11362412844596963,False,2026-09-06T14:21:45Z,https://calmforest.cloud,e9e102ad-dc26-4d4f-9aab-0c8b2df0e925,2026-09-09 04:06:15.795000+00:00,2026-09-09 04:42:45.613000+00:00,2190,1237,1,False
2026-09-09 04:22:09.374406+00:00,sess-i14tcd55mfsmttktaei,c-530d5746-aad0-4dd7-b3f4-50abb3ad39a5,beta_B,treat,quest,0.15427741367469008,True,2026-09-06T14:21:45Z,https://calmforest.cloud,e9e102ad-dc26-4d4f-9aab-0c8b2df0e925,2026-09-09 04:06:15.795000+00:00,2026-09-09 04:42:45.613000+00:00,2190,1236,1,True
2026-09-09 04:22:10.735033+00:00,sess-i14tcd55mfsmttktaei,c-530d5746-aad0-4dd7-b3f4-50abb3ad39a5,beta_B,treat,quest,0.15572657976496335,True,2026-09-06T14:21:45Z,https://calmforest.cloud,e9e102ad-dc26-4d4f-9aab-0c8b2df0e925,2026-09-09 04:06:15.795000+00:00,2026-09-09 04:42:45.613000+00:00,2190,1234,1,True
2026-09-09 04:22:13.626715+00:00,sess-i14tcd55mfsmttktaei,c-530d5746-aad0-4dd7-b3f4-50abb3ad39a5,beta_B,treat,quest,0.17109535872351453,True,2026-09-06T14:21:45Z,https://calmforest.cloud,e9e102ad-dc26-4d4f-9aab-0c8b2df0e925,2026-09-09 04:06:15.795000+00:00,2026-09-09 04:42:45.613000+00:00,2190,1231,1,True
2026-09-09 04:22:16.093185+00:00,sess-i14tcd55mfsmttktaei,c-530d5746-aad0-4dd7-b3f4-50abb3ad39a5,beta_B,treat,quest,0.16570402080859703,True,2026-09-06T14:21:45Z,https://calmforest.cloud,e9e102ad-dc26-4d4f-9aab-0c8b2df0e925,2026-09-09 04:06:15.795000+00:00,2026-09-09 04:42:45.613000+00:00,2190,1229,1,True
2026-09-09 04:22:26.322210+00:00,sess-bnfe8ru10scmttlb7h4,c-80cc6d4c-d405-4e16-898a-f6c1e4f17a52,beta_B,control,quest,0.08662906928786493,False,2026-09-06T14:21:45Z,https://calmforest.cloud,867ef5fa-448b-44e3-9b48-a2738234b6f7,2026-09-09 04:20:11.802000+00:00,2026-09-09 04:27:03.705000+00:00,412,277,1,False
2026-09-09 04:23:21.713100+00:00,sess-bnfe8ru10scmttlb7h4,c-80cc6d4c-d405-4e16-898a-f6c1e4f17a52,beta_B,control,quest,0.19273239444753526,True,2026-09-06T14:21:45Z,https://calmforest.cloud,867ef5fa-448b-44e3-9b48-a2738234b6f7,2026-09-09 04:20:11.802000+00:00,2026-09-09 04:27:03.705000+00:00,412,221,1,True
2026-09-09 04:23:23.508131+00:00,sess-bnfe8ru10scmttlb7h4,c-80cc6d4c-d405-4e16-898a-f6c1e4f17a52,beta_B,control,quest,0.15202006794829834,True,2026-09-06T14:21:45Z,https://calmforest.cloud,867ef5fa-448b-44e3-9b48-a2738234b6f7,2026-09-09 04:20:11.802000+00:00,2026-09-09 04:27:03.705000+00:00,412,220,1,True
2026-09-09 04:23:34.027467+00:00,sess-bnfe8ru10scmttlb7h4,c-80cc6d4c-d405-4e16-898a-f6c1e4f17a52,beta_B,control,quest,0.060071096503808874,False,2026-09-06T14:21:45Z,https://calmforest.cloud,867ef5fa-448b-44e3-9b48-a2738234b6f7,2026-09-09 04:20:11.802000+00:00,2026-09-09 04:27:03.705000+00:00,412,209,1,False
2026-09-09 04:23:37.537479+00:00,sess-bnfe8ru10scmttlb7h4,c-80cc6d4c-d405-4e16-898a-f6c1e4f17a52,beta_B,control,quest,0.13998053305305924,True,2026-09-06T14:21:45Z,https://calmforest.cloud,867ef5fa-448b-44e3-9b48-a2738234b6f7,2026-09-09 04:20:11.802000+00:00,2026-09-09 04:27:03.705000+00:00,412,206,1,True
2026-09-09 04:23:38.860835+00:00,sess-bnfe8ru10scmttlb7h4,c-80cc6d4c-d405-4e16-898a-f6c1e4f17a52,beta_B,control,quest,0.17022731027703858,True,2026-09-06T14:21:45Z,https://calmforest.cloud,867ef5fa-448b-44e3-9b48-a2738234b6f7,2026-09-09 04:20:11.802000+00:00,2026-09-09 04:27:03.705000+00:00,412,204,1,True
2026-09-09 04:24:30.645451+00:00,sess-i14tcd55mfsmttktaei,c-530d5746-aad0-4dd7-b3f4-50abb3ad39a5,beta_B,treat,quest,0.17157819390379098,True,2026-09-06T14:21:45Z,https://calmforest.cloud,e9e102ad-dc26-4d4f-9aab-0c8b2df0e925,2026-09-09 04:06:15.795000+00:00,2026-09-09 04:42:45.613000+00:00,2190,1094,1,True
2026-09-09 04:24:31.862710+00:00,sess-i14tcd55mfsmttktaei,c-530d5746-aad0-4dd7-b3f4-50abb3ad39a5,beta_B,treat,quest,0.15740862788690013,True,2026-09-06T14:21:45Z,https://calmforest.cloud,e9e102ad-dc26-4d4f-9aab-0c8b2df0e925,2026-09-09 04:06:15.795000+00:00,2026-09-09 04:42:45.613000+00:00,2190,1093,1,True
2026-09-09 04:24:34.112592+00:00,sess-i14tcd55mfsmttktaei,c-530d5746-aad0-4dd7-b3f4-50abb3ad39a5,beta_B,treat,quest,0.15856830182390855,True,2026-09-06T14:21:45Z,https://calmforest.cloud,e9e102ad-dc26-4d4f-9aab-0c8b2df0e925,2026-09-09 04:06:15.795000+00:00,2026-09-09 04:42:45.613000+00:00,2190,1091,1,True
2026-09-09 04:24:34.626051+00:00,sess-i14tcd55mfsmttktaei,c-530d5746-aad0-4dd7-b3f4-50abb3ad39a5,beta_B,treat,quest,0.15856830182390855,True,2026-09-06T14:21:45Z,https://calmforest.cloud,e9e102ad-dc26-4d4f-9aab-0c8b2df0e925,2026-09-09 04:06:15.795000+00:00,2026-09-09 04:42:45.613000+00:00,2190,1090,1,True
2026-09-09 04:24:40.357562+00:00,sess-i14tcd55mfsmttktaei,c-530d5746-aad0-4dd7-b3f4-50abb3ad39a5,beta_B,treat,quest,0.16406062385757095,True,2026-09-06T14:21:45Z,https://calmforest.cloud,e9e102ad-dc26-4d4f-9aab-0c8b2df0e925,2026-09-09 04:06:15.795000+00:00,2026-09-09 04:42:45.613000+00:00,2190,1085,1,True
2026-09-09 04:24:42.780429+00:00,sess-i14tcd55mfsmttktaei,c-530d5746-aad0-4dd7-b3f4-50abb3ad39a5,beta_B,treat,quest,0.16534733266478963,True,2026-09-06T14:21:45Z,https://calmforest.cloud,e9e102ad-dc26-4d4f-9aab-0c8b2df0e925,2026-09-09 04:06:15.795000+00:00,2026-09-09 04:42:45.613000+00:00,2190,1082,1,True
2026-09-09 04:24:46.893751+00:00,sess-i14tcd55mfsmttktaei,c-530d5746-aad0-4dd7-b3f4-50abb3ad39a5,beta_B,treat,quest,0.12371930748101606,False,2026-09-06T14:21:45Z,https://calmforest.cloud,e9e102ad-dc26-4d4f-9aab-0c8b2df0e925,2026-09-09 04:06:15.795000+00:00,2026-09-09 04:42:45.613000+00:00,2190,1078,1,False
2026-09-09 04:24:47.745440+00:00,sess-i14tcd55mfsmttktaei,c-530d5746-aad0-4dd7-b3f4-50abb3ad39a5,beta_B,treat,quest,0.15122535768493967,True,2026-09-06T14:21:45Z,https://calmforest.cloud,e9e102ad-dc26-4d4f-9aab-0c8b2df0e925,2026-09-09 04:06:15.795000+00:00,2026-09-09 04:42:45.613000+00:00,2190,1077,1,True
2026-09-09 04:25:19.090475+00:00,sess-i14tcd55mfsmttktaei,c-530d5746-aad0-4dd7-b3f4-50abb3ad39a5,beta_B,treat,quest,0.11480753963570395,False,2026-09-06T14:21:45Z,https://calmforest.cloud,e9e102ad-dc26-4d4f-9aab-0c8b2df0e925,2026-09-09 04:06:15.795000+00:00,2026-09-09 04:42:45.613000+00:00,2190,1046,1,False
2026-09-09 04:25:19.923460+00:00,sess-i14tcd55mfsmttktaei,c-530d5746-aad0-4dd7-b3f4-50abb3ad39a5,beta_B,treat,quest,0.15186010057046806,True,2026-09-06T14:21:45Z,https://calmforest.cloud,e9e102ad-dc26-4d4f-9aab-0c8b2df0e925,2026-09-09 04:06:15.795000+00:00,2026-09-09 04:42:45.613000+00:00,2190,1045,1,True
2026-09-09 04:25:36.348444+00:00,sess-i14tcd55mfsmttktaei,c-530d5746-aad0-4dd7-b3f4-50abb3ad39a5,beta_B,treat,quest,0.15108515620102816,True,2026-09-06T14:21:45Z,https://calmforest.cloud,e9e102ad-dc26-4d4f-9aab-0c8b2df0e925,2026-09-09 04:06:15.795000+00:00,2026-09-09 04:42:45.613000+00:00,2190,1029,1,True
2026-09-09 04:25:37.305220+00:00,sess-i14tcd55mfsmttktaei,c-530d5746-aad0-4dd7-b3f4-50abb3ad39a5,beta_B,treat,quest,0.16306579104070817,True,2026-09-06T14:21:45Z,https://calmforest.cloud,e9e102ad-dc26-4d4f-9aab-0c8b2df0e925,2026-09-09 04:06:15.795000+00:00,2026-09-09 04:42:45.613000+00:00,2190,1028,1,True
2026-09-09 04:25:41.202046+00:00,sess-i14tcd55mfsmttktaei,c-530d5746-aad0-4dd7-b3f4-50abb3ad39a5,beta_B,treat,quest,0.16957050136043506,True,2026-09-06T14:21:45Z,https://calmforest.cloud,e9e102ad-dc26-4d4f-9aab-0c8b2df0e925,2026-09-09 04:06:15.795000+00:00,2026-09-09 04:42:45.613000+00:00,2190,1024,1,True
2026-09-09 04:25:44.330797+00:00,sess-i14tcd55mfsmttktaei,c-530d5746-aad0-4dd7-b3f4-50abb3ad39a5,beta_B,treat,quest,0.167080185133998,True,2026-09-06T14:21:45Z,https://calmforest.cloud,e9e102ad-dc26-4d4f-9aab-0c8b2df0e925,2026-09-09 04:06:15.795000+00:00,2026-09-09 04:42:45.613000+00:00,2190,1021,1,True
2026-09-09 04:25:47.996189+00:00,sess-i14tcd55mfsmttktaei,c-530d5746-aad0-4dd7-b3f4-50abb3ad39a5,beta_B,treat,quest,0.170210900817532,True,2026-09-06T14:21:45Z,https://calmforest.cloud,e9e102ad-dc26-4d4f-9aab-0c8b2df0e925,2026-09-09 04:06:15.795000+00:00,2026-09-09 04:42:45.613000+00:00,2190,1017,1,True
2026-09-09 04:26:21.715362+00:00,sess-bnfe8ru10scmttlb7h4,c-80cc6d4c-d405-4e16-898a-f6c1e4f17a52,beta_B,control,quest,0.207115426680537,True,2026-09-06T14:21:45Z,https://calmforest.cloud,867ef5fa-448b-44e3-9b48-a2738234b6f7,2026-09-09 04:20:11.802000+00:00,2026-09-09 04:27:03.705000+00:00,412,41,0,True
2026-09-09 04:26:24.514066+00:00,sess-i14tcd55mfsmttktaei,c-530d5746-aad0-4dd7-b3f4-50abb3ad39a5,beta_B,treat,quest,0.16912003045582066,True,2026-09-06T14:21:45Z,https://calmforest.cloud,e9e102ad-dc26-4d4f-9aab-0c8b2df0e925,2026-09-09 04:06:15.795000+00:00,2026-09-09 04:42:45.613000+00:00,2190,981,1,True
2026-09-09 04:26:25.363811+00:00,sess-i14tcd55mfsmttktaei,c-530d5746-aad0-4dd7-b3f4-50abb3ad39a5,beta_B,treat,quest,0.14290228574487246,True,2026-09-06T14:21:45Z,https://calmforest.cloud,e9e102ad-dc26-4d4f-9aab-0c8b2df0e925,2026-09-09 04:06:15.795000+00:00,2026-09-09 04:42:45.613000+00:00,2190,980,1,True
2026-09-09 04:26:25.590133+00:00,sess-bnfe8ru10scmttlb7h4,c-80cc6d4c-d405-4e16-898a-f6c1e4f17a52,beta_B,control,quest,0.18143874699199947,True,2026-09-06T14:21:45Z,https://calmforest.cloud,867ef5fa-448b-44e3-9b48-a2738234b6f7,2026-09-09 04:20:11.802000+00:00,2026-09-09 04:27:03.705000+00:00,412,38,0,True
2026-09-09 04:26:26.448732+00:00,sess-i14tcd55mfsmttktaei,c-530d5746-aad0-4dd7-b3f4-50abb3ad39a5,beta_B,treat,quest,0.14198789645149534,True,2026-09-06T14:21:45Z,https://calmforest.cloud,e9e102ad-dc26-4d4f-9aab-0c8b2df0e925,2026-09-09 04:06:15.795000+00:00,2026-09-09 04:42:45.613000+00:00,2190,979,1,True
2026-09-09 04:26:27.826146+00:00,sess-i14tcd55mfsmttktaei,c-530d5746-aad0-4dd7-b3f4-50abb3ad39a5,beta_B,treat,quest,0.1430425994512029,True,2026-09-06T14:21:45Z,https://calmforest.cloud,e9e102ad-dc26-4d4f-9aab-0c8b2df0e925,2026-09-09 04:06:15.795000+00:00,2026-09-09 04:42:45.613000+00:00,2190,977,1,True
2026-09-09 04:26:28.707980+00:00,sess-i14tcd55mfsmttktaei,c-530d5746-aad0-4dd7-b3f4-50abb3ad39a5,beta_B,treat,quest,0.15903348309522045,True,2026-09-06T14:21:45Z,https://calmforest.cloud,e9e102ad-dc26-4d4f-9aab-0c8b2df0e925,2026-09-09 04:06:15.795000+00:00,2026-09-09 04:42:45.613000+00:00,2190,976,1,True
2026-09-09 04:26:29.415958+00:00,sess-i14tcd55mfsmttktaei,c-530d5746-aad0-4dd7-b3f4-50abb3ad39a5,beta_B,treat,quest,0.17559241074324136,True,2026-09-06T14:21:45Z,https://calmforest.cloud,e9e102ad-dc26-4d4f-9aab-0c8b2df0e925,2026-09-09 04:06:15.795000+00:00,2026-09-09 04:42:45.613000+00:00,2190,976,1,True
2026-09-09 04:26:30.504124+00:00,sess-i14tcd55mfsmttktaei,c-530d5746-aad0-4dd7-b3f4-50abb3ad39a5,beta_B,treat,quest,0.1761388655753654,True,2026-09-06T14:21:45Z,https://calmforest.cloud,e9e102ad-dc26-4d4f-9aab-0c8b2df0e925,2026-09-09 04:06:15.795000+00:00,2026-09-09 04:42:45.613000+00:00,2190,975,1,True
2026-09-09 04:26:34.314816+00:00,sess-i14tcd55mfsmttktaei,c-530d5746-aad0-4dd7-b3f4-50abb3ad39a5,beta_B,treat,quest,0.17189951773049872,True,2026-09-06T14:21:45Z,https://calmforest.cloud,e9e102ad-dc26-4d4f-9aab-0c8b2df0e925,2026-09-09 04:06:15.795000+00:00,2026-09-09 04:42:45.613000+00:00,2190,971,1,True
2026-09-09 04:26:36.677235+00:00,sess-i14tcd55mfsmttktaei,c-530d5746-aad0-4dd7-b3f4-50abb3ad39a5,beta_B,treat,quest,0.16782672097369317,True,2026-09-06T14:21:45Z,https://calmforest.cloud,e9e102ad-dc26-4d4f-9aab-0c8b2df0e925,2026-09-09 04:06:15.795000+00:00,2026-09-09 04:42:45.613000+00:00,2190,968,1,True
2026-09-09 04:26:40.093376+00:00,sess-bnfe8ru10scmttlb7h4,c-80cc6d4c-d405-4e16-898a-f6c1e4f17a52,beta_B,control,quest,0.19263883948453397,True,2026-09-06T14:21:45Z,https://calmforest.cloud,867ef5fa-448b-44e3-9b48-a2738234b6f7,2026-09-09 04:20:11.802000+00:00,2026-09-09 04:27:03.705000+00:00,412,23,0,True
2026-09-09 04:26:41.551384+00:00,sess-bnfe8ru10scmttlb7h4,c-80cc6d4c-d405-4e16-898a-f6c1e4f17a52,beta_B,control,quest,0.1836292597323768,True,2026-09-06T14:21:45Z,https://calmforest.cloud,867ef5fa-448b-44e3-9b48-a2738234b6f7,2026-09-09 04:20:11.802000+00:00,2026-09-09 04:27:03.705000+00:00,412,22,0,True
2026-09-09 04:26:44.941433+00:00,sess-bnfe8ru10scmttlb7h4,c-80cc6d4c-d405-4e16-898a-f6c1e4f17a52,beta_B,control,quest,0.126475948285117,False,2026-09-06T14:21:45Z,https://calmforest.cloud,867ef5fa-448b-44e3-9b48-a2738234b6f7,2026-09-09 04:20:11.802000+00:00,2026-09-09 04:27:03.705000+00:00,412,18,0,False
2026-09-09 04:26:47.174048+00:00,sess-bnfe8ru10scmttlb7h4,c-80cc6d4c-d405-4e16-898a-f6c1e4f17a52,beta_B,control,quest,0.15155239969506945,True,2026-09-06T14:21:45Z,https://calmforest.cloud,867ef5fa-448b-44e3-9b48-a2738234b6f7,2026-09-09 04:20:11.802000+00:00,2026-09-09 04:27:03.705000+00:00,412,16,0,True
2026-09-09 04:26:54.810059+00:00,sess-bnfe8ru10scmttlb7h4,c-80cc6d4c-d405-4e16-898a-f6c1e4f17a52,beta_B,control,quest,0.19278523341025153,True,2026-09-06T14:21:45Z,https://calmforest.cloud,867ef5fa-448b-44e3-9b48-a2738234b6f7,2026-09-09 04:20:11.802000+00:00,2026-09-09 04:27:03.705000+00:00,412,8,0,True
2026-09-09 04:26:56.024158+00:00,sess-bnfe8ru10scmttlb7h4,c-80cc6d4c-d405-4e16-898a-f6c1e4f17a52,beta_B,control,quest,0.16259328949338514,True,2026-09-06T14:21:45Z,https://calmforest.cloud,867ef5fa-448b-44e3-9b48-a2738234b6f7,2026-09-09 04:20:11.802000+00:00,2026-09-09 04:27:03.705000+00:00,412,7,0,True
2026-09-09 04:27:09.907424+00:00,sess-i14tcd55mfsmttktaei,c-530d5746-aad0-4dd7-b3f4-50abb3ad39a5,beta_B,treat,quest,0.16070002902962166,True,2026-09-06T14:21:45Z,https://calmforest.cloud,e9e102ad-dc26-4d4f-9aab-0c8b2df0e925,2026-09-09 04:06:15.795000+00:00,2026-09-09 04:42:45.613000+00:00,2190,935,1,True
2026-09-09 04:27:10.505994+00:00,sess-i14tcd55mfsmttktaei,c-530d5746-aad0-4dd7-b3f4-50abb3ad39a5,beta_B,treat,quest,0.1523344628713009,True,2026-09-06T14:21:45Z,https://calmforest.cloud,e9e102ad-dc26-4d4f-9aab-0c8b2df0e925,2026-09-09 04:06:15.795000+00:00,2026-09-09 04:42:45.613000+00:00,2190,935,1,True
2026-09-09 04:27:11.025065+00:00,sess-i14tcd55mfsmttktaei,c-530d5746-aad0-4dd7-b3f4-50abb3ad39a5,beta_B,treat,quest,0.1505661588945592,True,2026-09-06T14:21:45Z,https://calmforest.cloud,e9e102ad-dc26-4d4f-9aab-0c8b2df0e925,2026-09-09 04:06:15.795000+00:00,2026-09-09 04:42:45.613000+00:00,2190,934,1,True
2026-09-09 04:27:12.635470+00:00,sess-i14tcd55mfsmttktaei,c-530d5746-aad0-4dd7-b3f4-50abb3ad39a5,beta_B,treat,quest,0.1487874451001076,True,2026-09-06T14:21:45Z,https://calmforest.cloud,e9e102ad-dc26-4d4f-9aab-0c8b2df0e925,2026-09-09 04:06:15.795000+00:00,2026-09-09 04:42:45.613000+00:00,2190,932,1,True
2026-09-09 04:27:16.572603+00:00,sess-i14tcd55mfsmttktaei,c-530d5746-aad0-4dd7-b3f4-50abb3ad39a5,beta_B,treat,quest,0.16906322811720603,True,2026-09-06T14:21:45Z,https://calmforest.cloud,e9e102ad-dc26-4d4f-9aab-0c8b2df0e925,2026-09-09 04:06:15.795000+00:00,2026-09-09 04:42:45.613000+00:00,2190,929,1,True
2026-09-09 04:27:30.071322+00:00,sess-i14tcd55mfsmttktaei,c-530d5746-aad0-4dd7-b3f4-50abb3ad39a5,beta_B,treat,quest,0.15240272022740614,True,2026-09-06T14:21:45Z,https://calmforest.cloud,e9e102ad-dc26-4d4f-9aab-0c8b2df0e925,2026-09-09 04:06:15.795000+00:00,2026-09-09 04:42:45.613000+00:00,2190,915,1,True
2026-09-09 04:30:28.874411+00:00,sess-i14tcd55mfsmttktaei,c-530d5746-aad0-4dd7-b3f4-50abb3ad39a5,beta_B,treat,quest,0.16915286775854319,True,2026-09-06T14:21:45Z,https://calmforest.cloud,e9e102ad-dc26-4d4f-9aab-0c8b2df0e925,2026-09-09 04:06:15.795000+00:00,2026-09-09 04:42:45.613000+00:00,2190,736,1,True
2026-09-09 04:30:32.463083+00:00,sess-i14tcd55mfsmttktaei,c-530d5746-aad0-4dd7-b3f4-50abb3ad39a5,beta_B,treat,quest,0.16680289044660623,True,2026-09-06T14:21:45Z,https://calmforest.cloud,e9e102ad-dc26-4d4f-9aab-0c8b2df0e925,2026-09-09 04:06:15.795000+00:00,2026-09-09 04:42:45.613000+00:00,2190,733,1,True
2026-09-09 04:41:29.108931+00:00,sess-i14tcd55mfsmttktaei,c-530d5746-aad0-4dd7-b3f4-50abb3ad39a5,beta_B,treat,quest,0.1841073660666585,True,2026-09-06T14:21:45Z,https://calmforest.cloud,e9e102ad-dc26-4d4f-9aab-0c8b2df0e925,2026-09-09 04:06:15.795000+00:00,2026-09-09 04:42:45.613000+00:00,2190,76,1,True
2026-09-09 04:41:38.051689+00:00,sess-i14tcd55mfsmttktaei,c-530d5746-aad0-4dd7-b3f4-50abb3ad39a5,beta_B,treat,quest,0.1714291148680844,True,2026-09-06T14:21:45Z,https://calmforest.cloud,e9e102ad-dc26-4d4f-9aab-0c8b2df0e925,2026-09-09 04:06:15.795000+00:00,2026-09-09 04:42:45.613000+00:00,2190,67,1,True
2026-09-09 04:46:03.910820+00:00,sess-jpcnul537wpmttm882n,c-530d5746-aad0-4dd7-b3f4-50abb3ad39a5,beta_B,control,quest,0.15585640843107298,True,2026-09-06T14:21:45Z,https://calmforest.cloud,e9e102ad-dc26-4d4f-9aab-0c8b2df0e925,2026-09-09 04:45:52.228000+00:00,2026-09-09 04:46:08.086000+00:00,16,4,0,True
2026-09-09 05:10:08.080333+00:00,sess-tpvi5wlb1s9mttn39j0,c-530d5746-aad0-4dd7-b3f4-50abb3ad39a5,beta_B,treat,quest,0.1678537605410284,True,2026-09-06T14:21:45Z,https://calmforest.cloud,e9e102ad-dc26-4d4f-9aab-0c8b2df0e925,2026-09-09 05:10:00.449000+00:00,2026-09-09 05:39:51.288000+00:00,1791,1783,1,True
2026-09-09 05:10:08.912181+00:00,sess-tpvi5wlb1s9mttn39j0,c-530d5746-aad0-4dd7-b3f4-50abb3ad39a5,beta_B,treat,quest,0.1690438452584226,True,2026-09-06T14:21:45Z,https://calmforest.cloud,e9e102ad-dc26-4d4f-9aab-0c8b2df0e925,2026-09-09 05:10:00.449000+00:00,2026-09-09 05:39:51.288000+00:00,1791,1782,1,True
2026-09-09 05:10:09.657700+00:00,sess-tpvi5wlb1s9mttn39j0,c-530d5746-aad0-4dd7-b3f4-50abb3ad39a5,beta_B,treat,quest,0.16854553482688336,True,2026-09-06T14:21:45Z,https://calmforest.cloud,e9e102ad-dc26-4d4f-9aab-0c8b2df0e925,2026-09-09 05:10:00.449000+00:00,2026-09-09 05:39:51.288000+00:00,1791,1781,1,True
2026-09-09 05:10:10.849885+00:00,sess-tpvi5wlb1s9mttn39j0,c-530d5746-aad0-4dd7-b3f4-50abb3ad39a5,beta_B,treat,quest,0.16854553482688336,True,2026-09-06T14:21:45Z,https://calmforest.cloud,e9e102ad-dc26-4d4f-9aab-0c8b2df0e925,2026-09-09 05:10:00.449000+00:00,2026-09-09 05:39:51.288000+00:00,1791,1780,1,True
2026-09-09 05:10:13.740024+00:00,sess-tpvi5wlb1s9mttn39j0,c-530d5746-aad0-4dd7-b3f4-50abb3ad39a5,beta_B,treat,quest,0.17407372346761288,True,2026-09-06T14:21:45Z,https://calmforest.cloud,e9e102ad-dc26-4d4f-9aab-0c8b2df0e925,2026-09-09 05:10:00.449000+00:00,2026-09-09 05:39:51.288000+00:00,1791,1777,1,True
2026-09-09 05:10:17.246445+00:00,sess-tpvi5wlb1s9mttn39j0,c-530d5746-aad0-4dd7-b3f4-50abb3ad39a5,beta_B,treat,time15,0.43108540958623964,False,2026-09-06T14:21:45Z,https://calmforest.cloud,e9e102ad-dc26-4d4f-9aab-0c8b2df0e925,2026-09-09 05:10:00.449000+00:00,2026-09-09 05:39:51.288000+00:00,1791,1774,1,False
2026-09-09 05:10:24.058089+00:00,sess-tpvi5wlb1s9mttn39j0,c-530d5746-aad0-4dd7-b3f4-50abb3ad39a5,beta_B,treat,quest,0.1424682771913744,True,2026-09-06T14:21:45Z,https://calmforest.cloud,e9e102ad-dc26-4d4f-9aab-0c8b2df0e925,2026-09-09 05:10:00.449000+00:00,2026-09-09 05:39:51.288000+00:00,1791,1767,1,True
2026-09-09 05:10:27.057816+00:00,sess-tpvi5wlb1s9mttn39j0,c-530d5746-aad0-4dd7-b3f4-50abb3ad39a5,beta_B,treat,quest,0.14874303657543597,True,2026-09-06T14:21:45Z,https://calmforest.cloud,e9e102ad-dc26-4d4f-9aab-0c8b2df0e925,2026-09-09 05:10:00.449000+00:00,2026-09-09 05:39:51.288000+00:00,1791,1764,1,True
2026-09-09 05:10:31.746836+00:00,sess-tpvi5wlb1s9mttn39j0,c-530d5746-aad0-4dd7-b3f4-50abb3ad39a5,beta_B,treat,quest,0.163320933856559,True,2026-09-06T14:21:45Z,https://calmforest.cloud,e9e102ad-dc26-4d4f-9aab-0c8b2df0e925,2026-09-09 05:10:00.449000+00:00,2026-09-09 05:39:51.288000+00:00,1791,1759,1,True
2026-09-09 05:30:30.404146+00:00,sess-qsx0saqfhthmttnt8e4,c-d0173dd9-8e73-43f0-9c3b-016844ffa5a6,beta_B,control,time15,0.4396317427961297,False,2026-09-06T14:21:45Z,https://calmforest.cloud,96ce06d2-f9f0-4eaa-ae7e-f85a84b100b5,2026-09-09 05:30:12.044000+00:00,2026-09-09 05:46:39.244000+00:00,987,968,1,False
2026-09-09 05:33:15.737647+00:00,sess-qsx0saqfhthmttnt8e4,c-d0173dd9-8e73-43f0-9c3b-016844ffa5a6,beta_B,control,quest,0.18634263242962512,True,2026-09-06T14:21:45Z,https://calmforest.cloud,96ce06d2-f9f0-4eaa-ae7e-f85a84b100b5,2026-09-09 05:30:12.044000+00:00,2026-09-09 05:46:39.244000+00:00,987,803,1,True
2026-09-09 05:33:17.286796+00:00,sess-tpvi5wlb1s9mttn39j0,c-530d5746-aad0-4dd7-b3f4-50abb3ad39a5,beta_B,treat,quest,0.26951679822869856,True,2026-09-06T14:21:45Z,https://calmforest.cloud,e9e102ad-dc26-4d4f-9aab-0c8b2df0e925,2026-09-09 05:10:00.449000+00:00,2026-09-09 05:39:51.288000+00:00,1791,394,1,True
2026-09-09 05:33:20.161356+00:00,sess-qsx0saqfhthmttnt8e4,c-d0173dd9-8e73-43f0-9c3b-016844ffa5a6,beta_B,control,quest,0.18202105544432573,True,2026-09-06T14:21:45Z,https://calmforest.cloud,96ce06d2-f9f0-4eaa-ae7e-f85a84b100b5,2026-09-09 05:30:12.044000+00:00,2026-09-09 05:46:39.244000+00:00,987,799,1,True
2026-09-09 05:33:26.753726+00:00,sess-qsx0saqfhthmttnt8e4,c-d0173dd9-8e73-43f0-9c3b-016844ffa5a6,beta_B,control,quest,0.19226401555021647,True,2026-09-06T14:21:45Z,https://calmforest.cloud,96ce06d2-f9f0-4eaa-ae7e-f85a84b100b5,2026-09-09 05:30:12.044000+00:00,2026-09-09 05:46:39.244000+00:00,987,792,1,True
2026-09-09 05:33:32.072383+00:00,sess-qsx0saqfhthmttnt8e4,c-d0173dd9-8e73-43f0-9c3b-016844ffa5a6,beta_B,control,quest,0.19267678184181197,True,2026-09-06T14:21:45Z,https://calmforest.cloud,96ce06d2-f9f0-4eaa-ae7e-f85a84b100b5,2026-09-09 05:30:12.044000+00:00,2026-09-09 05:46:39.244000+00:00,987,787,1,True
2026-09-09 05:33:40.650775+00:00,sess-qsx0saqfhthmttnt8e4,c-d0173dd9-8e73-43f0-9c3b-016844ffa5a6,beta_B,control,quest,0.2012290253310811,True,2026-09-06T14:21:45Z,https://calmforest.cloud,96ce06d2-f9f0-4eaa-ae7e-f85a84b100b5,2026-09-09 05:30:12.044000+00:00,2026-09-09 05:46:39.244000+00:00,987,778,1,True
2026-09-09 05:33:55.638437+00:00,sess-tpvi5wlb1s9mttn39j0,c-530d5746-aad0-4dd7-b3f4-50abb3ad39a5,beta_B,treat,quest,0.1645123499715347,True,2026-09-06T14:21:45Z,https://calmforest.cloud,e9e102ad-dc26-4d4f-9aab-0c8b2df0e925,2026-09-09 05:10:00.449000+00:00,2026-09-09 05:39:51.288000+00:00,1791,355,1,True
2026-09-09 05:34:18.571585+00:00,sess-qsx0saqfhthmttnt8e4,c-d0173dd9-8e73-43f0-9c3b-016844ffa5a6,beta_B,control,quest,0.19330395997687297,True,2026-09-06T14:21:45Z,https://calmforest.cloud,96ce06d2-f9f0-4eaa-ae7e-f85a84b100b5,2026-09-09 05:30:12.044000+00:00,2026-09-09 05:46:39.244000+00:00,987,740,1,True
2026-09-09 05:34:19.022193+00:00,sess-qsx0saqfhthmttnt8e4,c-d0173dd9-8e73-43f0-9c3b-016844ffa5a6,beta_B,control,quest,0.19520490388972336,True,2026-09-06T14:21:45Z,https://calmforest.cloud,96ce06d2-f9f0-4eaa-ae7e-f85a84b100b5,2026-09-09 05:30:12.044000+00:00,2026-09-09 05:46:39.244000+00:00,987,740,1,True
2026-09-09 05:36:25.383324+00:00,sess-qsx0saqfhthmttnt8e4,c-d0173dd9-8e73-43f0-9c3b-016844ffa5a6,beta_B,control,quest,0.19403870956546335,True,2026-09-06T14:21:45Z,https://calmforest.cloud,96ce06d2-f9f0-4eaa-ae7e-f85a84b100b5,2026-09-09 05:30:12.044000+00:00,2026-09-09 05:46:39.244000+00:00,987,613,1,True
2026-09-09 05:37:18.274498+00:00,sess-qsx0saqfhthmttnt8e4,c-d0173dd9-8e73-43f0-9c3b-016844ffa5a6,beta_B,control,quest,0.19157627635261976,True,2026-09-06T14:21:45Z,https://calmforest.cloud,96ce06d2-f9f0-4eaa-ae7e-f85a84b100b5,2026-09-09 05:30:12.044000+00:00,2026-09-09 05:46:39.244000+00:00,987,560,1,True
2026-09-09 05:37:20.265474+00:00,sess-qsx0saqfhthmttnt8e4,c-d0173dd9-8e73-43f0-9c3b-016844ffa5a6,beta_B,control,quest,0.19427851775435945,True,2026-09-06T14:21:45Z,https://calmforest.cloud,96ce06d2-f9f0-4eaa-ae7e-f85a84b100b5,2026-09-09 05:30:12.044000+00:00,2026-09-09 05:46:39.244000+00:00,987,558,1,True
2026-09-09 05:37:22.842920+00:00,sess-qsx0saqfhthmttnt8e4,c-d0173dd9-8e73-43f0-9c3b-016844ffa5a6,beta_B,control,quest,0.19824310350173205,True,2026-09-06T14:21:45Z,https://calmforest.cloud,96ce06d2-f9f0-4eaa-ae7e-f85a84b100b5,2026-09-09 05:30:12.044000+00:00,2026-09-09 05:46:39.244000+00:00,987,556,1,True
2026-09-09 05:37:25.281730+00:00,sess-qsx0saqfhthmttnt8e4,c-d0173dd9-8e73-43f0-9c3b-016844ffa5a6,beta_B,control,quest,0.18922683914349783,True,2026-09-06T14:21:45Z,https://calmforest.cloud,96ce06d2-f9f0-4eaa-ae7e-f85a84b100b5,2026-09-09 05:30:12.044000+00:00,2026-09-09 05:46:39.244000+00:00,987,553,1,True
2026-09-09 05:37:26.251147+00:00,sess-qsx0saqfhthmttnt8e4,c-d0173dd9-8e73-43f0-9c3b-016844ffa5a6,beta_B,control,quest,0.18922683914349783,True,2026-09-06T14:21:45Z,https://calmforest.cloud,96ce06d2-f9f0-4eaa-ae7e-f85a84b100b5,2026-09-09 05:30:12.044000+00:00,2026-09-09 05:46:39.244000+00:00,987,552,1,True
2026-09-09 05:37:41.571823+00:00,sess-qsx0saqfhthmttnt8e4,c-d0173dd9-8e73-43f0-9c3b-016844ffa5a6,beta_B,control,quest,0.1920037971102886,True,2026-09-06T14:21:45Z,https://calmforest.cloud,96ce06d2-f9f0-4eaa-ae7e-f85a84b100b5,2026-09-09 05:30:12.044000+00:00,2026-09-09 05:46:39.244000+00:00,987,537,1,True
2026-09-09 05:37:42.923559+00:00,sess-qsx0saqfhthmttnt8e4,c-d0173dd9-8e73-43f0-9c3b-016844ffa5a6,beta_B,control,quest,0.17428309786668505,True,2026-09-06T14:21:45Z,https://calmforest.cloud,96ce06d2-f9f0-4eaa-ae7e-f85a84b100b5,2026-09-09 05:30:12.044000+00:00,2026-09-09 05:46:39.244000+00:00,987,536,1,True
2026-09-09 05:37:45.183541+00:00,sess-qsx0saqfhthmttnt8e4,c-d0173dd9-8e73-43f0-9c3b-016844ffa5a6,beta_B,control,quest,0.17510948047318758,True,2026-09-06T14:21:45Z,https://calmforest.cloud,96ce06d2-f9f0-4eaa-ae7e-f85a84b100b5,2026-09-09 05:30:12.044000+00:00,2026-09-09 05:46:39.244000+00:00,987,534,1,True
2026-09-09 05:37:46.558512+00:00,sess-qsx0saqfhthmttnt8e4,c-d0173dd9-8e73-43f0-9c3b-016844ffa5a6,beta_B,control,quest,0.16224726684366897,True,2026-09-06T14:21:45Z,https://calmforest.cloud,96ce06d2-f9f0-4eaa-ae7e-f85a84b100b5,2026-09-09 05:30:12.044000+00:00,2026-09-09 05:46:39.244000+00:00,987,532,1,True
2026-09-09 05:38:28.796004+00:00,sess-qsx0saqfhthmttnt8e4,c-d0173dd9-8e73-43f0-9c3b-016844ffa5a6,beta_B,control,quest,0.19270491868771306,True,2026-09-06T14:21:45Z,https://calmforest.cloud,96ce06d2-f9f0-4eaa-ae7e-f85a84b100b5,2026-09-09 05:30:12.044000+00:00,2026-09-09 05:46:39.244000+00:00,987,490,1,True
2026-09-09 05:38:30.312442+00:00,sess-qsx0saqfhthmttnt8e4,c-d0173dd9-8e73-43f0-9c3b-016844ffa5a6,beta_B,control,quest,0.19365300862836118,True,2026-09-06T14:21:45Z,https://calmforest.cloud,96ce06d2-f9f0-4eaa-ae7e-f85a84b100b5,2026-09-09 05:30:12.044000+00:00,2026-09-09 05:46:39.244000+00:00,987,488,1,True
2026-09-09 05:38:30.812024+00:00,sess-qsx0saqfhthmttnt8e4,c-d0173dd9-8e73-43f0-9c3b-016844ffa5a6,beta_B,control,quest,0.19365300862836118,True,2026-09-06T14:21:45Z,https://calmforest.cloud,96ce06d2-f9f0-4eaa-ae7e-f85a84b100b5,2026-09-09 05:30:12.044000+00:00,2026-09-09 05:46:39.244000+00:00,987,488,1,True
2026-09-09 05:38:43.457920+00:00,sess-qsx0saqfhthmttnt8e4,c-d0173dd9-8e73-43f0-9c3b-016844ffa5a6,beta_B,control,quest,0.1913133140857721,True,2026-09-06T14:21:45Z,https://calmforest.cloud,96ce06d2-f9f0-4eaa-ae7e-f85a84b100b5,2026-09-09 05:30:12.044000+00:00,2026-09-09 05:46:39.244000+00:00,987,475,1,True
2026-09-09 05:38:45.216754+00:00,sess-qsx0saqfhthmttnt8e4,c-d0173dd9-8e73-43f0-9c3b-016844ffa5a6,beta_B,control,quest,0.1877589111469082,True,2026-09-06T14:21:45Z,https://calmforest.cloud,96ce06d2-f9f0-4eaa-ae7e-f85a84b100b5,2026-09-09 05:30:12.044000+00:00,2026-09-09 05:46:39.244000+00:00,987,474,1,True
2026-09-09 05:38:51.208871+00:00,sess-qsx0saqfhthmttnt8e4,c-d0173dd9-8e73-43f0-9c3b-016844ffa5a6,beta_B,control,quest,0.1910567034892271,True,2026-09-06T14:21:45Z,https://calmforest.cloud,96ce06d2-f9f0-4eaa-ae7e-f85a84b100b5,2026-09-09 05:30:12.044000+00:00,2026-09-09 05:46:39.244000+00:00,987,468,1,True
2026-09-09 05:38:52.429434+00:00,sess-qsx0saqfhthmttnt8e4,c-d0173dd9-8e73-43f0-9c3b-016844ffa5a6,beta_B,control,quest,0.19366067411996205,True,2026-09-06T14:21:45Z,https://calmforest.cloud,96ce06d2-f9f0-4eaa-ae7e-f85a84b100b5,2026-09-09 05:30:12.044000+00:00,2026-09-09 05:46:39.244000+00:00,987,466,1,True
2026-09-09 05:51:54.764602+00:00,sess-n6f0x6fmh4rmttoksdg,c-530d5746-aad0-4dd7-b3f4-50abb3ad39a5,beta_B,control,time15,0.21506839347104223,False,2026-09-06T14:21:45Z,https://calmforest.cloud,e9e102ad-dc26-4d4f-9aab-0c8b2df0e925,2026-09-09 05:51:37.642000+00:00,2026-09-09 05:52:00.481000+00:00,23,5,0,False
2026-09-09 05:53:06.132329+00:00,sess-ckrzr6lyqmjmttomcbf,c-530d5746-aad0-4dd7-b3f4-50abb3ad39a5,beta_B,control,time15,0.48589548391853904,True,2026-09-06T14:21:45Z,https://calmforest.cloud,e9e102ad-dc26-4d4f-9aab-0c8b2df0e925,2026-09-09 05:52:50.149000+00:00,2026-09-09 06:07:33.317000+00:00,883,867,1,True
2026-09-09 07:21:47.182616+00:00,sess-p4o101eeffkmttrsc6w,c-530d5746-aad0-4dd7-b3f4-50abb3ad39a5,beta_B,control,time15,0.4696290988115235,True,2026-09-06T14:21:45Z,https://calmforest.cloud,e9e102ad-dc26-4d4f-9aab-0c8b2df0e925,2026-09-09 07:21:28.769000+00:00,2026-09-09 07:22:34.392000+00:00,66,47,0,True
2026-09-09 08:07:55.253475+00:00,sess-q17zdj5c0wfmtttfohw,c-530d5746-aad0-4dd7-b3f4-50abb3ad39a5,beta_B,control,time15,0.3599983194552338,False,2026-09-06T14:21:45Z,https://calmforest.cloud,e9e102ad-dc26-4d4f-9aab-0c8b2df0e925,2026-09-09 08:07:37.423000+00:00,2026-09-09 08:25:17.451000+00:00,1060,1042,1,False
2026-09-09 08:39:57.005277+00:00,sess-7bxlja6766mttul1md,c-d0173dd9-8e73-43f0-9c3b-016844ffa5a6,beta_B,control,quest,0.16927433541463707,True,2026-09-06T14:21:45Z,https://calmforest.cloud,96ce06d2-f9f0-4eaa-ae7e-f85a84b100b5,2026-09-09 08:39:47.325000+00:00,2026-09-09 08:57:34.582000+00:00,1067,1057,1,True
2026-09-09 08:39:59.548227+00:00,sess-7bxlja6766mttul1md,c-d0173dd9-8e73-43f0-9c3b-016844ffa5a6,beta_B,control,quest,0.1836945650912209,True,2026-09-06T14:21:45Z,https://calmforest.cloud,96ce06d2-f9f0-4eaa-ae7e-f85a84b100b5,2026-09-09 08:39:47.325000+00:00,2026-09-09 08:57:34.582000+00:00,1067,1055,1,True
2026-09-09 08:40:02.171433+00:00,sess-7bxlja6766mttul1md,c-d0173dd9-8e73-43f0-9c3b-016844ffa5a6,beta_B,control,quest,0.15055030455557403,True,2026-09-06T14:21:45Z,https://calmforest.cloud,96ce06d2-f9f0-4eaa-ae7e-f85a84b100b5,2026-09-09 08:39:47.325000+00:00,2026-09-09 08:57:34.582000+00:00,1067,1052,1,True
2026-09-09 08:40:05.281432+00:00,sess-7bxlja6766mttul1md,c-d0173dd9-8e73-43f0-9c3b-016844ffa5a6,beta_B,control,time15,0.45821591791716004,True,2026-09-06T14:21:45Z,https://calmforest.cloud,96ce06d2-f9f0-4eaa-ae7e-f85a84b100b5,2026-09-09 08:39:47.325000+00:00,2026-09-09 08:57:34.582000+00:00,1067,1049,1,True
2026-09-09 08:40:06.509294+00:00,sess-7bxlja6766mttul1md,c-d0173dd9-8e73-43f0-9c3b-016844ffa5a6,beta_B,control,quest,0.16928781970393697,True,2026-09-06T14:21:45Z,https://calmforest.cloud,96ce06d2-f9f0-4eaa-ae7e-f85a84b100b5,2026-09-09 08:39:47.325000+00:00,2026-09-09 08:57:34.582000+00:00,1067,1048,1,True
2026-09-09 08:40:22.577022+00:00,sess-7bxlja6766mttul1md,c-d0173dd9-8e73-43f0-9c3b-016844ffa5a6,beta_B,control,quest,0.17182198006309504,True,2026-09-06T14:21:45Z,https://calmforest.cloud,96ce06d2-f9f0-4eaa-ae7e-f85a84b100b5,2026-09-09 08:39:47.325000+00:00,2026-09-09 08:57:34.582000+00:00,1067,1032,1,True
2026-09-09 08:40:25.130027+00:00,sess-7bxlja6766mttul1md,c-d0173dd9-8e73-43f0-9c3b-016844ffa5a6,beta_B,control,quest,0.1469442105002561,True,2026-09-06T14:21:45Z,https://calmforest.cloud,96ce06d2-f9f0-4eaa-ae7e-f85a84b100b5,2026-09-09 08:39:47.325000+00:00,2026-09-09 08:57:34.582000+00:00,1067,1029,1,True
2026-09-09 08:40:25.678040+00:00,sess-7bxlja6766mttul1md,c-d0173dd9-8e73-43f0-9c3b-016844ffa5a6,beta_B,control,quest,0.1469442105002561,True,2026-09-06T14:21:45Z,https://calmforest.cloud,96ce06d2-f9f0-4eaa-ae7e-f85a84b100b5,2026-09-09 08:39:47.325000+00:00,2026-09-09 08:57:34.582000+00:00,1067,1028,1,True
2026-09-09 08:40:31.835834+00:00,sess-7bxlja6766mttul1md,c-d0173dd9-8e73-43f0-9c3b-016844ffa5a6,beta_B,control,quest,0.17070774603943958,True,2026-09-06T14:21:45Z,https://calmforest.cloud,96ce06d2-f9f0-4eaa-ae7e-f85a84b100b5,2026-09-09 08:39:47.325000+00:00,2026-09-09 08:57:34.582000+00:00,1067,1022,1,True
2026-09-09 08:41:19.850559+00:00,sess-7bxlja6766mttul1md,c-d0173dd9-8e73-43f0-9c3b-016844ffa5a6,beta_B,control,quest,0.172850370300676,True,2026-09-06T14:21:45Z,https://calmforest.cloud,96ce06d2-f9f0-4eaa-ae7e-f85a84b100b5,2026-09-09 08:39:47.325000+00:00,2026-09-09 08:57:34.582000+00:00,1067,974,1,True
2026-09-09 08:41:36.070401+00:00,sess-7bxlja6766mttul1md,c-d0173dd9-8e73-43f0-9c3b-016844ffa5a6,beta_B,control,quest,0.15115649452600366,True,2026-09-06T14:21:45Z,https://calmforest.cloud,96ce06d2-f9f0-4eaa-ae7e-f85a84b100b5,2026-09-09 08:39:47.325000+00:00,2026-09-09 08:57:34.582000+00:00,1067,958,1,True
2026-09-09 08:41:36.936116+00:00,sess-7bxlja6766mttul1md,c-d0173dd9-8e73-43f0-9c3b-016844ffa5a6,beta_B,control,quest,0.16215225731057292,True,2026-09-06T14:21:45Z,https://calmforest.cloud,96ce06d2-f9f0-4eaa-ae7e-f85a84b100b5,2026-09-09 08:39:47.325000+00:00,2026-09-09 08:57:34.582000+00:00,1067,957,1,True
2026-09-09 08:41:40.822849+00:00,sess-7bxlja6766mttul1md,c-d0173dd9-8e73-43f0-9c3b-016844ffa5a6,beta_B,control,quest,0.1732985726556423,True,2026-09-06T14:21:45Z,https://calmforest.cloud,96ce06d2-f9f0-4eaa-ae7e-f85a84b100b5,2026-09-09 08:39:47.325000+00:00,2026-09-09 08:57:34.582000+00:00,1067,953,1,True
2026-09-09 08:41:42.973168+00:00,sess-7bxlja6766mttul1md,c-d0173dd9-8e73-43f0-9c3b-016844ffa5a6,beta_B,control,quest,0.17384403567359658,True,2026-09-06T14:21:45Z,https://calmforest.cloud,96ce06d2-f9f0-4eaa-ae7e-f85a84b100b5,2026-09-09 08:39:47.325000+00:00,2026-09-09 08:57:34.582000+00:00,1067,951,1,True
2026-09-09 08:41:45.892905+00:00,sess-7bxlja6766mttul1md,c-d0173dd9-8e73-43f0-9c3b-016844ffa5a6,beta_B,control,quest,0.16764338342979376,True,2026-09-06T14:21:45Z,https://calmforest.cloud,96ce06d2-f9f0-4eaa-ae7e-f85a84b100b5,2026-09-09 08:39:47.325000+00:00,2026-09-09 08:57:34.582000+00:00,1067,948,1,True
2026-09-09 08:41:47.450736+00:00,sess-7bxlja6766mttul1md,c-d0173dd9-8e73-43f0-9c3b-016844ffa5a6,beta_B,control,quest,0.17235085842806602,True,2026-09-06T14:21:45Z,https://calmforest.cloud,96ce06d2-f9f0-4eaa-ae7e-f85a84b100b5,2026-09-09 08:39:47.325000+00:00,2026-09-09 08:57:34.582000+00:00,1067,947,1,True
2026-09-09 08:41:51.974458+00:00,sess-7bxlja6766mttul1md,c-d0173dd9-8e73-43f0-9c3b-016844ffa5a6,beta_B,control,quest,0.17218600678028012,True,2026-09-06T14:21:45Z,https://calmforest.cloud,96ce06d2-f9f0-4eaa-ae7e-f85a84b100b5,2026-09-09 08:39:47.325000+00:00,2026-09-09 08:57:34.582000+00:00,1067,942,1,True
2026-09-09 08:42:27.399200+00:00,sess-7bxlja6766mttul1md,c-d0173dd9-8e73-43f0-9c3b-016844ffa5a6,beta_B,control,quest,0.17534356801902526,True,2026-09-06T14:21:45Z,https://calmforest.cloud,96ce06d2-f9f0-4eaa-ae7e-f85a84b100b5,2026-09-09 08:39:47.325000+00:00,2026-09-09 08:57:34.582000+00:00,1067,907,1,True
2026-09-09 08:42:45.364705+00:00,sess-7bxlja6766mttul1md,c-d0173dd9-8e73-43f0-9c3b-016844ffa5a6,beta_B,control,quest,0.17054776072467512,True,2026-09-06T14:21:45Z,https://calmforest.cloud,96ce06d2-f9f0-4eaa-ae7e-f85a84b100b5,2026-09-09 08:39:47.325000+00:00,2026-09-09 08:57:34.582000+00:00,1067,889,1,True
2026-09-09 08:43:01.670328+00:00,sess-7bxlja6766mttul1md,c-d0173dd9-8e73-43f0-9c3b-016844ffa5a6,beta_B,control,quest,0.17536908188297773,True,2026-09-06T14:21:45Z,https://calmforest.cloud,96ce06d2-f9f0-4eaa-ae7e-f85a84b100b5,2026-09-09 08:39:47.325000+00:00,2026-09-09 08:57:34.582000+00:00,1067,872,1,True
2026-09-09 08:43:12.216405+00:00,sess-7bxlja6766mttul1md,c-d0173dd9-8e73-43f0-9c3b-016844ffa5a6,beta_B,control,quest,0.1719277669723098,True,2026-09-06T14:21:45Z,https://calmforest.cloud,96ce06d2-f9f0-4eaa-ae7e-f85a84b100b5,2026-09-09 08:39:47.325000+00:00,2026-09-09 08:57:34.582000+00:00,1067,862,1,True
2026-09-09 08:43:37.777747+00:00,sess-7bxlja6766mttul1md,c-d0173dd9-8e73-43f0-9c3b-016844ffa5a6,beta_B,control,quest,0.11579612177095173,False,2026-09-06T14:21:45Z,https://calmforest.cloud,96ce06d2-f9f0-4eaa-ae7e-f85a84b100b5,2026-09-09 08:39:47.325000+00:00,2026-09-09 08:57:34.582000+00:00,1067,836,1,False
2026-09-09 08:43:44.466071+00:00,sess-7bxlja6766mttul1md,c-d0173dd9-8e73-43f0-9c3b-016844ffa5a6,beta_B,control,quest,0.12483387584032322,False,2026-09-06T14:21:45Z,https://calmforest.cloud,96ce06d2-f9f0-4eaa-ae7e-f85a84b100b5,2026-09-09 08:39:47.325000+00:00,2026-09-09 08:57:34.582000+00:00,1067,830,1,False
2026-09-09 08:43:45.549534+00:00,sess-7bxlja6766mttul1md,c-d0173dd9-8e73-43f0-9c3b-016844ffa5a6,beta_B,control,quest,0.12377050107450108,False,2026-09-06T14:21:45Z,https://calmforest.cloud,96ce06d2-f9f0-4eaa-ae7e-f85a84b100b5,2026-09-09 08:39:47.325000+00:00,2026-09-09 08:57:34.582000+00:00,1067,829,1,False
2026-09-09 08:43:49.285662+00:00,sess-7bxlja6766mttul1md,c-d0173dd9-8e73-43f0-9c3b-016844ffa5a6,beta_B,control,quest,0.1721160976774827,True,2026-09-06T14:21:45Z,https://calmforest.cloud,96ce06d2-f9f0-4eaa-ae7e-f85a84b100b5,2026-09-09 08:39:47.325000+00:00,2026-09-09 08:57:34.582000+00:00,1067,825,1,True
2026-09-09 08:43:50.301317+00:00,sess-7bxlja6766mttul1md,c-d0173dd9-8e73-43f0-9c3b-016844ffa5a6,beta_B,control,quest,0.1725482869189403,True,2026-09-06T14:21:45Z,https://calmforest.cloud,96ce06d2-f9f0-4eaa-ae7e-f85a84b100b5,2026-09-09 08:39:47.325000+00:00,2026-09-09 08:57:34.582000+00:00,1067,824,1,True
2026-09-09 08:43:59.386143+00:00,sess-7bxlja6766mttul1md,c-d0173dd9-8e73-43f0-9c3b-016844ffa5a6,beta_B,control,quest,0.1752126010188494,True,2026-09-06T14:21:45Z,https://calmforest.cloud,96ce06d2-f9f0-4eaa-ae7e-f85a84b100b5,2026-09-09 08:39:47.325000+00:00,2026-09-09 08:57:34.582000+00:00,1067,815,1,True
2026-09-09 08:44:53.170127+00:00,sess-7bxlja6766mttul1md,c-d0173dd9-8e73-43f0-9c3b-016844ffa5a6,beta_B,control,quest,0.17229698138450064,True,2026-09-06T14:21:45Z,https://calmforest.cloud,96ce06d2-f9f0-4eaa-ae7e-f85a84b100b5,2026-09-09 08:39:47.325000+00:00,2026-09-09 08:57:34.582000+00:00,1067,761,1,True
2026-09-09 08:44:54.715435+00:00,sess-7bxlja6766mttul1md,c-d0173dd9-8e73-43f0-9c3b-016844ffa5a6,beta_B,control,quest,0.17662778461573064,True,2026-09-06T14:21:45Z,https://calmforest.cloud,96ce06d2-f9f0-4eaa-ae7e-f85a84b100b5,2026-09-09 08:39:47.325000+00:00,2026-09-09 08:57:34.582000+00:00,1067,759,1,True
2026-09-09 08:45:13.227880+00:00,sess-7bxlja6766mttul1md,c-d0173dd9-8e73-43f0-9c3b-016844ffa5a6,beta_B,control,quest,0.17938640507891698,True,2026-09-06T14:21:45Z,https://calmforest.cloud,96ce06d2-f9f0-4eaa-ae7e-f85a84b100b5,2026-09-09 08:39:47.325000+00:00,2026-09-09 08:57:34.582000+00:00,1067,741,1,True
2026-09-09 08:45:13.900302+00:00,sess-7bxlja6766mttul1md,c-d0173dd9-8e73-43f0-9c3b-016844ffa5a6,beta_B,control,quest,0.17938640507891698,True,2026-09-06T14:21:45Z,https://calmforest.cloud,96ce06d2-f9f0-4eaa-ae7e-f85a84b100b5,2026-09-09 08:39:47.325000+00:00,2026-09-09 08:57:34.582000+00:00,1067,740,1,True
2026-09-09 08:45:22.247501+00:00,sess-7bxlja6766mttul1md,c-d0173dd9-8e73-43f0-9c3b-016844ffa5a6,beta_B,control,quest,0.17101320846335324,True,2026-09-06T14:21:45Z,https://calmforest.cloud,96ce06d2-f9f0-4eaa-ae7e-f85a84b100b5,2026-09-09 08:39:47.325000+00:00,2026-09-09 08:57:34.582000+00:00,1067,732,1,True
2026-09-09 08:45:24.857847+00:00,sess-7bxlja6766mttul1md,c-d0173dd9-8e73-43f0-9c3b-016844ffa5a6,beta_B,control,quest,0.1709883237622666,True,2026-09-06T14:21:45Z,https://calmforest.cloud,96ce06d2-f9f0-4eaa-ae7e-f85a84b100b5,2026-09-09 08:39:47.325000+00:00,2026-09-09 08:57:34.582000+00:00,1067,729,1,True
2026-09-09 08:45:53.797773+00:00,sess-7bxlja6766mttul1md,c-d0173dd9-8e73-43f0-9c3b-016844ffa5a6,beta_B,control,quest,0.1706656044653294,True,2026-09-06T14:21:45Z,https://calmforest.cloud,96ce06d2-f9f0-4eaa-ae7e-f85a84b100b5,2026-09-09 08:39:47.325000+00:00,2026-09-09 08:57:34.582000+00:00,1067,700,1,True
2026-09-09 08:46:32.250244+00:00,sess-7bxlja6766mttul1md,c-d0173dd9-8e73-43f0-9c3b-016844ffa5a6,beta_B,control,quest,0.1395354881932757,True,2026-09-06T14:21:45Z,https://calmforest.cloud,96ce06d2-f9f0-4eaa-ae7e-f85a84b100b5,2026-09-09 08:39:47.325000+00:00,2026-09-09 08:57:34.582000+00:00,1067,662,1,True
2026-09-09 08:46:35.622861+00:00,sess-7bxlja6766mttul1md,c-d0173dd9-8e73-43f0-9c3b-016844ffa5a6,beta_B,control,quest,0.17040940589177483,True,2026-09-06T14:21:45Z,https://calmforest.cloud,96ce06d2-f9f0-4eaa-ae7e-f85a84b100b5,2026-09-09 08:39:47.325000+00:00,2026-09-09 08:57:34.582000+00:00,1067,658,1,True
2026-09-09 08:46:36.675864+00:00,sess-7bxlja6766mttul1md,c-d0173dd9-8e73-43f0-9c3b-016844ffa5a6,beta_B,control,quest,0.16066324069120477,True,2026-09-06T14:21:45Z,https://calmforest.cloud,96ce06d2-f9f0-4eaa-ae7e-f85a84b100b5,2026-09-09 08:39:47.325000+00:00,2026-09-09 08:57:34.582000+00:00,1067,657,1,True
2026-09-09 08:50:57.997290+00:00,sess-7bxlja6766mttul1md,c-d0173dd9-8e73-43f0-9c3b-016844ffa5a6,beta_B,control,quest,0.17290269859452592,True,2026-09-06T14:21:45Z,https://calmforest.cloud,96ce06d2-f9f0-4eaa-ae7e-f85a84b100b5,2026-09-09 08:39:47.325000+00:00,2026-09-09 08:57:34.582000+00:00,1067,396,1,True
2026-09-09 08:50:58.556395+00:00,sess-7bxlja6766mttul1md,c-d0173dd9-8e73-43f0-9c3b-016844ffa5a6,beta_B,control,quest,0.17664219979160853,True,2026-09-06T14:21:45Z,https://calmforest.cloud,96ce06d2-f9f0-4eaa-ae7e-f85a84b100b5,2026-09-09 08:39:47.325000+00:00,2026-09-09 08:57:34.582000+00:00,1067,396,1,True
2026-09-09 08:50:59.648028+00:00,sess-7bxlja6766mttul1md,c-d0173dd9-8e73-43f0-9c3b-016844ffa5a6,beta_B,control,quest,0.16783935713756626,True,2026-09-06T14:21:45Z,https://calmforest.cloud,96ce06d2-f9f0-4eaa-ae7e-f85a84b100b5,2026-09-09 08:39:47.325000+00:00,2026-09-09 08:57:34.582000+00:00,1067,394,1,True
2026-09-09 08:53:29.236624+00:00,sess-qxgn2vfmz1bmttv2au6,c-81a142d0-d941-4185-8697-f3e6e69dcd85,beta_A,treat,time15,0.37200911507864654,False,2026-09-06T14:21:45Z,https://calmforest.cloud,d6ccb4ea-a790-4733-89ee-9b78aaa277c7,2026-09-09 08:53:12.419000+00:00,2026-09-09 09:23:24.631000+00:00,1812,1795,1,False
2026-09-09 08:53:51.427296+00:00,sess-7bxlja6766mttul1md,c-d0173dd9-8e73-43f0-9c3b-016844ffa5a6,beta_B,control,quest,0.12519596949392875,False,2026-09-06T14:21:45Z,https://calmforest.cloud,96ce06d2-f9f0-4eaa-ae7e-f85a84b100b5,2026-09-09 08:39:47.325000+00:00,2026-09-09 08:57:34.582000+00:00,1067,223,1,False
2026-09-09 08:53:51.813010+00:00,sess-7bxlja6766mttul1md,c-d0173dd9-8e73-43f0-9c3b-016844ffa5a6,beta_B,control,quest,0.1253146545273261,False,2026-09-06T14:21:45Z,https://calmforest.cloud,96ce06d2-f9f0-4eaa-ae7e-f85a84b100b5,2026-09-09 08:39:47.325000+00:00,2026-09-09 08:57:34.582000+00:00,1067,222,1,False
2026-09-09 08:53:52.523978+00:00,sess-7bxlja6766mttul1md,c-d0173dd9-8e73-43f0-9c3b-016844ffa5a6,beta_B,control,quest,0.15912291623004993,True,2026-09-06T14:21:45Z,https://calmforest.cloud,96ce06d2-f9f0-4eaa-ae7e-f85a84b100b5,2026-09-09 08:39:47.325000+00:00,2026-09-09 08:57:34.582000+00:00,1067,222,1,True
2026-09-09 08:56:54.562493+00:00,sess-7bxlja6766mttul1md,c-d0173dd9-8e73-43f0-9c3b-016844ffa5a6,beta_B,control,quest,0.17310035543179986,True,2026-09-06T14:21:45Z,https://calmforest.cloud,96ce06d2-f9f0-4eaa-ae7e-f85a84b100b5,2026-09-09 08:39:47.325000+00:00,2026-09-09 08:57:34.582000+00:00,1067,40,0,True
2026-09-09 08:56:55.983490+00:00,sess-7bxlja6766mttul1md,c-d0173dd9-8e73-43f0-9c3b-016844ffa5a6,beta_B,control,quest,0.14071220840701212,True,2026-09-06T14:21:45Z,https://calmforest.cloud,96ce06d2-f9f0-4eaa-ae7e-f85a84b100b5,2026-09-09 08:39:47.325000+00:00,2026-09-09 08:57:34.582000+00:00,1067,38,0,True
2026-09-09 09:03:10.389949+00:00,sess-qxgn2vfmz1bmttv2au6,c-81a142d0-d941-4185-8697-f3e6e69dcd85,beta_A,treat,quest,0.08017722397753216,False,2026-09-06T14:21:45Z,https://calmforest.cloud,d6ccb4ea-a790-4733-89ee-9b78aaa277c7,2026-09-09 08:53:12.419000+00:00,2026-09-09 09:23:24.631000+00:00,1812,1214,1,False
2026-09-09 09:22:36.378735+00:00,sess-qxgn2vfmz1bmttv2au6,c-81a142d0-d941-4185-8697-f3e6e69dcd85,beta_A,treat,quest,0.19200971811933737,True,2026-09-06T14:21:45Z,https://calmforest.cloud,d6ccb4ea-a790-4733-89ee-9b78aaa277c7,2026-09-09 08:53:12.419000+00:00,2026-09-09 09:23:24.631000+00:00,1812,48,0,True
2026-09-09 09:22:36.432914+00:00,sess-qxgn2vfmz1bmttv2au6,c-81a142d0-d941-4185-8697-f3e6e69dcd85,beta_A,treat,quest,0.19200971811933737,True,2026-09-06T14:21:45Z,https://calmforest.cloud,d6ccb4ea-a790-4733-89ee-9b78aaa277c7,2026-09-09 08:53:12.419000+00:00,2026-09-09 09:23:24.631000+00:00,1812,48,0,True
2026-09-09 09:23:44.396410+00:00,sess-lmgvs9odznrmttw57sx,c-81a142d0-d941-4185-8697-f3e6e69dcd85,beta_A,treat,time15,0.47528693336406214,True,2026-09-06T14:21:45Z,https://calmforest.cloud,d6ccb4ea-a790-4733-89ee-9b78aaa277c7,2026-09-09 09:23:28.068000+00:00,2026-09-09 09:26:01.641000+00:00,154,137,1,True
2026-09-09 09:24:04.133391+00:00,sess-lmgvs9odznrmttw57sx,c-81a142d0-d941-4185-8697-f3e6e69dcd85,beta_A,treat,quest,0.13437532976302538,False,2026-09-06T14:21:45Z,https://calmforest.cloud,d6ccb4ea-a790-4733-89ee-9b78aaa277c7,2026-09-09 09:23:28.068000+00:00,2026-09-09 09:26:01.641000+00:00,154,117,1,False
2026-09-09 09:26:30.005987+00:00,sess-svsfslwkjxgmttw8rr4,c-81a142d0-d941-4185-8697-f3e6e69dcd85,beta_A,control,time15,0.3266002418410172,False,2026-09-06T14:21:45Z,https://calmforest.cloud,d6ccb4ea-a790-4733-89ee-9b78aaa277c7,2026-09-09 09:26:13.891000+00:00,2026-09-09 09:41:17.871000+00:00,904,887,1,False
2026-09-09 09:28:52.504218+00:00,sess-svsfslwkjxgmttw8rr4,c-81a142d0-d941-4185-8697-f3e6e69dcd85,beta_A,control,quest,0.17156380407559257,True,2026-09-06T14:21:45Z,https://calmforest.cloud,d6ccb4ea-a790-4733-89ee-9b78aaa277c7,2026-09-09 09:26:13.891000+00:00,2026-09-09 09:41:17.871000+00:00,904,745,1,True
2026-09-09 09:28:55.200944+00:00,sess-svsfslwkjxgmttw8rr4,c-81a142d0-d941-4185-8697-f3e6e69dcd85,beta_A,control,quest,0.14307455913273096,True,2026-09-06T14:21:45Z,https://calmforest.cloud,d6ccb4ea-a790-4733-89ee-9b78aaa277c7,2026-09-09 09:26:13.891000+00:00,2026-09-09 09:41:17.871000+00:00,904,742,1,True
2026-09-09 11:50:27.222880+00:00,sess-hipisloi7pgmtu1egsf,c-841cf77d-87df-4fcc-8fb2-62115be35519,beta_A,treat,time15,0.4850255177821891,True,2026-09-06T14:21:45Z,https://calmforest.cloud,fabd3109-d3f3-463e-b718-f1eb9a7bdeee,2026-09-09 11:50:37.698000+00:00,2026-09-09 12:37:32.552000+00:00,2815,2825,1,True
2026-09-09 11:53:07.537663+00:00,sess-hipisloi7pgmtu1egsf,c-841cf77d-87df-4fcc-8fb2-62115be35519,beta_A,treat,quest,0.19291137025891214,True,2026-09-06T14:21:45Z,https://calmforest.cloud,fabd3109-d3f3-463e-b718-f1eb9a7bdeee,2026-09-09 11:50:37.698000+00:00,2026-09-09 12:37:32.552000+00:00,2815,2665,1,True
2026-09-09 11:56:39.035203+00:00,sess-hipisloi7pgmtu1egsf,c-841cf77d-87df-4fcc-8fb2-62115be35519,beta_A,treat,quest,0.1907855880415396,True,2026-09-06T14:21:45Z,https://calmforest.cloud,fabd3109-d3f3-463e-b718-f1eb9a7bdeee,2026-09-09 11:50:37.698000+00:00,2026-09-09 12:37:32.552000+00:00,2815,2453,1,True
2026-09-09 11:56:41.721741+00:00,sess-hipisloi7pgmtu1egsf,c-841cf77d-87df-4fcc-8fb2-62115be35519,beta_A,treat,quest,0.17251111074730754,True,2026-09-06T14:21:45Z,https://calmforest.cloud,fabd3109-d3f3-463e-b718-f1eb9a7bdeee,2026-09-09 11:50:37.698000+00:00,2026-09-09 12:37:32.552000+00:00,2815,2450,1,True
2026-09-09 11:56:48.551654+00:00,sess-hipisloi7pgmtu1egsf,c-841cf77d-87df-4fcc-8fb2-62115be35519,beta_A,treat,quest,0.19250616023809508,True,2026-09-06T14:21:45Z,https://calmforest.cloud,fabd3109-d3f3-463e-b718-f1eb9a7bdeee,2026-09-09 11:50:37.698000+00:00,2026-09-09 12:37:32.552000+00:00,2815,2444,1,True
2026-09-09 11:59:27.176385+00:00,sess-hipisloi7pgmtu1egsf,c-841cf77d-87df-4fcc-8fb2-62115be35519,beta_A,treat,quest,0.19069286443858816,True,2026-09-06T14:21:45Z,https://calmforest.cloud,fabd3109-d3f3-463e-b718-f1eb9a7bdeee,2026-09-09 11:50:37.698000+00:00,2026-09-09 12:37:32.552000+00:00,2815,2285,1,True
2026-09-09 11:59:29.036575+00:00,sess-hipisloi7pgmtu1egsf,c-841cf77d-87df-4fcc-8fb2-62115be35519,beta_A,treat,quest,0.18727743152078094,True,2026-09-06T14:21:45Z,https://calmforest.cloud,fabd3109-d3f3-463e-b718-f1eb9a7bdeee,2026-09-09 11:50:37.698000+00:00,2026-09-09 12:37:32.552000+00:00,2815,2283,1,True
2026-09-09 11:59:29.694712+00:00,sess-hipisloi7pgmtu1egsf,c-841cf77d-87df-4fcc-8fb2-62115be35519,beta_A,treat,quest,0.19045149309268158,True,2026-09-06T14:21:45Z,https://calmforest.cloud,fabd3109-d3f3-463e-b718-f1eb9a7bdeee,2026-09-09 11:50:37.698000+00:00,2026-09-09 12:37:32.552000+00:00,2815,2282,1,True
2026-09-09 11:59:32.304262+00:00,sess-hipisloi7pgmtu1egsf,c-841cf77d-87df-4fcc-8fb2-62115be35519,beta_A,treat,quest,0.1864200551459846,True,2026-09-06T14:21:45Z,https://calmforest.cloud,fabd3109-d3f3-463e-b718-f1eb9a7bdeee,2026-09-09 11:50:37.698000+00:00,2026-09-09 12:37:32.552000+00:00,2815,2280,1,True
2026-09-09 12:00:04.268542+00:00,sess-hipisloi7pgmtu1egsf,c-841cf77d-87df-4fcc-8fb2-62115be35519,beta_A,treat,quest,0.19109624927842014,True,2026-09-06T14:21:45Z,https://calmforest.cloud,fabd3109-d3f3-463e-b718-f1eb9a7bdeee,2026-09-09 11:50:37.698000+00:00,2026-09-09 12:37:32.552000+00:00,2815,2248,1,True
2026-09-09 12:00:05.522844+00:00,sess-hipisloi7pgmtu1egsf,c-841cf77d-87df-4fcc-8fb2-62115be35519,beta_A,treat,quest,0.19638713927577012,True,2026-09-06T14:21:45Z,https://calmforest.cloud,fabd3109-d3f3-463e-b718-f1eb9a7bdeee,2026-09-09 11:50:37.698000+00:00,2026-09-09 12:37:32.552000+00:00,2815,2247,1,True
2026-09-09 12:00:46.342424+00:00,sess-hipisloi7pgmtu1egsf,c-841cf77d-87df-4fcc-8fb2-62115be35519,beta_A,treat,quest,0.1724676935150351,True,2026-09-06T14:21:45Z,https://calmforest.cloud,fabd3109-d3f3-463e-b718-f1eb9a7bdeee,2026-09-09 11:50:37.698000+00:00,2026-09-09 12:37:32.552000+00:00,2815,2206,1,True
2026-09-09 12:00:46.565513+00:00,sess-hipisloi7pgmtu1egsf,c-841cf77d-87df-4fcc-8fb2-62115be35519,beta_A,treat,quest,0.16391963945399313,True,2026-09-06T14:21:45Z,https://calmforest.cloud,fabd3109-d3f3-463e-b718-f1eb9a7bdeee,2026-09-09 11:50:37.698000+00:00,2026-09-09 12:37:32.552000+00:00,2815,2205,1,True
2026-09-09 12:01:46.376913+00:00,sess-hipisloi7pgmtu1egsf,c-841cf77d-87df-4fcc-8fb2-62115be35519,beta_A,treat,quest,0.16593078413589904,True,2026-09-06T14:21:45Z,https://calmforest.cloud,fabd3109-d3f3-463e-b718-f1eb9a7bdeee,2026-09-09 11:50:37.698000+00:00,2026-09-09 12:37:32.552000+00:00,2815,2146,1,True
2026-09-09 14:18:32.810688+00:00,sess-mgwcv9w92c9mtu6hugb,c-8bd31f67-ec8a-423a-9a17-b8a71cd83816,beta_A,treat,quest,0.1757875493927719,True,2026-09-06T14:21:45Z,https://calmforest.cloud,dba0c17e-cf7b-4fbc-be57-0f88d08029da,2026-09-09 14:13:13.456000+00:00,2026-09-09 14:24:14.417000+00:00,661,341,1,True
2026-09-09 14:18:33.816542+00:00,sess-mgwcv9w92c9mtu6hugb,c-8bd31f67-ec8a-423a-9a17-b8a71cd83816,beta_A,treat,quest,0.1757875493927719,True,2026-09-06T14:21:45Z,https://calmforest.cloud,dba0c17e-cf7b-4fbc-be57-0f88d08029da,2026-09-09 14:13:13.456000+00:00,2026-09-09 14:24:14.417000+00:00,661,340,1,True
2026-09-09 14:19:15.398868+00:00,sess-mgwcv9w92c9mtu6hugb,c-8bd31f67-ec8a-423a-9a17-b8a71cd83816,beta_A,treat,quest,0.1657311817961201,True,2026-09-06T14:21:45Z,https://calmforest.cloud,dba0c17e-cf7b-4fbc-be57-0f88d08029da,2026-09-09 14:13:13.456000+00:00,2026-09-09 14:24:14.417000+00:00,661,299,1,True
2026-09-09 14:19:16.894281+00:00,sess-mgwcv9w92c9mtu6hugb,c-8bd31f67-ec8a-423a-9a17-b8a71cd83816,beta_A,treat,quest,0.1657311817961201,True,2026-09-06T14:21:45Z,https://calmforest.cloud,dba0c17e-cf7b-4fbc-be57-0f88d08029da,2026-09-09 14:13:13.456000+00:00,2026-09-09 14:24:14.417000+00:00,661,297,1,True
2026-09-09 14:19:24.057711+00:00,sess-mgwcv9w92c9mtu6hugb,c-8bd31f67-ec8a-423a-9a17-b8a71cd83816,beta_A,treat,quest,0.16317695559233106,True,2026-09-06T14:21:45Z,https://calmforest.cloud,dba0c17e-cf7b-4fbc-be57-0f88d08029da,2026-09-09 14:13:13.456000+00:00,2026-09-09 14:24:14.417000+00:00,661,290,1,True
2026-09-09 14:19:24.761244+00:00,sess-mgwcv9w92c9mtu6hugb,c-8bd31f67-ec8a-423a-9a17-b8a71cd83816,beta_A,treat,quest,0.16317695559233106,True,2026-09-06T14:21:45Z,https://calmforest.cloud,dba0c17e-cf7b-4fbc-be57-0f88d08029da,2026-09-09 14:13:13.456000+00:00,2026-09-09 14:24:14.417000+00:00,661,289,1,True
2026-09-09 14:19:33.911736+00:00,sess-mgwcv9w92c9mtu6hugb,c-8bd31f67-ec8a-423a-9a17-b8a71cd83816,beta_A,treat,quest,0.18024283938981636,True,2026-09-06T14:21:45Z,https://calmforest.cloud,dba0c17e-cf7b-4fbc-be57-0f88d08029da,2026-09-09 14:13:13.456000+00:00,2026-09-09 14:24:14.417000+00:00,661,280,1,True
2026-09-09 14:19:34.728422+00:00,sess-mgwcv9w92c9mtu6hugb,c-8bd31f67-ec8a-423a-9a17-b8a71cd83816,beta_A,treat,quest,0.18024283938981636,True,2026-09-06T14:21:45Z,https://calmforest.cloud,dba0c17e-cf7b-4fbc-be57-0f88d08029da,2026-09-09 14:13:13.456000+00:00,2026-09-09 14:24:14.417000+00:00,661,279,1,True
2026-09-09 14:19:38.551872+00:00,sess-mgwcv9w92c9mtu6hugb,c-8bd31f67-ec8a-423a-9a17-b8a71cd83816,beta_A,treat,quest,0.18353370919693696,True,2026-09-06T14:21:45Z,https://calmforest.cloud,dba0c17e-cf7b-4fbc-be57-0f88d08029da,2026-09-09 14:13:13.456000+00:00,2026-09-09 14:24:14.417000+00:00,661,275,1,True
2026-09-09 14:19:41.556301+00:00,sess-mgwcv9w92c9mtu6hugb,c-8bd31f67-ec8a-423a-9a17-b8a71cd83816,beta_A,treat,quest,0.19013594219022242,True,2026-09-06T14:21:45Z,https://calmforest.cloud,dba0c17e-cf7b-4fbc-be57-0f88d08029da,2026-09-09 14:13:13.456000+00:00,2026-09-09 14:24:14.417000+00:00,661,272,1,True
2026-09-09 14:19:43.922597+00:00,sess-mgwcv9w92c9mtu6hugb,c-8bd31f67-ec8a-423a-9a17-b8a71cd83816,beta_A,treat,quest,0.179042463853428,True,2026-09-06T14:21:45Z,https://calmforest.cloud,dba0c17e-cf7b-4fbc-be57-0f88d08029da,2026-09-09 14:13:13.456000+00:00,2026-09-09 14:24:14.417000+00:00,661,270,1,True
2026-09-09 14:19:44.977820+00:00,sess-mgwcv9w92c9mtu6hugb,c-8bd31f67-ec8a-423a-9a17-b8a71cd83816,beta_A,treat,quest,0.179042463853428,True,2026-09-06T14:21:45Z,https://calmforest.cloud,dba0c17e-cf7b-4fbc-be57-0f88d08029da,2026-09-09 14:13:13.456000+00:00,2026-09-09 14:24:14.417000+00:00,661,269,1,True
2026-09-09 14:19:45.942779+00:00,sess-mgwcv9w92c9mtu6hugb,c-8bd31f67-ec8a-423a-9a17-b8a71cd83816,beta_A,treat,quest,0.179042463853428,True,2026-09-06T14:21:45Z,https://calmforest.cloud,dba0c17e-cf7b-4fbc-be57-0f88d08029da,2026-09-09 14:13:13.456000+00:00,2026-09-09 14:24:14.417000+00:00,661,268,1,True
2026-09-09 14:19:46.531011+00:00,sess-mgwcv9w92c9mtu6hugb,c-8bd31f67-ec8a-423a-9a17-b8a71cd83816,beta_A,treat,quest,0.179042463853428,True,2026-09-06T14:21:45Z,https://calmforest.cloud,dba0c17e-cf7b-4fbc-be57-0f88d08029da,2026-09-09 14:13:13.456000+00:00,2026-09-09 14:24:14.417000+00:00,661,267,1,True
2026-09-09 14:22:02.425084+00:00,sess-mgwcv9w92c9mtu6hugb,c-8bd31f67-ec8a-423a-9a17-b8a71cd83816,beta_A,treat,quest,0.16610189308858447,True,2026-09-06T14:21:45Z,https://calmforest.cloud,dba0c17e-cf7b-4fbc-be57-0f88d08029da,2026-09-09 14:13:13.456000+00:00,2026-09-09 14:24:14.417000+00:00,661,131,1,True
2026-09-09 14:22:02.954941+00:00,sess-mgwcv9w92c9mtu6hugb,c-8bd31f67-ec8a-423a-9a17-b8a71cd83816,beta_A,treat,quest,0.16610189308858447,True,2026-09-06T14:21:45Z,https://calmforest.cloud,dba0c17e-cf7b-4fbc-be57-0f88d08029da,2026-09-09 14:13:13.456000+00:00,2026-09-09 14:24:14.417000+00:00,661,131,1,True
2026-09-09 14:22:04.421098+00:00,sess-mgwcv9w92c9mtu6hugb,c-8bd31f67-ec8a-423a-9a17-b8a71cd83816,beta_A,treat,quest,0.16610189308858447,True,2026-09-06T14:21:45Z,https://calmforest.cloud,dba0c17e-cf7b-4fbc-be57-0f88d08029da,2026-09-09 14:13:13.456000+00:00,2026-09-09 14:24:14.417000+00:00,661,129,1,True
2026-09-09 14:22:05.765389+00:00,sess-mgwcv9w92c9mtu6hugb,c-8bd31f67-ec8a-423a-9a17-b8a71cd83816,beta_A,treat,quest,0.16933436476013394,True,2026-09-06T14:21:45Z,https://calmforest.cloud,dba0c17e-cf7b-4fbc-be57-0f88d08029da,2026-09-09 14:13:13.456000+00:00,2026-09-09 14:24:14.417000+00:00,661,128,1,True
2026-09-09 14:22:10.043554+00:00,sess-mgwcv9w92c9mtu6hugb,c-8bd31f67-ec8a-423a-9a17-b8a71cd83816,beta_A,treat,quest,0.17714138133589508,True,2026-09-06T14:21:45Z,https://calmforest.cloud,dba0c17e-cf7b-4fbc-be57-0f88d08029da,2026-09-09 14:13:13.456000+00:00,2026-09-09 14:24:14.417000+00:00,661,124,1,True
2026-09-09 14:22:11.208300+00:00,sess-mgwcv9w92c9mtu6hugb,c-8bd31f67-ec8a-423a-9a17-b8a71cd83816,beta_A,treat,quest,0.17714138133589508,True,2026-09-06T14:21:45Z,https://calmforest.cloud,dba0c17e-cf7b-4fbc-be57-0f88d08029da,2026-09-09 14:13:13.456000+00:00,2026-09-09 14:24:14.417000+00:00,661,123,1,True
2026-09-09 14:24:00.000333+00:00,sess-v2ry244cuwcmtu6vbxr,c-81a142d0-d941-4185-8697-f3e6e69dcd85,beta_A,treat,time15,0.3504304477697467,False,2026-09-06T14:21:45Z,https://calmforest.cloud,,,,,,,False
2026-09-09 14:24:38.963575+00:00,sess-5lpx09qbm2pmtu6w6jw,c-8bd31f67-ec8a-423a-9a17-b8a71cd83816,beta_A,treat,time15,0.33664503332752704,False,2026-09-06T14:21:45Z,https://calmforest.cloud,dba0c17e-cf7b-4fbc-be57-0f88d08029da,2026-09-09 14:24:22.327000+00:00,2026-09-09 14:35:23.465000+00:00,661,644,1,False
2026-09-09 14:25:47.861633+00:00,sess-5lpx09qbm2pmtu6w6jw,c-8bd31f67-ec8a-423a-9a17-b8a71cd83816,beta_A,treat,quest,0.1644046977844794,True,2026-09-06T14:21:45Z,https://calmforest.cloud,dba0c17e-cf7b-4fbc-be57-0f88d08029da,2026-09-09 14:24:22.327000+00:00,2026-09-09 14:35:23.465000+00:00,661,575,1,True
2026-09-09 14:25:48.575781+00:00,sess-5lpx09qbm2pmtu6w6jw,c-8bd31f67-ec8a-423a-9a17-b8a71cd83816,beta_A,treat,quest,0.1644046977844794,True,2026-09-06T14:21:45Z,https://calmforest.cloud,dba0c17e-cf7b-4fbc-be57-0f88d08029da,2026-09-09 14:24:22.327000+00:00,2026-09-09 14:35:23.465000+00:00,661,574,1,True
2026-09-09 14:25:49.428420+00:00,sess-5lpx09qbm2pmtu6w6jw,c-8bd31f67-ec8a-423a-9a17-b8a71cd83816,beta_A,treat,quest,0.16839851402871564,True,2026-09-06T14:21:45Z,https://calmforest.cloud,dba0c17e-cf7b-4fbc-be57-0f88d08029da,2026-09-09 14:24:22.327000+00:00,2026-09-09 14:35:23.465000+00:00,661,574,1,True
2026-09-09 14:25:50.099311+00:00,sess-5lpx09qbm2pmtu6w6jw,c-8bd31f67-ec8a-423a-9a17-b8a71cd83816,beta_A,treat,quest,0.16839851402871564,True,2026-09-06T14:21:45Z,https://calmforest.cloud,dba0c17e-cf7b-4fbc-be57-0f88d08029da,2026-09-09 14:24:22.327000+00:00,2026-09-09 14:35:23.465000+00:00,661,573,1,True
2026-09-09 14:25:52.456256+00:00,sess-5lpx09qbm2pmtu6w6jw,c-8bd31f67-ec8a-423a-9a17-b8a71cd83816,beta_A,treat,quest,0.15754992057572778,True,2026-09-06T14:21:45Z,https://calmforest.cloud,dba0c17e-cf7b-4fbc-be57-0f88d08029da,2026-09-09 14:24:22.327000+00:00,2026-09-09 14:35:23.465000+00:00,661,571,1,True
2026-09-09 14:25:58.650967+00:00,sess-5lpx09qbm2pmtu6w6jw,c-8bd31f67-ec8a-423a-9a17-b8a71cd83816,beta_A,treat,quest,0.1460231670967426,True,2026-09-06T14:21:45Z,https://calmforest.cloud,dba0c17e-cf7b-4fbc-be57-0f88d08029da,2026-09-09 14:24:22.327000+00:00,2026-09-09 14:35:23.465000+00:00,661,564,1,True
2026-09-09 14:25:59.264809+00:00,sess-5lpx09qbm2pmtu6w6jw,c-8bd31f67-ec8a-423a-9a17-b8a71cd83816,beta_A,treat,quest,0.1460231670967426,True,2026-09-06T14:21:45Z,https://calmforest.cloud,dba0c17e-cf7b-4fbc-be57-0f88d08029da,2026-09-09 14:24:22.327000+00:00,2026-09-09 14:35:23.465000+00:00,661,564,1,True
2026-09-09 14:26:03.314599+00:00,sess-5lpx09qbm2pmtu6w6jw,c-8bd31f67-ec8a-423a-9a17-b8a71cd83816,beta_A,treat,quest,0.13217600796922938,False,2026-09-06T14:21:45Z,https://calmforest.cloud,dba0c17e-cf7b-4fbc-be57-0f88d08029da,2026-09-09 14:24:22.327000+00:00,2026-09-09 14:35:23.465000+00:00,661,560,1,False
2026-09-09 14:26:05.012523+00:00,sess-5lpx09qbm2pmtu6w6jw,c-8bd31f67-ec8a-423a-9a17-b8a71cd83816,beta_A,treat,quest,0.13217600796922938,False,2026-09-06T14:21:45Z,https://calmforest.cloud,dba0c17e-cf7b-4fbc-be57-0f88d08029da,2026-09-09 14:24:22.327000+00:00,2026-09-09 14:35:23.465000+00:00,661,558,1,False
2026-09-09 14:26:14.824075+00:00,sess-5lpx09qbm2pmtu6w6jw,c-8bd31f67-ec8a-423a-9a17-b8a71cd83816,beta_A,treat,quest,0.10733730045098104,False,2026-09-06T14:21:45Z,https://calmforest.cloud,dba0c17e-cf7b-4fbc-be57-0f88d08029da,2026-09-09 14:24:22.327000+00:00,2026-09-09 14:35:23.465000+00:00,661,548,1,False
2026-09-09 14:26:15.667956+00:00,sess-5lpx09qbm2pmtu6w6jw,c-8bd31f67-ec8a-423a-9a17-b8a71cd83816,beta_A,treat,quest,0.10733730045098104,False,2026-09-06T14:21:45Z,https://calmforest.cloud,dba0c17e-cf7b-4fbc-be57-0f88d08029da,2026-09-09 14:24:22.327000+00:00,2026-09-09 14:35:23.465000+00:00,661,547,1,False
2026-09-09 14:27:06.601646+00:00,sess-5lpx09qbm2pmtu6w6jw,c-8bd31f67-ec8a-423a-9a17-b8a71cd83816,beta_A,treat,quest,0.14245518448469563,True,2026-09-06T14:21:45Z,https://calmforest.cloud,dba0c17e-cf7b-4fbc-be57-0f88d08029da,2026-09-09 14:24:22.327000+00:00,2026-09-09 14:35:23.465000+00:00,661,496,1,True
2026-09-09 14:27:07.312561+00:00,sess-5lpx09qbm2pmtu6w6jw,c-8bd31f67-ec8a-423a-9a17-b8a71cd83816,beta_A,treat,quest,0.14245518448469563,True,2026-09-06T14:21:45Z,https://calmforest.cloud,dba0c17e-cf7b-4fbc-be57-0f88d08029da,2026-09-09 14:24:22.327000+00:00,2026-09-09 14:35:23.465000+00:00,661,496,1,True
2026-09-09 14:27:09.822428+00:00,sess-5lpx09qbm2pmtu6w6jw,c-8bd31f67-ec8a-423a-9a17-b8a71cd83816,beta_A,treat,quest,0.14245518448469563,True,2026-09-06T14:21:45Z,https://calmforest.cloud,dba0c17e-cf7b-4fbc-be57-0f88d08029da,2026-09-09 14:24:22.327000+00:00,2026-09-09 14:35:23.465000+00:00,661,493,1,True
2026-09-09 14:27:10.947600+00:00,sess-5lpx09qbm2pmtu6w6jw,c-8bd31f67-ec8a-423a-9a17-b8a71cd83816,beta_A,treat,quest,0.14897543567659077,True,2026-09-06T14:21:45Z,https://calmforest.cloud,dba0c17e-cf7b-4fbc-be57-0f88d08029da,2026-09-09 14:24:22.327000+00:00,2026-09-09 14:35:23.465000+00:00,661,492,1,True
2026-09-09 14:27:11.963633+00:00,sess-5lpx09qbm2pmtu6w6jw,c-8bd31f67-ec8a-423a-9a17-b8a71cd83816,beta_A,treat,quest,0.14897543567659077,True,2026-09-06T14:21:45Z,https://calmforest.cloud,dba0c17e-cf7b-4fbc-be57-0f88d08029da,2026-09-09 14:24:22.327000+00:00,2026-09-09 14:35:23.465000+00:00,661,491,1,True
2026-09-09 14:27:12.682211+00:00,sess-5lpx09qbm2pmtu6w6jw,c-8bd31f67-ec8a-423a-9a17-b8a71cd83816,beta_A,treat,quest,0.14897543567659077,True,2026-09-06T14:21:45Z,https://calmforest.cloud,dba0c17e-cf7b-4fbc-be57-0f88d08029da,2026-09-09 14:24:22.327000+00:00,2026-09-09 14:35:23.465000+00:00,661,490,1,True
2026-09-09 14:27:13.413729+00:00,sess-5lpx09qbm2pmtu6w6jw,c-8bd31f67-ec8a-423a-9a17-b8a71cd83816,beta_A,treat,quest,0.14897543567659077,True,2026-09-06T14:21:45Z,https://calmforest.cloud,dba0c17e-cf7b-4fbc-be57-0f88d08029da,2026-09-09 14:24:22.327000+00:00,2026-09-09 14:35:23.465000+00:00,661,490,1,True
2026-09-09 14:27:14.086355+00:00,sess-5lpx09qbm2pmtu6w6jw,c-8bd31f67-ec8a-423a-9a17-b8a71cd83816,beta_A,treat,quest,0.14897543567659077,True,2026-09-06T14:21:45Z,https://calmforest.cloud,dba0c17e-cf7b-4fbc-be57-0f88d08029da,2026-09-09 14:24:22.327000+00:00,2026-09-09 14:35:23.465000+00:00,661,489,1,True
2026-09-09 14:27:14.662049+00:00,sess-5lpx09qbm2pmtu6w6jw,c-8bd31f67-ec8a-423a-9a17-b8a71cd83816,beta_A,treat,quest,0.14897543567659077,True,2026-09-06T14:21:45Z,https://calmforest.cloud,dba0c17e-cf7b-4fbc-be57-0f88d08029da,2026-09-09 14:24:22.327000+00:00,2026-09-09 14:35:23.465000+00:00,661,488,1,True
2026-09-09 14:27:22.039030+00:00,sess-5lpx09qbm2pmtu6w6jw,c-8bd31f67-ec8a-423a-9a17-b8a71cd83816,beta_A,treat,quest,0.1511875830278663,True,2026-09-06T14:21:45Z,https://calmforest.cloud,dba0c17e-cf7b-4fbc-be57-0f88d08029da,2026-09-09 14:24:22.327000+00:00,2026-09-09 14:35:23.465000+00:00,661,481,1,True
2026-09-09 14:27:22.670357+00:00,sess-5lpx09qbm2pmtu6w6jw,c-8bd31f67-ec8a-423a-9a17-b8a71cd83816,beta_A,treat,quest,0.1511875830278663,True,2026-09-06T14:21:45Z,https://calmforest.cloud,dba0c17e-cf7b-4fbc-be57-0f88d08029da,2026-09-09 14:24:22.327000+00:00,2026-09-09 14:35:23.465000+00:00,661,480,1,True
2026-09-09 14:27:24.416789+00:00,sess-5lpx09qbm2pmtu6w6jw,c-8bd31f67-ec8a-423a-9a17-b8a71cd83816,beta_A,treat,quest,0.14617582952370634,True,2026-09-06T14:21:45Z,https://calmforest.cloud,dba0c17e-cf7b-4fbc-be57-0f88d08029da,2026-09-09 14:24:22.327000+00:00,2026-09-09 14:35:23.465000+00:00,661,479,1,True
2026-09-09 14:27:25.083729+00:00,sess-5lpx09qbm2pmtu6w6jw,c-8bd31f67-ec8a-423a-9a17-b8a71cd83816,beta_A,treat,quest,0.14617582952370634,True,2026-09-06T14:21:45Z,https://calmforest.cloud,dba0c17e-cf7b-4fbc-be57-0f88d08029da,2026-09-09 14:24:22.327000+00:00,2026-09-09 14:35:23.465000+00:00,661,478,1,True
2026-09-09 14:27:26.942321+00:00,sess-5lpx09qbm2pmtu6w6jw,c-8bd31f67-ec8a-423a-9a17-b8a71cd83816,beta_A,treat,quest,0.14186862831027994,True,2026-09-06T14:21:45Z,https://calmforest.cloud,dba0c17e-cf7b-4fbc-be57-0f88d08029da,2026-09-09 14:24:22.327000+00:00,2026-09-09 14:35:23.465000+00:00,661,476,1,True
2026-09-09 14:27:28.174588+00:00,sess-5lpx09qbm2pmtu6w6jw,c-8bd31f67-ec8a-423a-9a17-b8a71cd83816,beta_A,treat,quest,0.14186862831027994,True,2026-09-06T14:21:45Z,https://calmforest.cloud,dba0c17e-cf7b-4fbc-be57-0f88d08029da,2026-09-09 14:24:22.327000+00:00,2026-09-09 14:35:23.465000+00:00,661,475,1,True
2026-09-09 14:27:30.204388+00:00,sess-5lpx09qbm2pmtu6w6jw,c-8bd31f67-ec8a-423a-9a17-b8a71cd83816,beta_A,treat,quest,0.12882813080785716,False,2026-09-06T14:21:45Z,https://calmforest.cloud,dba0c17e-cf7b-4fbc-be57-0f88d08029da,2026-09-09 14:24:22.327000+00:00,2026-09-09 14:35:23.465000+00:00,661,473,1,False
2026-09-09 14:27:31.675794+00:00,sess-5lpx09qbm2pmtu6w6jw,c-8bd31f67-ec8a-423a-9a17-b8a71cd83816,beta_A,treat,quest,0.12882813080785716,False,2026-09-06T14:21:45Z,https://calmforest.cloud,dba0c17e-cf7b-4fbc-be57-0f88d08029da,2026-09-09 14:24:22.327000+00:00,2026-09-09 14:35:23.465000+00:00,661,471,1,False
2026-09-09 14:27:52.723507+00:00,sess-5lpx09qbm2pmtu6w6jw,c-8bd31f67-ec8a-423a-9a17-b8a71cd83816,beta_A,treat,quest,0.1632656800417503,True,2026-09-06T14:21:45Z,https://calmforest.cloud,dba0c17e-cf7b-4fbc-be57-0f88d08029da,2026-09-09 14:24:22.327000+00:00,2026-09-09 14:35:23.465000+00:00,661,450,1,True
2026-09-09 14:27:53.872538+00:00,sess-5lpx09qbm2pmtu6w6jw,c-8bd31f67-ec8a-423a-9a17-b8a71cd83816,beta_A,treat,quest,0.1632656800417503,True,2026-09-06T14:21:45Z,https://calmforest.cloud,dba0c17e-cf7b-4fbc-be57-0f88d08029da,2026-09-09 14:24:22.327000+00:00,2026-09-09 14:35:23.465000+00:00,661,449,1,True
2026-09-09 14:27:58.474080+00:00,sess-5lpx09qbm2pmtu6w6jw,c-8bd31f67-ec8a-423a-9a17-b8a71cd83816,beta_A,treat,quest,0.13764269885082211,False,2026-09-06T14:21:45Z,https://calmforest.cloud,dba0c17e-cf7b-4fbc-be57-0f88d08029da,2026-09-09 14:24:22.327000+00:00,2026-09-09 14:35:23.465000+00:00,661,444,1,False
2026-09-09 14:28:41.718914+00:00,sess-5lpx09qbm2pmtu6w6jw,c-8bd31f67-ec8a-423a-9a17-b8a71cd83816,beta_A,treat,quest,0.1293245124235321,False,2026-09-06T14:21:45Z,https://calmforest.cloud,dba0c17e-cf7b-4fbc-be57-0f88d08029da,2026-09-09 14:24:22.327000+00:00,2026-09-09 14:35:23.465000+00:00,661,401,1,False
2026-09-09 14:28:42.109705+00:00,sess-5lpx09qbm2pmtu6w6jw,c-8bd31f67-ec8a-423a-9a17-b8a71cd83816,beta_A,treat,quest,0.1293245124235321,False,2026-09-06T14:21:45Z,https://calmforest.cloud,dba0c17e-cf7b-4fbc-be57-0f88d08029da,2026-09-09 14:24:22.327000+00:00,2026-09-09 14:35:23.465000+00:00,661,401,1,False
2026-09-09 14:28:44.092605+00:00,sess-5lpx09qbm2pmtu6w6jw,c-8bd31f67-ec8a-423a-9a17-b8a71cd83816,beta_A,treat,quest,0.1611668205398656,True,2026-09-06T14:21:45Z,https://calmforest.cloud,dba0c17e-cf7b-4fbc-be57-0f88d08029da,2026-09-09 14:24:22.327000+00:00,2026-09-09 14:35:23.465000+00:00,661,399,1,True
2026-09-09 14:28:48.125088+00:00,sess-5lpx09qbm2pmtu6w6jw,c-8bd31f67-ec8a-423a-9a17-b8a71cd83816,beta_A,treat,quest,0.1475681448725777,True,2026-09-06T14:21:45Z,https://calmforest.cloud,dba0c17e-cf7b-4fbc-be57-0f88d08029da,2026-09-09 14:24:22.327000+00:00,2026-09-09 14:35:23.465000+00:00,661,395,1,True
2026-09-09 14:28:49.507982+00:00,sess-5lpx09qbm2pmtu6w6jw,c-8bd31f67-ec8a-423a-9a17-b8a71cd83816,beta_A,treat,quest,0.16202920790311895,True,2026-09-06T14:21:45Z,https://calmforest.cloud,dba0c17e-cf7b-4fbc-be57-0f88d08029da,2026-09-09 14:24:22.327000+00:00,2026-09-09 14:35:23.465000+00:00,661,393,1,True
2026-09-09 14:29:13.630808+00:00,sess-5lpx09qbm2pmtu6w6jw,c-8bd31f67-ec8a-423a-9a17-b8a71cd83816,beta_A,treat,quest,0.14506251671473355,True,2026-09-06T14:21:45Z,https://calmforest.cloud,dba0c17e-cf7b-4fbc-be57-0f88d08029da,2026-09-09 14:24:22.327000+00:00,2026-09-09 14:35:23.465000+00:00,661,369,1,True
2026-09-09 14:29:14.452877+00:00,sess-5lpx09qbm2pmtu6w6jw,c-8bd31f67-ec8a-423a-9a17-b8a71cd83816,beta_A,treat,quest,0.14506251671473355,True,2026-09-06T14:21:45Z,https://calmforest.cloud,dba0c17e-cf7b-4fbc-be57-0f88d08029da,2026-09-09 14:24:22.327000+00:00,2026-09-09 14:35:23.465000+00:00,661,369,1,True
2026-09-09 14:29:15.342198+00:00,sess-5lpx09qbm2pmtu6w6jw,c-8bd31f67-ec8a-423a-9a17-b8a71cd83816,beta_A,treat,quest,0.14506251671473355,True,2026-09-06T14:21:45Z,https://calmforest.cloud,dba0c17e-cf7b-4fbc-be57-0f88d08029da,2026-09-09 14:24:22.327000+00:00,2026-09-09 14:35:23.465000+00:00,661,368,1,True
2026-09-09 14:29:16.235728+00:00,sess-5lpx09qbm2pmtu6w6jw,c-8bd31f67-ec8a-423a-9a17-b8a71cd83816,beta_A,treat,quest,0.14506251671473355,True,2026-09-06T14:21:45Z,https://calmforest.cloud,dba0c17e-cf7b-4fbc-be57-0f88d08029da,2026-09-09 14:24:22.327000+00:00,2026-09-09 14:35:23.465000+00:00,661,367,1,True
2026-09-09 14:29:17.648294+00:00,sess-5lpx09qbm2pmtu6w6jw,c-8bd31f67-ec8a-423a-9a17-b8a71cd83816,beta_A,treat,quest,0.1384853396537366,False,2026-09-06T14:21:45Z,https://calmforest.cloud,dba0c17e-cf7b-4fbc-be57-0f88d08029da,2026-09-09 14:24:22.327000+00:00,2026-09-09 14:35:23.465000+00:00,661,365,1,False
2026-09-09 14:29:20.053954+00:00,sess-5lpx09qbm2pmtu6w6jw,c-8bd31f67-ec8a-423a-9a17-b8a71cd83816,beta_A,treat,quest,0.14099194926453998,True,2026-09-06T14:21:45Z,https://calmforest.cloud,dba0c17e-cf7b-4fbc-be57-0f88d08029da,2026-09-09 14:24:22.327000+00:00,2026-09-09 14:35:23.465000+00:00,661,363,1,True
2026-09-09 14:29:21.238945+00:00,sess-5lpx09qbm2pmtu6w6jw,c-8bd31f67-ec8a-423a-9a17-b8a71cd83816,beta_A,treat,quest,0.14091250177268325,True,2026-09-06T14:21:45Z,https://calmforest.cloud,dba0c17e-cf7b-4fbc-be57-0f88d08029da,2026-09-09 14:24:22.327000+00:00,2026-09-09 14:35:23.465000+00:00,661,362,1,True
2026-09-09 14:29:21.668619+00:00,sess-5lpx09qbm2pmtu6w6jw,c-8bd31f67-ec8a-423a-9a17-b8a71cd83816,beta_A,treat,quest,0.14091250177268325,True,2026-09-06T14:21:45Z,https://calmforest.cloud,dba0c17e-cf7b-4fbc-be57-0f88d08029da,2026-09-09 14:24:22.327000+00:00,2026-09-09 14:35:23.465000+00:00,661,361,1,True
2026-09-09 14:29:22.625317+00:00,sess-5lpx09qbm2pmtu6w6jw,c-8bd31f67-ec8a-423a-9a17-b8a71cd83816,beta_A,treat,quest,0.14091250177268325,True,2026-09-06T14:21:45Z,https://calmforest.cloud,dba0c17e-cf7b-4fbc-be57-0f88d08029da,2026-09-09 14:24:22.327000+00:00,2026-09-09 14:35:23.465000+00:00,661,360,1,True
2026-09-09 14:29:24.734944+00:00,sess-5lpx09qbm2pmtu6w6jw,c-8bd31f67-ec8a-423a-9a17-b8a71cd83816,beta_A,treat,quest,0.14567479581524112,True,2026-09-06T14:21:45Z,https://calmforest.cloud,dba0c17e-cf7b-4fbc-be57-0f88d08029da,2026-09-09 14:24:22.327000+00:00,2026-09-09 14:35:23.465000+00:00,661,358,1,True
2026-09-09 14:29:25.217295+00:00,sess-5lpx09qbm2pmtu6w6jw,c-8bd31f67-ec8a-423a-9a17-b8a71cd83816,beta_A,treat,quest,0.14567479581524112,True,2026-09-06T14:21:45Z,https://calmforest.cloud,dba0c17e-cf7b-4fbc-be57-0f88d08029da,2026-09-09 14:24:22.327000+00:00,2026-09-09 14:35:23.465000+00:00,661,358,1,True
2026-09-09 14:29:26.062064+00:00,sess-5lpx09qbm2pmtu6w6jw,c-8bd31f67-ec8a-423a-9a17-b8a71cd83816,beta_A,treat,quest,0.14567479581524112,True,2026-09-06T14:21:45Z,https://calmforest.cloud,dba0c17e-cf7b-4fbc-be57-0f88d08029da,2026-09-09 14:24:22.327000+00:00,2026-09-09 14:35:23.465000+00:00,661,357,1,True
2026-09-09 14:29:26.652612+00:00,sess-5lpx09qbm2pmtu6w6jw,c-8bd31f67-ec8a-423a-9a17-b8a71cd83816,beta_A,treat,quest,0.14567479581524112,True,2026-09-06T14:21:45Z,https://calmforest.cloud,dba0c17e-cf7b-4fbc-be57-0f88d08029da,2026-09-09 14:24:22.327000+00:00,2026-09-09 14:35:23.465000+00:00,661,356,1,True
2026-09-09 14:29:27.471104+00:00,sess-5lpx09qbm2pmtu6w6jw,c-8bd31f67-ec8a-423a-9a17-b8a71cd83816,beta_A,treat,quest,0.14567479581524112,True,2026-09-06T14:21:45Z,https://calmforest.cloud,dba0c17e-cf7b-4fbc-be57-0f88d08029da,2026-09-09 14:24:22.327000+00:00,2026-09-09 14:35:23.465000+00:00,661,355,1,True
2026-09-09 14:29:48.861831+00:00,sess-5lpx09qbm2pmtu6w6jw,c-8bd31f67-ec8a-423a-9a17-b8a71cd83816,beta_A,treat,quest,0.1482061446088181,True,2026-09-06T14:21:45Z,https://calmforest.cloud,dba0c17e-cf7b-4fbc-be57-0f88d08029da,2026-09-09 14:24:22.327000+00:00,2026-09-09 14:35:23.465000+00:00,661,334,1,True
2026-09-09 14:29:49.509475+00:00,sess-5lpx09qbm2pmtu6w6jw,c-8bd31f67-ec8a-423a-9a17-b8a71cd83816,beta_A,treat,quest,0.1482061446088181,True,2026-09-06T14:21:45Z,https://calmforest.cloud,dba0c17e-cf7b-4fbc-be57-0f88d08029da,2026-09-09 14:24:22.327000+00:00,2026-09-09 14:35:23.465000+00:00,661,333,1,True
2026-09-09 14:29:50.533587+00:00,sess-5lpx09qbm2pmtu6w6jw,c-8bd31f67-ec8a-423a-9a17-b8a71cd83816,beta_A,treat,quest,0.1482061446088181,True,2026-09-06T14:21:45Z,https://calmforest.cloud,dba0c17e-cf7b-4fbc-be57-0f88d08029da,2026-09-09 14:24:22.327000+00:00,2026-09-09 14:35:23.465000+00:00,661,332,1,True
2026-09-09 14:31:09.389726+00:00,sess-5lpx09qbm2pmtu6w6jw,c-8bd31f67-ec8a-423a-9a17-b8a71cd83816,beta_A,treat,quest,0.08680728841473843,False,2026-09-06T14:21:45Z,https://calmforest.cloud,dba0c17e-cf7b-4fbc-be57-0f88d08029da,2026-09-09 14:24:22.327000+00:00,2026-09-09 14:35:23.465000+00:00,661,254,1,False
2026-09-09 14:31:09.703303+00:00,sess-5lpx09qbm2pmtu6w6jw,c-8bd31f67-ec8a-423a-9a17-b8a71cd83816,beta_A,treat,quest,0.08680728841473843,False,2026-09-06T14:21:45Z,https://calmforest.cloud,dba0c17e-cf7b-4fbc-be57-0f88d08029da,2026-09-09 14:24:22.327000+00:00,2026-09-09 14:35:23.465000+00:00,661,253,1,False
2026-09-09 14:31:12.510546+00:00,sess-5lpx09qbm2pmtu6w6jw,c-8bd31f67-ec8a-423a-9a17-b8a71cd83816,beta_A,treat,quest,0.1028907256019738,False,2026-09-06T14:21:45Z,https://calmforest.cloud,dba0c17e-cf7b-4fbc-be57-0f88d08029da,2026-09-09 14:24:22.327000+00:00,2026-09-09 14:35:23.465000+00:00,661,250,1,False
2026-09-09 14:31:15.645089+00:00,sess-5lpx09qbm2pmtu6w6jw,c-8bd31f67-ec8a-423a-9a17-b8a71cd83816,beta_A,treat,quest,0.14213190812984977,True,2026-09-06T14:21:45Z,https://calmforest.cloud,dba0c17e-cf7b-4fbc-be57-0f88d08029da,2026-09-09 14:24:22.327000+00:00,2026-09-09 14:35:23.465000+00:00,661,247,1,True
2026-09-09 14:32:07.564004+00:00,sess-39sil903x0lmtu75t0u,c-81a142d0-d941-4185-8697-f3e6e69dcd85,beta_A,treat,time15,0.2896553361316945,False,2026-09-06T14:21:45Z,https://calmforest.cloud,d6ccb4ea-a790-4733-89ee-9b78aaa277c7,2026-09-09 14:31:51.346000+00:00,2026-09-09 14:37:43.238000+00:00,352,335,1,False
2026-09-09 14:32:37.543688+00:00,sess-5lpx09qbm2pmtu6w6jw,c-8bd31f67-ec8a-423a-9a17-b8a71cd83816,beta_A,treat,quest,0.14735664988941585,True,2026-09-06T14:21:45Z,https://calmforest.cloud,dba0c17e-cf7b-4fbc-be57-0f88d08029da,2026-09-09 14:24:22.327000+00:00,2026-09-09 14:35:23.465000+00:00,661,165,1,True
2026-09-09 14:32:38.099595+00:00,sess-5lpx09qbm2pmtu6w6jw,c-8bd31f67-ec8a-423a-9a17-b8a71cd83816,beta_A,treat,quest,0.14735664988941585,True,2026-09-06T14:21:45Z,https://calmforest.cloud,dba0c17e-cf7b-4fbc-be57-0f88d08029da,2026-09-09 14:24:22.327000+00:00,2026-09-09 14:35:23.465000+00:00,661,165,1,True
2026-09-09 14:34:22.848786+00:00,sess-5lpx09qbm2pmtu6w6jw,c-8bd31f67-ec8a-423a-9a17-b8a71cd83816,beta_A,treat,quest,0.16153273120086592,True,2026-09-06T14:21:45Z,https://calmforest.cloud,dba0c17e-cf7b-4fbc-be57-0f88d08029da,2026-09-09 14:24:22.327000+00:00,2026-09-09 14:35:23.465000+00:00,661,60,1,True
2026-09-09 14:34:23.271109+00:00,sess-5lpx09qbm2pmtu6w6jw,c-8bd31f67-ec8a-423a-9a17-b8a71cd83816,beta_A,treat,quest,0.16153273120086592,True,2026-09-06T14:21:45Z,https://calmforest.cloud,dba0c17e-cf7b-4fbc-be57-0f88d08029da,2026-09-09 14:24:22.327000+00:00,2026-09-09 14:35:23.465000+00:00,661,60,1,True
2026-09-09 14:34:24.365193+00:00,sess-5lpx09qbm2pmtu6w6jw,c-8bd31f67-ec8a-423a-9a17-b8a71cd83816,beta_A,treat,quest,0.16153273120086592,True,2026-09-06T14:21:45Z,https://calmforest.cloud,dba0c17e-cf7b-4fbc-be57-0f88d08029da,2026-09-09 14:24:22.327000+00:00,2026-09-09 14:35:23.465000+00:00,661,59,0,True
2026-09-09 14:34:37.205145+00:00,sess-5lpx09qbm2pmtu6w6jw,c-8bd31f67-ec8a-423a-9a17-b8a71cd83816,beta_A,treat,quest,0.14459367438379256,True,2026-09-06T14:21:45Z,https://calmforest.cloud,dba0c17e-cf7b-4fbc-be57-0f88d08029da,2026-09-09 14:24:22.327000+00:00,2026-09-09 14:35:23.465000+00:00,661,46,0,True
2026-09-09 14:34:38.817612+00:00,sess-5lpx09qbm2pmtu6w6jw,c-8bd31f67-ec8a-423a-9a17-b8a71cd83816,beta_A,treat,quest,0.15540522810514593,True,2026-09-06T14:21:45Z,https://calmforest.cloud,dba0c17e-cf7b-4fbc-be57-0f88d08029da,2026-09-09 14:24:22.327000+00:00,2026-09-09 14:35:23.465000+00:00,661,44,0,True
2026-09-09 14:35:03.117352+00:00,sess-5lpx09qbm2pmtu6w6jw,c-8bd31f67-ec8a-423a-9a17-b8a71cd83816,beta_A,treat,quest,0.09868936565691018,False,2026-09-06T14:21:45Z,https://calmforest.cloud,dba0c17e-cf7b-4fbc-be57-0f88d08029da,2026-09-09 14:24:22.327000+00:00,2026-09-09 14:35:23.465000+00:00,661,20,0,False
2026-09-09 14:35:03.779150+00:00,sess-5lpx09qbm2pmtu6w6jw,c-8bd31f67-ec8a-423a-9a17-b8a71cd83816,beta_A,treat,quest,0.09868936565691018,False,2026-09-06T14:21:45Z,https://calmforest.cloud,dba0c17e-cf7b-4fbc-be57-0f88d08029da,2026-09-09 14:24:22.327000+00:00,2026-09-09 14:35:23.465000+00:00,661,19,0,False
2026-09-09 14:35:05.062774+00:00,sess-5lpx09qbm2pmtu6w6jw,c-8bd31f67-ec8a-423a-9a17-b8a71cd83816,beta_A,treat,quest,0.09868936565691018,False,2026-09-06T14:21:45Z,https://calmforest.cloud,dba0c17e-cf7b-4fbc-be57-0f88d08029da,2026-09-09 14:24:22.327000+00:00,2026-09-09 14:35:23.465000+00:00,661,18,0,False
2026-09-09 14:35:07.524647+00:00,sess-5lpx09qbm2pmtu6w6jw,c-8bd31f67-ec8a-423a-9a17-b8a71cd83816,beta_A,treat,quest,0.09868936565691018,False,2026-09-06T14:21:45Z,https://calmforest.cloud,dba0c17e-cf7b-4fbc-be57-0f88d08029da,2026-09-09 14:24:22.327000+00:00,2026-09-09 14:35:23.465000+00:00,661,15,0,False
2026-09-09 14:36:32.783857+00:00,sess-s8bv2ii4jlomtu7bhes,c-8bd31f67-ec8a-423a-9a17-b8a71cd83816,beta_A,treat,time15,0.42016820296048013,False,2026-09-06T14:21:45Z,https://calmforest.cloud,,,,,,,False
2026-09-09 14:37:30.036802+00:00,sess-447nbr16t45mtu7cq27,c-8bd31f67-ec8a-423a-9a17-b8a71cd83816,beta_A,treat,time15,0.19371041431897387,False,2026-09-06T14:21:45Z,https://calmforest.cloud,dba0c17e-cf7b-4fbc-be57-0f88d08029da,2026-09-09 14:37:14.100000+00:00,2026-09-09 14:40:12.811000+00:00,179,162,1,False
2026-09-10 00:55:47.670324+00:00,sess-ddatwn814zgmtutdpo6,c-6c0f3dda-eb43-42ac-8324-ec1895c78ee4,beta_A,control,quest,0.13763291338275863,False,2026-09-06T14:21:45Z,https://calmforest.cloud,d7fa8f5f-3fd5-45fb-93c4-16c35e8af6fd,2026-09-10 00:53:51.801000+00:00,2026-09-10 01:38:28.489000+00:00,2677,2560,1,False
2026-09-10 00:55:48.914248+00:00,sess-ddatwn814zgmtutdpo6,c-6c0f3dda-eb43-42ac-8324-ec1895c78ee4,beta_A,control,quest,0.16782948858879473,True,2026-09-06T14:21:45Z,https://calmforest.cloud,d7fa8f5f-3fd5-45fb-93c4-16c35e8af6fd,2026-09-10 00:53:51.801000+00:00,2026-09-10 01:38:28.489000+00:00,2677,2559,1,True
2026-09-10 00:55:50.305656+00:00,sess-ddatwn814zgmtutdpo6,c-6c0f3dda-eb43-42ac-8324-ec1895c78ee4,beta_A,control,quest,0.1722564353572747,True,2026-09-06T14:21:45Z,https://calmforest.cloud,d7fa8f5f-3fd5-45fb-93c4-16c35e8af6fd,2026-09-10 00:53:51.801000+00:00,2026-09-10 01:38:28.489000+00:00,2677,2558,1,True
2026-09-10 00:57:49.520991+00:00,sess-ddatwn814zgmtutdpo6,c-6c0f3dda-eb43-42ac-8324-ec1895c78ee4,beta_A,control,quest,0.09917756531638967,False,2026-09-06T14:21:45Z,https://calmforest.cloud,d7fa8f5f-3fd5-45fb-93c4-16c35e8af6fd,2026-09-10 00:53:51.801000+00:00,2026-09-10 01:38:28.489000+00:00,2677,2438,1,False
2026-09-10 00:57:50.178695+00:00,sess-ddatwn814zgmtutdpo6,c-6c0f3dda-eb43-42ac-8324-ec1895c78ee4,beta_A,control,quest,0.12727823312657655,False,2026-09-06T14:21:45Z,https://calmforest.cloud,d7fa8f5f-3fd5-45fb-93c4-16c35e8af6fd,2026-09-10 00:53:51.801000+00:00,2026-09-10 01:38:28.489000+00:00,2677,2438,1,False
2026-09-10 00:57:50.680193+00:00,sess-ddatwn814zgmtutdpo6,c-6c0f3dda-eb43-42ac-8324-ec1895c78ee4,beta_A,control,quest,0.15668011156393155,True,2026-09-06T14:21:45Z,https://calmforest.cloud,d7fa8f5f-3fd5-45fb-93c4-16c35e8af6fd,2026-09-10 00:53:51.801000+00:00,2026-09-10 01:38:28.489000+00:00,2677,2437,1,True
2026-09-10 00:57:52.194305+00:00,sess-ddatwn814zgmtutdpo6,c-6c0f3dda-eb43-42ac-8324-ec1895c78ee4,beta_A,control,quest,0.1729438999236105,True,2026-09-06T14:21:45Z,https://calmforest.cloud,d7fa8f5f-3fd5-45fb-93c4-16c35e8af6fd,2026-09-10 00:53:51.801000+00:00,2026-09-10 01:38:28.489000+00:00,2677,2436,1,True
2026-09-10 00:58:18.455443+00:00,sess-ddatwn814zgmtutdpo6,c-6c0f3dda-eb43-42ac-8324-ec1895c78ee4,beta_A,control,quest,0.17131928828634693,True,2026-09-06T14:21:45Z,https://calmforest.cloud,d7fa8f5f-3fd5-45fb-93c4-16c35e8af6fd,2026-09-10 00:53:51.801000+00:00,2026-09-10 01:38:28.489000+00:00,2677,2410,1,True
2026-09-10 00:58:21.195205+00:00,sess-ddatwn814zgmtutdpo6,c-6c0f3dda-eb43-42ac-8324-ec1895c78ee4,beta_A,control,quest,0.1541410229436595,True,2026-09-06T14:21:45Z,https://calmforest.cloud,d7fa8f5f-3fd5-45fb-93c4-16c35e8af6fd,2026-09-10 00:53:51.801000+00:00,2026-09-10 01:38:28.489000+00:00,2677,2407,1,True
2026-09-10 00:58:21.845032+00:00,sess-ddatwn814zgmtutdpo6,c-6c0f3dda-eb43-42ac-8324-ec1895c78ee4,beta_A,control,quest,0.1571105104335472,True,2026-09-06T14:21:45Z,https://calmforest.cloud,d7fa8f5f-3fd5-45fb-93c4-16c35e8af6fd,2026-09-10 00:53:51.801000+00:00,2026-09-10 01:38:28.489000+00:00,2677,2406,1,True
2026-09-10 00:58:28.721204+00:00,sess-ddatwn814zgmtutdpo6,c-6c0f3dda-eb43-42ac-8324-ec1895c78ee4,beta_A,control,quest,0.14759215340904017,True,2026-09-06T14:21:45Z,https://calmforest.cloud,d7fa8f5f-3fd5-45fb-93c4-16c35e8af6fd,2026-09-10 00:53:51.801000+00:00,2026-09-10 01:38:28.489000+00:00,2677,2399,1,True
2026-09-10 00:58:31.537745+00:00,sess-ddatwn814zgmtutdpo6,c-6c0f3dda-eb43-42ac-8324-ec1895c78ee4,beta_A,control,quest,0.15354455276350643,True,2026-09-06T14:21:45Z,https://calmforest.cloud,d7fa8f5f-3fd5-45fb-93c4-16c35e8af6fd,2026-09-10 00:53:51.801000+00:00,2026-09-10 01:38:28.489000+00:00,2677,2396,1,True
2026-09-10 00:59:09.539313+00:00,sess-ddatwn814zgmtutdpo6,c-6c0f3dda-eb43-42ac-8324-ec1895c78ee4,beta_A,control,quest,0.14028420498292787,True,2026-09-06T14:21:45Z,https://calmforest.cloud,d7fa8f5f-3fd5-45fb-93c4-16c35e8af6fd,2026-09-10 00:53:51.801000+00:00,2026-09-10 01:38:28.489000+00:00,2677,2358,1,True
2026-09-10 00:59:10.151593+00:00,sess-ddatwn814zgmtutdpo6,c-6c0f3dda-eb43-42ac-8324-ec1895c78ee4,beta_A,control,quest,0.12553366099758856,False,2026-09-06T14:21:45Z,https://calmforest.cloud,d7fa8f5f-3fd5-45fb-93c4-16c35e8af6fd,2026-09-10 00:53:51.801000+00:00,2026-09-10 01:38:28.489000+00:00,2677,2358,1,False
2026-09-10 00:59:10.398043+00:00,sess-ddatwn814zgmtutdpo6,c-6c0f3dda-eb43-42ac-8324-ec1895c78ee4,beta_A,control,quest,0.1334114813159674,False,2026-09-06T14:21:45Z,https://calmforest.cloud,d7fa8f5f-3fd5-45fb-93c4-16c35e8af6fd,2026-09-10 00:53:51.801000+00:00,2026-09-10 01:38:28.489000+00:00,2677,2358,1,False
2026-09-10 00:59:15.212887+00:00,sess-ddatwn814zgmtutdpo6,c-6c0f3dda-eb43-42ac-8324-ec1895c78ee4,beta_A,control,quest,0.1651066341190471,True,2026-09-06T14:21:45Z,https://calmforest.cloud,d7fa8f5f-3fd5-45fb-93c4-16c35e8af6fd,2026-09-10 00:53:51.801000+00:00,2026-09-10 01:38:28.489000+00:00,2677,2353,1,True
2026-09-10 01:01:57.135273+00:00,sess-ddatwn814zgmtutdpo6,c-6c0f3dda-eb43-42ac-8324-ec1895c78ee4,beta_A,control,quest,0.09914187957576157,False,2026-09-06T14:21:45Z,https://calmforest.cloud,d7fa8f5f-3fd5-45fb-93c4-16c35e8af6fd,2026-09-10 00:53:51.801000+00:00,2026-09-10 01:38:28.489000+00:00,2677,2191,1,False
2026-09-10 01:01:57.280704+00:00,sess-ddatwn814zgmtutdpo6,c-6c0f3dda-eb43-42ac-8324-ec1895c78ee4,beta_A,control,quest,0.09568250265526905,False,2026-09-06T14:21:45Z,https://calmforest.cloud,d7fa8f5f-3fd5-45fb-93c4-16c35e8af6fd,2026-09-10 00:53:51.801000+00:00,2026-09-10 01:38:28.489000+00:00,2677,2191,1,False
2026-09-10 01:02:32.836422+00:00,sess-ddatwn814zgmtutdpo6,c-6c0f3dda-eb43-42ac-8324-ec1895c78ee4,beta_A,control,quest,0.16109981688549194,True,2026-09-06T14:21:45Z,https://calmforest.cloud,d7fa8f5f-3fd5-45fb-93c4-16c35e8af6fd,2026-09-10 00:53:51.801000+00:00,2026-09-10 01:38:28.489000+00:00,2677,2155,1,True
2026-09-10 01:02:34.723910+00:00,sess-ddatwn814zgmtutdpo6,c-6c0f3dda-eb43-42ac-8324-ec1895c78ee4,beta_A,control,quest,0.14455050951901036,True,2026-09-06T14:21:45Z,https://calmforest.cloud,d7fa8f5f-3fd5-45fb-93c4-16c35e8af6fd,2026-09-10 00:53:51.801000+00:00,2026-09-10 01:38:28.489000+00:00,2677,2153,1,True
2026-09-10 01:02:38.445093+00:00,sess-ddatwn814zgmtutdpo6,c-6c0f3dda-eb43-42ac-8324-ec1895c78ee4,beta_A,control,quest,0.13679784292827252,False,2026-09-06T14:21:45Z,https://calmforest.cloud,d7fa8f5f-3fd5-45fb-93c4-16c35e8af6fd,2026-09-10 00:53:51.801000+00:00,2026-09-10 01:38:28.489000+00:00,2677,2150,1,False
2026-09-10 01:02:39.556156+00:00,sess-ddatwn814zgmtutdpo6,c-6c0f3dda-eb43-42ac-8324-ec1895c78ee4,beta_A,control,quest,0.13367601249775896,False,2026-09-06T14:21:45Z,https://calmforest.cloud,d7fa8f5f-3fd5-45fb-93c4-16c35e8af6fd,2026-09-10 00:53:51.801000+00:00,2026-09-10 01:38:28.489000+00:00,2677,2148,1,False
2026-09-10 01:02:40.045154+00:00,sess-ddatwn814zgmtutdpo6,c-6c0f3dda-eb43-42ac-8324-ec1895c78ee4,beta_A,control,quest,0.13615840287905961,False,2026-09-06T14:21:45Z,https://calmforest.cloud,d7fa8f5f-3fd5-45fb-93c4-16c35e8af6fd,2026-09-10 00:53:51.801000+00:00,2026-09-10 01:38:28.489000+00:00,2677,2148,1,False
2026-09-10 01:02:41.458917+00:00,sess-ddatwn814zgmtutdpo6,c-6c0f3dda-eb43-42ac-8324-ec1895c78ee4,beta_A,control,quest,0.16091461726796774,True,2026-09-06T14:21:45Z,https://calmforest.cloud,d7fa8f5f-3fd5-45fb-93c4-16c35e8af6fd,2026-09-10 00:53:51.801000+00:00,2026-09-10 01:38:28.489000+00:00,2677,2147,1,True
2026-09-10 01:02:43.226507+00:00,sess-ddatwn814zgmtutdpo6,c-6c0f3dda-eb43-42ac-8324-ec1895c78ee4,beta_A,control,quest,0.14636202541741763,True,2026-09-06T14:21:45Z,https://calmforest.cloud,d7fa8f5f-3fd5-45fb-93c4-16c35e8af6fd,2026-09-10 00:53:51.801000+00:00,2026-09-10 01:38:28.489000+00:00,2677,2145,1,True
2026-09-10 01:02:53.597915+00:00,sess-ddatwn814zgmtutdpo6,c-6c0f3dda-eb43-42ac-8324-ec1895c78ee4,beta_A,control,quest,0.12409073222744284,False,2026-09-06T14:21:45Z,https://calmforest.cloud,d7fa8f5f-3fd5-45fb-93c4-16c35e8af6fd,2026-09-10 00:53:51.801000+00:00,2026-09-10 01:38:28.489000+00:00,2677,2134,1,False
2026-09-10 01:02:54.141880+00:00,sess-ddatwn814zgmtutdpo6,c-6c0f3dda-eb43-42ac-8324-ec1895c78ee4,beta_A,control,quest,0.12868724456893038,False,2026-09-06T14:21:45Z,https://calmforest.cloud,d7fa8f5f-3fd5-45fb-93c4-16c35e8af6fd,2026-09-10 00:53:51.801000+00:00,2026-09-10 01:38:28.489000+00:00,2677,2134,1,False
2026-09-10 01:02:56.701474+00:00,sess-ddatwn814zgmtutdpo6,c-6c0f3dda-eb43-42ac-8324-ec1895c78ee4,beta_A,control,quest,0.16849454145090392,True,2026-09-06T14:21:45Z,https://calmforest.cloud,d7fa8f5f-3fd5-45fb-93c4-16c35e8af6fd,2026-09-10 00:53:51.801000+00:00,2026-09-10 01:38:28.489000+00:00,2677,2131,1,True
2026-09-10 01:02:58.008481+00:00,sess-ddatwn814zgmtutdpo6,c-6c0f3dda-eb43-42ac-8324-ec1895c78ee4,beta_A,control,quest,0.1684393970232414,True,2026-09-06T14:21:45Z,https://calmforest.cloud,d7fa8f5f-3fd5-45fb-93c4-16c35e8af6fd,2026-09-10 00:53:51.801000+00:00,2026-09-10 01:38:28.489000+00:00,2677,2130,1,True
2026-09-10 01:03:17.433487+00:00,sess-ddatwn814zgmtutdpo6,c-6c0f3dda-eb43-42ac-8324-ec1895c78ee4,beta_A,control,quest,0.16678452331476512,True,2026-09-06T14:21:45Z,https://calmforest.cloud,d7fa8f5f-3fd5-45fb-93c4-16c35e8af6fd,2026-09-10 00:53:51.801000+00:00,2026-09-10 01:38:28.489000+00:00,2677,2111,1,True
2026-09-10 01:03:18.049760+00:00,sess-ddatwn814zgmtutdpo6,c-6c0f3dda-eb43-42ac-8324-ec1895c78ee4,beta_A,control,quest,0.16778196596507494,True,2026-09-06T14:21:45Z,https://calmforest.cloud,d7fa8f5f-3fd5-45fb-93c4-16c35e8af6fd,2026-09-10 00:53:51.801000+00:00,2026-09-10 01:38:28.489000+00:00,2677,2110,1,True
2026-09-10 01:03:18.566115+00:00,sess-ddatwn814zgmtutdpo6,c-6c0f3dda-eb43-42ac-8324-ec1895c78ee4,beta_A,control,quest,0.16778196596507494,True,2026-09-06T14:21:45Z,https://calmforest.cloud,d7fa8f5f-3fd5-45fb-93c4-16c35e8af6fd,2026-09-10 00:53:51.801000+00:00,2026-09-10 01:38:28.489000+00:00,2677,2109,1,True
2026-09-10 01:03:19.906698+00:00,sess-ddatwn814zgmtutdpo6,c-6c0f3dda-eb43-42ac-8324-ec1895c78ee4,beta_A,control,quest,0.169843828636702,True,2026-09-06T14:21:45Z,https://calmforest.cloud,d7fa8f5f-3fd5-45fb-93c4-16c35e8af6fd,2026-09-10 00:53:51.801000+00:00,2026-09-10 01:38:28.489000+00:00,2677,2108,1,True
2026-09-10 01:05:08.400098+00:00,sess-ddatwn814zgmtutdpo6,c-6c0f3dda-eb43-42ac-8324-ec1895c78ee4,beta_A,control,quest,0.1572678643988551,True,2026-09-06T14:21:45Z,https://calmforest.cloud,d7fa8f5f-3fd5-45fb-93c4-16c35e8af6fd,2026-09-10 00:53:51.801000+00:00,2026-09-10 01:38:28.489000+00:00,2677,2000,1,True
2026-09-10 01:05:08.996150+00:00,sess-ddatwn814zgmtutdpo6,c-6c0f3dda-eb43-42ac-8324-ec1895c78ee4,beta_A,control,quest,0.15587984390365694,True,2026-09-06T14:21:45Z,https://calmforest.cloud,d7fa8f5f-3fd5-45fb-93c4-16c35e8af6fd,2026-09-10 00:53:51.801000+00:00,2026-09-10 01:38:28.489000+00:00,2677,1999,1,True
2026-09-10 01:05:09.225586+00:00,sess-ddatwn814zgmtutdpo6,c-6c0f3dda-eb43-42ac-8324-ec1895c78ee4,beta_A,control,quest,0.1530100193015876,True,2026-09-06T14:21:45Z,https://calmforest.cloud,d7fa8f5f-3fd5-45fb-93c4-16c35e8af6fd,2026-09-10 00:53:51.801000+00:00,2026-09-10 01:38:28.489000+00:00,2677,1999,1,True
2026-09-10 01:05:15.449996+00:00,sess-ddatwn814zgmtutdpo6,c-6c0f3dda-eb43-42ac-8324-ec1895c78ee4,beta_A,control,quest,0.16045027061021275,True,2026-09-06T14:21:45Z,https://calmforest.cloud,d7fa8f5f-3fd5-45fb-93c4-16c35e8af6fd,2026-09-10 00:53:51.801000+00:00,2026-09-10 01:38:28.489000+00:00,2677,1993,1,True
2026-09-10 01:05:26.452642+00:00,sess-ddatwn814zgmtutdpo6,c-6c0f3dda-eb43-42ac-8324-ec1895c78ee4,beta_A,control,quest,0.1444416247286707,True,2026-09-06T14:21:45Z,https://calmforest.cloud,d7fa8f5f-3fd5-45fb-93c4-16c35e8af6fd,2026-09-10 00:53:51.801000+00:00,2026-09-10 01:38:28.489000+00:00,2677,1982,1,True
2026-09-10 01:05:27.652225+00:00,sess-ddatwn814zgmtutdpo6,c-6c0f3dda-eb43-42ac-8324-ec1895c78ee4,beta_A,control,quest,0.1667523421762826,True,2026-09-06T14:21:45Z,https://calmforest.cloud,d7fa8f5f-3fd5-45fb-93c4-16c35e8af6fd,2026-09-10 00:53:51.801000+00:00,2026-09-10 01:38:28.489000+00:00,2677,1980,1,True
2026-09-10 01:05:29.128378+00:00,sess-ddatwn814zgmtutdpo6,c-6c0f3dda-eb43-42ac-8324-ec1895c78ee4,beta_A,control,quest,0.15833711924418267,True,2026-09-06T14:21:45Z,https://calmforest.cloud,d7fa8f5f-3fd5-45fb-93c4-16c35e8af6fd,2026-09-10 00:53:51.801000+00:00,2026-09-10 01:38:28.489000+00:00,2677,1979,1,True
2026-09-10 01:05:29.685556+00:00,sess-ddatwn814zgmtutdpo6,c-6c0f3dda-eb43-42ac-8324-ec1895c78ee4,beta_A,control,quest,0.15867836416675746,True,2026-09-06T14:21:45Z,https://calmforest.cloud,d7fa8f5f-3fd5-45fb-93c4-16c35e8af6fd,2026-09-10 00:53:51.801000+00:00,2026-09-10 01:38:28.489000+00:00,2677,1978,1,True
2026-09-10 01:05:30.228195+00:00,sess-ddatwn814zgmtutdpo6,c-6c0f3dda-eb43-42ac-8324-ec1895c78ee4,beta_A,control,quest,0.15867836416675746,True,2026-09-06T14:21:45Z,https://calmforest.cloud,d7fa8f5f-3fd5-45fb-93c4-16c35e8af6fd,2026-09-10 00:53:51.801000+00:00,2026-09-10 01:38:28.489000+00:00,2677,1978,1,True
2026-09-10 01:05:31.138290+00:00,sess-ddatwn814zgmtutdpo6,c-6c0f3dda-eb43-42ac-8324-ec1895c78ee4,beta_A,control,quest,0.16352525314468472,True,2026-09-06T14:21:45Z,https://calmforest.cloud,d7fa8f5f-3fd5-45fb-93c4-16c35e8af6fd,2026-09-10 00:53:51.801000+00:00,2026-09-10 01:38:28.489000+00:00,2677,1977,1,True
2026-09-10 01:05:31.974005+00:00,sess-ddatwn814zgmtutdpo6,c-6c0f3dda-eb43-42ac-8324-ec1895c78ee4,beta_A,control,quest,0.17183435390509688,True,2026-09-06T14:21:45Z,https://calmforest.cloud,d7fa8f5f-3fd5-45fb-93c4-16c35e8af6fd,2026-09-10 00:53:51.801000+00:00,2026-09-10 01:38:28.489000+00:00,2677,1976,1,True
2026-09-10 01:05:32.560095+00:00,sess-ddatwn814zgmtutdpo6,c-6c0f3dda-eb43-42ac-8324-ec1895c78ee4,beta_A,control,quest,0.17210482896027043,True,2026-09-06T14:21:45Z,https://calmforest.cloud,d7fa8f5f-3fd5-45fb-93c4-16c35e8af6fd,2026-09-10 00:53:51.801000+00:00,2026-09-10 01:38:28.489000+00:00,2677,1975,1,True
2026-09-10 01:05:33.016066+00:00,sess-ddatwn814zgmtutdpo6,c-6c0f3dda-eb43-42ac-8324-ec1895c78ee4,beta_A,control,quest,0.17210482896027043,True,2026-09-06T14:21:45Z,https://calmforest.cloud,d7fa8f5f-3fd5-45fb-93c4-16c35e8af6fd,2026-09-10 00:53:51.801000+00:00,2026-09-10 01:38:28.489000+00:00,2677,1975,1,True
2026-09-10 01:05:33.930108+00:00,sess-ddatwn814zgmtutdpo6,c-6c0f3dda-eb43-42ac-8324-ec1895c78ee4,beta_A,control,quest,0.16865831380772198,True,2026-09-06T14:21:45Z,https://calmforest.cloud,d7fa8f5f-3fd5-45fb-93c4-16c35e8af6fd,2026-09-10 00:53:51.801000+00:00,2026-09-10 01:38:28.489000+00:00,2677,1974,1,True
2026-09-10 01:09:19.928737+00:00,sess-ddatwn814zgmtutdpo6,c-6c0f3dda-eb43-42ac-8324-ec1895c78ee4,beta_A,control,quest,0.13930058807652373,True,2026-09-06T14:21:45Z,https://calmforest.cloud,d7fa8f5f-3fd5-45fb-93c4-16c35e8af6fd,2026-09-10 00:53:51.801000+00:00,2026-09-10 01:38:28.489000+00:00,2677,1748,1,True
2026-09-10 01:09:20.854454+00:00,sess-ddatwn814zgmtutdpo6,c-6c0f3dda-eb43-42ac-8324-ec1895c78ee4,beta_A,control,quest,0.137959009014324,False,2026-09-06T14:21:45Z,https://calmforest.cloud,d7fa8f5f-3fd5-45fb-93c4-16c35e8af6fd,2026-09-10 00:53:51.801000+00:00,2026-09-10 01:38:28.489000+00:00,2677,1747,1,False
2026-09-10 01:10:37.405987+00:00,sess-ddatwn814zgmtutdpo6,c-6c0f3dda-eb43-42ac-8324-ec1895c78ee4,beta_A,control,quest,0.24329641248130382,True,2026-09-06T14:21:45Z,https://calmforest.cloud,d7fa8f5f-3fd5-45fb-93c4-16c35e8af6fd,2026-09-10 00:53:51.801000+00:00,2026-09-10 01:38:28.489000+00:00,2677,1671,1,True
2026-09-10 01:10:37.936691+00:00,sess-ddatwn814zgmtutdpo6,c-6c0f3dda-eb43-42ac-8324-ec1895c78ee4,beta_A,control,quest,0.1589034810423644,True,2026-09-06T14:21:45Z,https://calmforest.cloud,d7fa8f5f-3fd5-45fb-93c4-16c35e8af6fd,2026-09-10 00:53:51.801000+00:00,2026-09-10 01:38:28.489000+00:00,2677,1670,1,True
2026-09-10 01:12:35.027013+00:00,sess-ddatwn814zgmtutdpo6,c-6c0f3dda-eb43-42ac-8324-ec1895c78ee4,beta_A,control,quest,0.11597140886847374,False,2026-09-06T14:21:45Z,https://calmforest.cloud,d7fa8f5f-3fd5-45fb-93c4-16c35e8af6fd,2026-09-10 00:53:51.801000+00:00,2026-09-10 01:38:28.489000+00:00,2677,1553,1,False
2026-09-10 01:12:35.479674+00:00,sess-ddatwn814zgmtutdpo6,c-6c0f3dda-eb43-42ac-8324-ec1895c78ee4,beta_A,control,quest,0.11377684750887714,False,2026-09-06T14:21:45Z,https://calmforest.cloud,d7fa8f5f-3fd5-45fb-93c4-16c35e8af6fd,2026-09-10 00:53:51.801000+00:00,2026-09-10 01:38:28.489000+00:00,2677,1553,1,False
2026-09-10 01:12:36.181392+00:00,sess-ddatwn814zgmtutdpo6,c-6c0f3dda-eb43-42ac-8324-ec1895c78ee4,beta_A,control,quest,0.12277961439732235,False,2026-09-06T14:21:45Z,https://calmforest.cloud,d7fa8f5f-3fd5-45fb-93c4-16c35e8af6fd,2026-09-10 00:53:51.801000+00:00,2026-09-10 01:38:28.489000+00:00,2677,1552,1,False
2026-09-10 01:12:37.363538+00:00,sess-ddatwn814zgmtutdpo6,c-6c0f3dda-eb43-42ac-8324-ec1895c78ee4,beta_A,control,quest,0.16752344871512034,True,2026-09-06T14:21:45Z,https://calmforest.cloud,d7fa8f5f-3fd5-45fb-93c4-16c35e8af6fd,2026-09-10 00:53:51.801000+00:00,2026-09-10 01:38:28.489000+00:00,2677,1551,1,True
2026-09-10 01:12:58.259120+00:00,sess-ddatwn814zgmtutdpo6,c-6c0f3dda-eb43-42ac-8324-ec1895c78ee4,beta_A,control,quest,0.12622542174600945,False,2026-09-06T14:21:45Z,https://calmforest.cloud,d7fa8f5f-3fd5-45fb-93c4-16c35e8af6fd,2026-09-10 00:53:51.801000+00:00,2026-09-10 01:38:28.489000+00:00,2677,1530,1,False
2026-09-10 01:12:59.529778+00:00,sess-ddatwn814zgmtutdpo6,c-6c0f3dda-eb43-42ac-8324-ec1895c78ee4,beta_A,control,quest,0.12257148737558171,False,2026-09-06T14:21:45Z,https://calmforest.cloud,d7fa8f5f-3fd5-45fb-93c4-16c35e8af6fd,2026-09-10 00:53:51.801000+00:00,2026-09-10 01:38:28.489000+00:00,2677,1528,1,False
2026-09-10 01:13:00.199174+00:00,sess-ddatwn814zgmtutdpo6,c-6c0f3dda-eb43-42ac-8324-ec1895c78ee4,beta_A,control,quest,0.15264114393063924,True,2026-09-06T14:21:45Z,https://calmforest.cloud,d7fa8f5f-3fd5-45fb-93c4-16c35e8af6fd,2026-09-10 00:53:51.801000+00:00,2026-09-10 01:38:28.489000+00:00,2677,1528,1,True
2026-09-10 01:13:01.245812+00:00,sess-ddatwn814zgmtutdpo6,c-6c0f3dda-eb43-42ac-8324-ec1895c78ee4,beta_A,control,quest,0.15984146676934066,True,2026-09-06T14:21:45Z,https://calmforest.cloud,d7fa8f5f-3fd5-45fb-93c4-16c35e8af6fd,2026-09-10 00:53:51.801000+00:00,2026-09-10 01:38:28.489000+00:00,2677,1527,1,True
2026-09-10 01:13:36.753766+00:00,sess-ddatwn814zgmtutdpo6,c-6c0f3dda-eb43-42ac-8324-ec1895c78ee4,beta_A,control,quest,0.10652089186522098,False,2026-09-06T14:21:45Z,https://calmforest.cloud,d7fa8f5f-3fd5-45fb-93c4-16c35e8af6fd,2026-09-10 00:53:51.801000+00:00,2026-09-10 01:38:28.489000+00:00,2677,1491,1,False
2026-09-10 01:13:37.294761+00:00,sess-ddatwn814zgmtutdpo6,c-6c0f3dda-eb43-42ac-8324-ec1895c78ee4,beta_A,control,quest,0.11728513785557751,False,2026-09-06T14:21:45Z,https://calmforest.cloud,d7fa8f5f-3fd5-45fb-93c4-16c35e8af6fd,2026-09-10 00:53:51.801000+00:00,2026-09-10 01:38:28.489000+00:00,2677,1491,1,False
2026-09-10 01:13:37.929910+00:00,sess-ddatwn814zgmtutdpo6,c-6c0f3dda-eb43-42ac-8324-ec1895c78ee4,beta_A,control,quest,0.14222765003659607,True,2026-09-06T14:21:45Z,https://calmforest.cloud,d7fa8f5f-3fd5-45fb-93c4-16c35e8af6fd,2026-09-10 00:53:51.801000+00:00,2026-09-10 01:38:28.489000+00:00,2677,1490,1,True
2026-09-10 01:13:38.893239+00:00,sess-ddatwn814zgmtutdpo6,c-6c0f3dda-eb43-42ac-8324-ec1895c78ee4,beta_A,control,quest,0.14222765003659607,True,2026-09-06T14:21:45Z,https://calmforest.cloud,d7fa8f5f-3fd5-45fb-93c4-16c35e8af6fd,2026-09-10 00:53:51.801000+00:00,2026-09-10 01:38:28.489000+00:00,2677,1489,1,True
2026-09-10 01:14:09.764228+00:00,sess-ddatwn814zgmtutdpo6,c-6c0f3dda-eb43-42ac-8324-ec1895c78ee4,beta_A,control,quest,0.09628827169647722,False,2026-09-06T14:21:45Z,https://calmforest.cloud,d7fa8f5f-3fd5-45fb-93c4-16c35e8af6fd,2026-09-10 00:53:51.801000+00:00,2026-09-10 01:38:28.489000+00:00,2677,1458,1,False
2026-09-10 01:14:10.147499+00:00,sess-ddatwn814zgmtutdpo6,c-6c0f3dda-eb43-42ac-8324-ec1895c78ee4,beta_A,control,quest,0.12891020718990542,False,2026-09-06T14:21:45Z,https://calmforest.cloud,d7fa8f5f-3fd5-45fb-93c4-16c35e8af6fd,2026-09-10 00:53:51.801000+00:00,2026-09-10 01:38:28.489000+00:00,2677,1458,1,False
2026-09-10 01:14:10.504082+00:00,sess-ddatwn814zgmtutdpo6,c-6c0f3dda-eb43-42ac-8324-ec1895c78ee4,beta_A,control,quest,0.1315813928061186,False,2026-09-06T14:21:45Z,https://calmforest.cloud,d7fa8f5f-3fd5-45fb-93c4-16c35e8af6fd,2026-09-10 00:53:51.801000+00:00,2026-09-10 01:38:28.489000+00:00,2677,1457,1,False
2026-09-10 01:14:10.628868+00:00,sess-ddatwn814zgmtutdpo6,c-6c0f3dda-eb43-42ac-8324-ec1895c78ee4,beta_A,control,quest,0.1315813928061186,False,2026-09-06T14:21:45Z,https://calmforest.cloud,d7fa8f5f-3fd5-45fb-93c4-16c35e8af6fd,2026-09-10 00:53:51.801000+00:00,2026-09-10 01:38:28.489000+00:00,2677,1457,1,False
2026-09-10 01:14:12.887506+00:00,sess-ddatwn814zgmtutdpo6,c-6c0f3dda-eb43-42ac-8324-ec1895c78ee4,beta_A,control,quest,0.16438739831454827,True,2026-09-06T14:21:45Z,https://calmforest.cloud,d7fa8f5f-3fd5-45fb-93c4-16c35e8af6fd,2026-09-10 00:53:51.801000+00:00,2026-09-10 01:38:28.489000+00:00,2677,1455,1,True
2026-09-10 01:14:17.490959+00:00,sess-ddatwn814zgmtutdpo6,c-6c0f3dda-eb43-42ac-8324-ec1895c78ee4,beta_A,control,quest,0.1583137642950953,True,2026-09-06T14:21:45Z,https://calmforest.cloud,d7fa8f5f-3fd5-45fb-93c4-16c35e8af6fd,2026-09-10 00:53:51.801000+00:00,2026-09-10 01:38:28.489000+00:00,2677,1450,1,True
2026-09-10 01:14:18.018801+00:00,sess-ddatwn814zgmtutdpo6,c-6c0f3dda-eb43-42ac-8324-ec1895c78ee4,beta_A,control,quest,0.15656030605228285,True,2026-09-06T14:21:45Z,https://calmforest.cloud,d7fa8f5f-3fd5-45fb-93c4-16c35e8af6fd,2026-09-10 00:53:51.801000+00:00,2026-09-10 01:38:28.489000+00:00,2677,1450,1,True
2026-09-10 01:14:18.942915+00:00,sess-ddatwn814zgmtutdpo6,c-6c0f3dda-eb43-42ac-8324-ec1895c78ee4,beta_A,control,quest,0.16951391073739064,True,2026-09-06T14:21:45Z,https://calmforest.cloud,d7fa8f5f-3fd5-45fb-93c4-16c35e8af6fd,2026-09-10 00:53:51.801000+00:00,2026-09-10 01:38:28.489000+00:00,2677,1449,1,True
2026-09-10 01:14:21.377465+00:00,sess-ddatwn814zgmtutdpo6,c-6c0f3dda-eb43-42ac-8324-ec1895c78ee4,beta_A,control,quest,0.17527553243733338,True,2026-09-06T14:21:45Z,https://calmforest.cloud,d7fa8f5f-3fd5-45fb-93c4-16c35e8af6fd,2026-09-10 00:53:51.801000+00:00,2026-09-10 01:38:28.489000+00:00,2677,1447,1,True
2026-09-10 01:14:51.260374+00:00,sess-ddatwn814zgmtutdpo6,c-6c0f3dda-eb43-42ac-8324-ec1895c78ee4,beta_A,control,quest,0.1538404769770322,True,2026-09-06T14:21:45Z,https://calmforest.cloud,d7fa8f5f-3fd5-45fb-93c4-16c35e8af6fd,2026-09-10 00:53:51.801000+00:00,2026-09-10 01:38:28.489000+00:00,2677,1417,1,True
2026-09-10 01:14:51.845332+00:00,sess-ddatwn814zgmtutdpo6,c-6c0f3dda-eb43-42ac-8324-ec1895c78ee4,beta_A,control,quest,0.14937672413766956,True,2026-09-06T14:21:45Z,https://calmforest.cloud,d7fa8f5f-3fd5-45fb-93c4-16c35e8af6fd,2026-09-10 00:53:51.801000+00:00,2026-09-10 01:38:28.489000+00:00,2677,1416,1,True
2026-09-10 01:14:53.605814+00:00,sess-ddatwn814zgmtutdpo6,c-6c0f3dda-eb43-42ac-8324-ec1895c78ee4,beta_A,control,quest,0.16559097440490375,True,2026-09-06T14:21:45Z,https://calmforest.cloud,d7fa8f5f-3fd5-45fb-93c4-16c35e8af6fd,2026-09-10 00:53:51.801000+00:00,2026-09-10 01:38:28.489000+00:00,2677,1414,1,True
2026-09-10 01:15:48.576488+00:00,sess-ddatwn814zgmtutdpo6,c-6c0f3dda-eb43-42ac-8324-ec1895c78ee4,beta_A,control,quest,0.0780424086063742,False,2026-09-06T14:21:45Z,https://calmforest.cloud,d7fa8f5f-3fd5-45fb-93c4-16c35e8af6fd,2026-09-10 00:53:51.801000+00:00,2026-09-10 01:38:28.489000+00:00,2677,1359,1,False
2026-09-10 01:15:49.073192+00:00,sess-ddatwn814zgmtutdpo6,c-6c0f3dda-eb43-42ac-8324-ec1895c78ee4,beta_A,control,quest,0.11243313510775009,False,2026-09-06T14:21:45Z,https://calmforest.cloud,d7fa8f5f-3fd5-45fb-93c4-16c35e8af6fd,2026-09-10 00:53:51.801000+00:00,2026-09-10 01:38:28.489000+00:00,2677,1359,1,False
2026-09-10 01:15:49.900166+00:00,sess-ddatwn814zgmtutdpo6,c-6c0f3dda-eb43-42ac-8324-ec1895c78ee4,beta_A,control,quest,0.15064187066201945,True,2026-09-06T14:21:45Z,https://calmforest.cloud,d7fa8f5f-3fd5-45fb-93c4-16c35e8af6fd,2026-09-10 00:53:51.801000+00:00,2026-09-10 01:38:28.489000+00:00,2677,1358,1,True
2026-09-10 01:15:52.570627+00:00,sess-ddatwn814zgmtutdpo6,c-6c0f3dda-eb43-42ac-8324-ec1895c78ee4,beta_A,control,quest,0.15066658733857494,True,2026-09-06T14:21:45Z,https://calmforest.cloud,d7fa8f5f-3fd5-45fb-93c4-16c35e8af6fd,2026-09-10 00:53:51.801000+00:00,2026-09-10 01:38:28.489000+00:00,2677,1355,1,True
2026-09-10 01:16:04.892909+00:00,sess-ddatwn814zgmtutdpo6,c-6c0f3dda-eb43-42ac-8324-ec1895c78ee4,beta_A,control,quest,0.14315074943457362,True,2026-09-06T14:21:45Z,https://calmforest.cloud,d7fa8f5f-3fd5-45fb-93c4-16c35e8af6fd,2026-09-10 00:53:51.801000+00:00,2026-09-10 01:38:28.489000+00:00,2677,1343,1,True
2026-09-10 01:18:07.719759+00:00,sess-ddatwn814zgmtutdpo6,c-6c0f3dda-eb43-42ac-8324-ec1895c78ee4,beta_A,control,quest,0.1628564043434117,True,2026-09-06T14:21:45Z,https://calmforest.cloud,d7fa8f5f-3fd5-45fb-93c4-16c35e8af6fd,2026-09-10 00:53:51.801000+00:00,2026-09-10 01:38:28.489000+00:00,2677,1220,1,True
2026-09-10 01:21:01.551961+00:00,sess-ddatwn814zgmtutdpo6,c-6c0f3dda-eb43-42ac-8324-ec1895c78ee4,beta_A,control,quest,0.12883773285966624,False,2026-09-06T14:21:45Z,https://calmforest.cloud,d7fa8f5f-3fd5-45fb-93c4-16c35e8af6fd,2026-09-10 00:53:51.801000+00:00,2026-09-10 01:38:28.489000+00:00,2677,1046,1,False
2026-09-10 01:21:01.932708+00:00,sess-ddatwn814zgmtutdpo6,c-6c0f3dda-eb43-42ac-8324-ec1895c78ee4,beta_A,control,quest,0.12580838681865927,False,2026-09-06T14:21:45Z,https://calmforest.cloud,d7fa8f5f-3fd5-45fb-93c4-16c35e8af6fd,2026-09-10 00:53:51.801000+00:00,2026-09-10 01:38:28.489000+00:00,2677,1046,1,False
2026-09-10 01:21:06.468465+00:00,sess-ddatwn814zgmtutdpo6,c-6c0f3dda-eb43-42ac-8324-ec1895c78ee4,beta_A,control,quest,0.16236768922381464,True,2026-09-06T14:21:45Z,https://calmforest.cloud,d7fa8f5f-3fd5-45fb-93c4-16c35e8af6fd,2026-09-10 00:53:51.801000+00:00,2026-09-10 01:38:28.489000+00:00,2677,1042,1,True
2026-09-10 04:24:13.885733+00:00,sess-uw3v4ocyojcmtv0w03r,c-0bc35e21-5386-4b56-9b01-55824c1fcc5c,beta_B,control,quest,0.12257249518544254,False,2026-09-06T14:21:45Z,https://calmforest.cloud,867ef5fa-448b-44e3-9b48-a2738234b6f7,2026-09-10 04:24:02.449000+00:00,2026-09-10 04:38:03.945000+00:00,841,830,1,False
2026-09-10 04:24:19.232444+00:00,sess-uw3v4ocyojcmtv0w03r,c-0bc35e21-5386-4b56-9b01-55824c1fcc5c,beta_B,control,time15,0.4055620630294846,False,2026-09-06T14:21:45Z,https://calmforest.cloud,867ef5fa-448b-44e3-9b48-a2738234b6f7,2026-09-10 04:24:02.449000+00:00,2026-09-10 04:38:03.945000+00:00,841,824,1,False
2026-09-10 04:26:28.096610+00:00,sess-uw3v4ocyojcmtv0w03r,c-0bc35e21-5386-4b56-9b01-55824c1fcc5c,beta_B,control,quest,0.09890398489383614,False,2026-09-06T14:21:45Z,https://calmforest.cloud,867ef5fa-448b-44e3-9b48-a2738234b6f7,2026-09-10 04:24:02.449000+00:00,2026-09-10 04:38:03.945000+00:00,841,695,1,False
2026-09-10 04:26:29.602014+00:00,sess-uw3v4ocyojcmtv0w03r,c-0bc35e21-5386-4b56-9b01-55824c1fcc5c,beta_B,control,quest,0.10324442569286875,False,2026-09-06T14:21:45Z,https://calmforest.cloud,867ef5fa-448b-44e3-9b48-a2738234b6f7,2026-09-10 04:24:02.449000+00:00,2026-09-10 04:38:03.945000+00:00,841,694,1,False
2026-09-10 04:27:05.941471+00:00,sess-uw3v4ocyojcmtv0w03r,c-0bc35e21-5386-4b56-9b01-55824c1fcc5c,beta_B,control,quest,0.1228093722186829,False,2026-09-06T14:21:45Z,https://calmforest.cloud,867ef5fa-448b-44e3-9b48-a2738234b6f7,2026-09-10 04:24:02.449000+00:00,2026-09-10 04:38:03.945000+00:00,841,658,1,False
2026-09-10 04:27:06.301765+00:00,sess-uw3v4ocyojcmtv0w03r,c-0bc35e21-5386-4b56-9b01-55824c1fcc5c,beta_B,control,quest,0.12445430778415432,False,2026-09-06T14:21:45Z,https://calmforest.cloud,867ef5fa-448b-44e3-9b48-a2738234b6f7,2026-09-10 04:24:02.449000+00:00,2026-09-10 04:38:03.945000+00:00,841,657,1,False
2026-09-10 04:27:07.822770+00:00,sess-uw3v4ocyojcmtv0w03r,c-0bc35e21-5386-4b56-9b01-55824c1fcc5c,beta_B,control,quest,0.1285210075724902,False,2026-09-06T14:21:45Z,https://calmforest.cloud,867ef5fa-448b-44e3-9b48-a2738234b6f7,2026-09-10 04:24:02.449000+00:00,2026-09-10 04:38:03.945000+00:00,841,656,1,False
2026-09-10 04:27:09.165864+00:00,sess-uw3v4ocyojcmtv0w03r,c-0bc35e21-5386-4b56-9b01-55824c1fcc5c,beta_B,control,quest,0.1285210075724902,False,2026-09-06T14:21:45Z,https://calmforest.cloud,867ef5fa-448b-44e3-9b48-a2738234b6f7,2026-09-10 04:24:02.449000+00:00,2026-09-10 04:38:03.945000+00:00,841,654,1,False
2026-09-10 04:27:42.746864+00:00,sess-uw3v4ocyojcmtv0w03r,c-0bc35e21-5386-4b56-9b01-55824c1fcc5c,beta_B,control,quest,0.07235682184127581,False,2026-09-06T14:21:45Z,https://calmforest.cloud,867ef5fa-448b-44e3-9b48-a2738234b6f7,2026-09-10 04:24:02.449000+00:00,2026-09-10 04:38:03.945000+00:00,841,621,1,False
2026-09-10 04:27:43.594607+00:00,sess-uw3v4ocyojcmtv0w03r,c-0bc35e21-5386-4b56-9b01-55824c1fcc5c,beta_B,control,quest,0.06274368722289803,False,2026-09-06T14:21:45Z,https://calmforest.cloud,867ef5fa-448b-44e3-9b48-a2738234b6f7,2026-09-10 04:24:02.449000+00:00,2026-09-10 04:38:03.945000+00:00,841,620,1,False
2026-09-10 04:27:51.257010+00:00,sess-uw3v4ocyojcmtv0w03r,c-0bc35e21-5386-4b56-9b01-55824c1fcc5c,beta_B,control,quest,0.04094996033263184,False,2026-09-06T14:21:45Z,https://calmforest.cloud,867ef5fa-448b-44e3-9b48-a2738234b6f7,2026-09-10 04:24:02.449000+00:00,2026-09-10 04:38:03.945000+00:00,841,612,1,False
2026-09-10 04:27:53.270719+00:00,sess-uw3v4ocyojcmtv0w03r,c-0bc35e21-5386-4b56-9b01-55824c1fcc5c,beta_B,control,quest,0.04094996033263184,False,2026-09-06T14:21:45Z,https://calmforest.cloud,867ef5fa-448b-44e3-9b48-a2738234b6f7,2026-09-10 04:24:02.449000+00:00,2026-09-10 04:38:03.945000+00:00,841,610,1,False
2026-09-10 04:29:14.589204+00:00,sess-uw3v4ocyojcmtv0w03r,c-0bc35e21-5386-4b56-9b01-55824c1fcc5c,beta_B,control,quest,0.12449676278656786,False,2026-09-06T14:21:45Z,https://calmforest.cloud,867ef5fa-448b-44e3-9b48-a2738234b6f7,2026-09-10 04:24:02.449000+00:00,2026-09-10 04:38:03.945000+00:00,841,529,1,False
2026-09-10 04:29:15.248362+00:00,sess-uw3v4ocyojcmtv0w03r,c-0bc35e21-5386-4b56-9b01-55824c1fcc5c,beta_B,control,quest,0.1077725096196297,False,2026-09-06T14:21:45Z,https://calmforest.cloud,867ef5fa-448b-44e3-9b48-a2738234b6f7,2026-09-10 04:24:02.449000+00:00,2026-09-10 04:38:03.945000+00:00,841,528,1,False
2026-09-10 04:30:26.151161+00:00,sess-uw3v4ocyojcmtv0w03r,c-0bc35e21-5386-4b56-9b01-55824c1fcc5c,beta_B,control,quest,0.09489077783256197,False,2026-09-06T14:21:45Z,https://calmforest.cloud,867ef5fa-448b-44e3-9b48-a2738234b6f7,2026-09-10 04:24:02.449000+00:00,2026-09-10 04:38:03.945000+00:00,841,457,1,False
2026-09-10 04:30:27.827002+00:00,sess-uw3v4ocyojcmtv0w03r,c-0bc35e21-5386-4b56-9b01-55824c1fcc5c,beta_B,control,quest,0.09806463950639162,False,2026-09-06T14:21:45Z,https://calmforest.cloud,867ef5fa-448b-44e3-9b48-a2738234b6f7,2026-09-10 04:24:02.449000+00:00,2026-09-10 04:38:03.945000+00:00,841,456,1,False
2026-09-10 04:31:44.710942+00:00,sess-uw3v4ocyojcmtv0w03r,c-0bc35e21-5386-4b56-9b01-55824c1fcc5c,beta_B,control,quest,0.13854775007452821,False,2026-09-06T14:21:45Z,https://calmforest.cloud,867ef5fa-448b-44e3-9b48-a2738234b6f7,2026-09-10 04:24:02.449000+00:00,2026-09-10 04:38:03.945000+00:00,841,379,1,False
2026-09-10 04:31:45.464867+00:00,sess-uw3v4ocyojcmtv0w03r,c-0bc35e21-5386-4b56-9b01-55824c1fcc5c,beta_B,control,quest,0.1178210726659801,False,2026-09-06T14:21:45Z,https://calmforest.cloud,867ef5fa-448b-44e3-9b48-a2738234b6f7,2026-09-10 04:24:02.449000+00:00,2026-09-10 04:38:03.945000+00:00,841,378,1,False
2026-09-10 04:31:47.759404+00:00,sess-uw3v4ocyojcmtv0w03r,c-0bc35e21-5386-4b56-9b01-55824c1fcc5c,beta_B,control,quest,0.1152556842113111,False,2026-09-06T14:21:45Z,https://calmforest.cloud,867ef5fa-448b-44e3-9b48-a2738234b6f7,2026-09-10 04:24:02.449000+00:00,2026-09-10 04:38:03.945000+00:00,841,376,1,False
2026-09-10 04:31:50.124691+00:00,sess-uw3v4ocyojcmtv0w03r,c-0bc35e21-5386-4b56-9b01-55824c1fcc5c,beta_B,control,quest,0.09876049996185297,False,2026-09-06T14:21:45Z,https://calmforest.cloud,867ef5fa-448b-44e3-9b48-a2738234b6f7,2026-09-10 04:24:02.449000+00:00,2026-09-10 04:38:03.945000+00:00,841,373,1,False
2026-09-10 04:32:58.718314+00:00,sess-uw3v4ocyojcmtv0w03r,c-0bc35e21-5386-4b56-9b01-55824c1fcc5c,beta_B,control,quest,0.1529841322620603,True,2026-09-06T14:21:45Z,https://calmforest.cloud,867ef5fa-448b-44e3-9b48-a2738234b6f7,2026-09-10 04:24:02.449000+00:00,2026-09-10 04:38:03.945000+00:00,841,305,1,True
2026-09-10 04:32:59.442679+00:00,sess-uw3v4ocyojcmtv0w03r,c-0bc35e21-5386-4b56-9b01-55824c1fcc5c,beta_B,control,quest,0.133307496396513,False,2026-09-06T14:21:45Z,https://calmforest.cloud,867ef5fa-448b-44e3-9b48-a2738234b6f7,2026-09-10 04:24:02.449000+00:00,2026-09-10 04:38:03.945000+00:00,841,304,1,False
2026-09-10 04:33:25.048639+00:00,sess-uw3v4ocyojcmtv0w03r,c-0bc35e21-5386-4b56-9b01-55824c1fcc5c,beta_B,control,quest,0.1450697492542201,True,2026-09-06T14:21:45Z,https://calmforest.cloud,867ef5fa-448b-44e3-9b48-a2738234b6f7,2026-09-10 04:24:02.449000+00:00,2026-09-10 04:38:03.945000+00:00,841,278,1,True
2026-09-10 04:33:26.114057+00:00,sess-uw3v4ocyojcmtv0w03r,c-0bc35e21-5386-4b56-9b01-55824c1fcc5c,beta_B,control,quest,0.12428735916882469,False,2026-09-06T14:21:45Z,https://calmforest.cloud,867ef5fa-448b-44e3-9b48-a2738234b6f7,2026-09-10 04:24:02.449000+00:00,2026-09-10 04:38:03.945000+00:00,841,277,1,False
2026-09-10 04:33:30.666800+00:00,sess-uw3v4ocyojcmtv0w03r,c-0bc35e21-5386-4b56-9b01-55824c1fcc5c,beta_B,control,quest,0.12489729799662652,False,2026-09-06T14:21:45Z,https://calmforest.cloud,867ef5fa-448b-44e3-9b48-a2738234b6f7,2026-09-10 04:24:02.449000+00:00,2026-09-10 04:38:03.945000+00:00,841,273,1,False
2026-09-10 04:33:32.996808+00:00,sess-uw3v4ocyojcmtv0w03r,c-0bc35e21-5386-4b56-9b01-55824c1fcc5c,beta_B,control,quest,0.13437905584800622,False,2026-09-06T14:21:45Z,https://calmforest.cloud,867ef5fa-448b-44e3-9b48-a2738234b6f7,2026-09-10 04:24:02.449000+00:00,2026-09-10 04:38:03.945000+00:00,841,270,1,False
2026-09-10 04:34:56.017559+00:00,sess-uw3v4ocyojcmtv0w03r,c-0bc35e21-5386-4b56-9b01-55824c1fcc5c,beta_B,control,quest,0.09697486817814471,False,2026-09-06T14:21:45Z,https://calmforest.cloud,867ef5fa-448b-44e3-9b48-a2738234b6f7,2026-09-10 04:24:02.449000+00:00,2026-09-10 04:38:03.945000+00:00,841,187,1,False
2026-09-10 04:34:56.045873+00:00,sess-uw3v4ocyojcmtv0w03r,c-0bc35e21-5386-4b56-9b01-55824c1fcc5c,beta_B,control,quest,0.11649720691333296,False,2026-09-06T14:21:45Z,https://calmforest.cloud,867ef5fa-448b-44e3-9b48-a2738234b6f7,2026-09-10 04:24:02.449000+00:00,2026-09-10 04:38:03.945000+00:00,841,187,1,False
2026-09-10 05:35:04.813139+00:00,sess-5r1a873ocdsmtv3ezlz,c-cae243d9-612c-4064-8ff3-182417acfd49,beta_B,treat,time15,0.29162472660571287,False,2026-09-06T14:21:45Z,https://calmforest.cloud,96ce06d2-f9f0-4eaa-ae7e-f85a84b100b5,2026-09-10 05:34:47.499000+00:00,2026-09-10 05:43:07.339000+00:00,500,482,1,False
2026-09-10 05:35:57.690796+00:00,sess-5r1a873ocdsmtv3ezlz,c-cae243d9-612c-4064-8ff3-182417acfd49,beta_B,treat,quest,0.13620369308161198,False,2026-09-06T14:21:45Z,https://calmforest.cloud,96ce06d2-f9f0-4eaa-ae7e-f85a84b100b5,2026-09-10 05:34:47.499000+00:00,2026-09-10 05:43:07.339000+00:00,500,429,1,False
2026-09-10 05:36:06.397715+00:00,sess-5r1a873ocdsmtv3ezlz,c-cae243d9-612c-4064-8ff3-182417acfd49,beta_B,treat,quest,0.14633800790612012,True,2026-09-06T14:21:45Z,https://calmforest.cloud,96ce06d2-f9f0-4eaa-ae7e-f85a84b100b5,2026-09-10 05:34:47.499000+00:00,2026-09-10 05:43:07.339000+00:00,500,420,1,True
2026-09-10 05:36:51.324949+00:00,sess-5r1a873ocdsmtv3ezlz,c-cae243d9-612c-4064-8ff3-182417acfd49,beta_B,treat,quest,0.13999406235117065,True,2026-09-06T14:21:45Z,https://calmforest.cloud,96ce06d2-f9f0-4eaa-ae7e-f85a84b100b5,2026-09-10 05:34:47.499000+00:00,2026-09-10 05:43:07.339000+00:00,500,376,1,True
2026-09-10 05:36:52.005255+00:00,sess-5r1a873ocdsmtv3ezlz,c-cae243d9-612c-4064-8ff3-182417acfd49,beta_B,treat,quest,0.13999406235117065,True,2026-09-06T14:21:45Z,https://calmforest.cloud,96ce06d2-f9f0-4eaa-ae7e-f85a84b100b5,2026-09-10 05:34:47.499000+00:00,2026-09-10 05:43:07.339000+00:00,500,375,1,True
2026-09-10 05:36:54.336888+00:00,sess-5r1a873ocdsmtv3ezlz,c-cae243d9-612c-4064-8ff3-182417acfd49,beta_B,treat,quest,0.13486742107619976,False,2026-09-06T14:21:45Z,https://calmforest.cloud,96ce06d2-f9f0-4eaa-ae7e-f85a84b100b5,2026-09-10 05:34:47.499000+00:00,2026-09-10 05:43:07.339000+00:00,500,373,1,False
2026-09-10 05:37:31.717819+00:00,sess-5r1a873ocdsmtv3ezlz,c-cae243d9-612c-4064-8ff3-182417acfd49,beta_B,treat,quest,0.11200364763106388,False,2026-09-06T14:21:45Z,https://calmforest.cloud,96ce06d2-f9f0-4eaa-ae7e-f85a84b100b5,2026-09-10 05:34:47.499000+00:00,2026-09-10 05:43:07.339000+00:00,500,335,1,False
2026-09-10 05:37:33.763383+00:00,sess-5r1a873ocdsmtv3ezlz,c-cae243d9-612c-4064-8ff3-182417acfd49,beta_B,treat,quest,0.11200364763106388,False,2026-09-06T14:21:45Z,https://calmforest.cloud,96ce06d2-f9f0-4eaa-ae7e-f85a84b100b5,2026-09-10 05:34:47.499000+00:00,2026-09-10 05:43:07.339000+00:00,500,333,1,False
2026-09-10 05:37:39.984194+00:00,sess-5r1a873ocdsmtv3ezlz,c-cae243d9-612c-4064-8ff3-182417acfd49,beta_B,treat,quest,0.1339124417560329,False,2026-09-06T14:21:45Z,https://calmforest.cloud,96ce06d2-f9f0-4eaa-ae7e-f85a84b100b5,2026-09-10 05:34:47.499000+00:00,2026-09-10 05:43:07.339000+00:00,500,327,1,False
2026-09-10 05:37:43.021627+00:00,sess-5r1a873ocdsmtv3ezlz,c-cae243d9-612c-4064-8ff3-182417acfd49,beta_B,treat,quest,0.13440464680310865,False,2026-09-06T14:21:45Z,https://calmforest.cloud,96ce06d2-f9f0-4eaa-ae7e-f85a84b100b5,2026-09-10 05:34:47.499000+00:00,2026-09-10 05:43:07.339000+00:00,500,324,1,False
2026-09-10 05:38:49.233085+00:00,sess-5r1a873ocdsmtv3ezlz,c-cae243d9-612c-4064-8ff3-182417acfd49,beta_B,treat,quest,0.109060004694584,False,2026-09-06T14:21:45Z,https://calmforest.cloud,96ce06d2-f9f0-4eaa-ae7e-f85a84b100b5,2026-09-10 05:34:47.499000+00:00,2026-09-10 05:43:07.339000+00:00,500,258,1,False
2026-09-10 05:39:27.970871+00:00,sess-5r1a873ocdsmtv3ezlz,c-cae243d9-612c-4064-8ff3-182417acfd49,beta_B,treat,quest,0.13314066383422274,False,2026-09-06T14:21:45Z,https://calmforest.cloud,96ce06d2-f9f0-4eaa-ae7e-f85a84b100b5,2026-09-10 05:34:47.499000+00:00,2026-09-10 05:43:07.339000+00:00,500,219,1,False
2026-09-10 05:40:25.226823+00:00,sess-5r1a873ocdsmtv3ezlz,c-cae243d9-612c-4064-8ff3-182417acfd49,beta_B,treat,quest,0.14117527461380625,True,2026-09-06T14:21:45Z,https://calmforest.cloud,96ce06d2-f9f0-4eaa-ae7e-f85a84b100b5,2026-09-10 05:34:47.499000+00:00,2026-09-10 05:43:07.339000+00:00,500,162,1,True
2026-09-10 05:40:30.794022+00:00,sess-5r1a873ocdsmtv3ezlz,c-cae243d9-612c-4064-8ff3-182417acfd49,beta_B,treat,quest,0.11971236506443574,False,2026-09-06T14:21:45Z,https://calmforest.cloud,96ce06d2-f9f0-4eaa-ae7e-f85a84b100b5,2026-09-10 05:34:47.499000+00:00,2026-09-10 05:43:07.339000+00:00,500,156,1,False
2026-09-10 05:40:31.498931+00:00,sess-5r1a873ocdsmtv3ezlz,c-cae243d9-612c-4064-8ff3-182417acfd49,beta_B,treat,quest,0.11971236506443574,False,2026-09-06T14:21:45Z,https://calmforest.cloud,96ce06d2-f9f0-4eaa-ae7e-f85a84b100b5,2026-09-10 05:34:47.499000+00:00,2026-09-10 05:43:07.339000+00:00,500,155,1,False
2026-09-10 05:40:34.299895+00:00,sess-5r1a873ocdsmtv3ezlz,c-cae243d9-612c-4064-8ff3-182417acfd49,beta_B,treat,quest,0.12531380684460866,False,2026-09-06T14:21:45Z,https://calmforest.cloud,96ce06d2-f9f0-4eaa-ae7e-f85a84b100b5,2026-09-10 05:34:47.499000+00:00,2026-09-10 05:43:07.339000+00:00,500,153,1,False
2026-09-10 05:40:36.765886+00:00,sess-5r1a873ocdsmtv3ezlz,c-cae243d9-612c-4064-8ff3-182417acfd49,beta_B,treat,quest,0.12531380684460866,False,2026-09-06T14:21:45Z,https://calmforest.cloud,96ce06d2-f9f0-4eaa-ae7e-f85a84b100b5,2026-09-10 05:34:47.499000+00:00,2026-09-10 05:43:07.339000+00:00,500,150,1,False
2026-09-10 05:41:05.231756+00:00,sess-5r1a873ocdsmtv3ezlz,c-cae243d9-612c-4064-8ff3-182417acfd49,beta_B,treat,quest,0.13934899158871725,True,2026-09-06T14:21:45Z,https://calmforest.cloud,96ce06d2-f9f0-4eaa-ae7e-f85a84b100b5,2026-09-10 05:34:47.499000+00:00,2026-09-10 05:43:07.339000+00:00,500,122,1,True
2026-09-10 05:41:05.842779+00:00,sess-5r1a873ocdsmtv3ezlz,c-cae243d9-612c-4064-8ff3-182417acfd49,beta_B,treat,quest,0.14250827359824927,True,2026-09-06T14:21:45Z,https://calmforest.cloud,96ce06d2-f9f0-4eaa-ae7e-f85a84b100b5,2026-09-10 05:34:47.499000+00:00,2026-09-10 05:43:07.339000+00:00,500,121,1,True
2026-09-10 05:41:07.807165+00:00,sess-5r1a873ocdsmtv3ezlz,c-cae243d9-612c-4064-8ff3-182417acfd49,beta_B,treat,quest,0.13486478226682339,False,2026-09-06T14:21:45Z,https://calmforest.cloud,96ce06d2-f9f0-4eaa-ae7e-f85a84b100b5,2026-09-10 05:34:47.499000+00:00,2026-09-10 05:43:07.339000+00:00,500,119,1,False
2026-09-10 05:41:09.894290+00:00,sess-5r1a873ocdsmtv3ezlz,c-cae243d9-612c-4064-8ff3-182417acfd49,beta_B,treat,quest,0.13486478226682339,False,2026-09-06T14:21:45Z,https://calmforest.cloud,96ce06d2-f9f0-4eaa-ae7e-f85a84b100b5,2026-09-10 05:34:47.499000+00:00,2026-09-10 05:43:07.339000+00:00,500,117,1,False
2026-09-10 05:41:31.619319+00:00,sess-5r1a873ocdsmtv3ezlz,c-cae243d9-612c-4064-8ff3-182417acfd49,beta_B,treat,quest,0.1384301944915924,False,2026-09-06T14:21:45Z,https://calmforest.cloud,96ce06d2-f9f0-4eaa-ae7e-f85a84b100b5,2026-09-10 05:34:47.499000+00:00,2026-09-10 05:43:07.339000+00:00,500,95,1,False
2026-09-10 05:41:33.041057+00:00,sess-5r1a873ocdsmtv3ezlz,c-cae243d9-612c-4064-8ff3-182417acfd49,beta_B,treat,quest,0.1384301944915924,False,2026-09-06T14:21:45Z,https://calmforest.cloud,96ce06d2-f9f0-4eaa-ae7e-f85a84b100b5,2026-09-10 05:34:47.499000+00:00,2026-09-10 05:43:07.339000+00:00,500,94,1,False
2026-09-10 05:41:34.718693+00:00,sess-5r1a873ocdsmtv3ezlz,c-cae243d9-612c-4064-8ff3-182417acfd49,beta_B,treat,quest,0.13260893709964452,False,2026-09-06T14:21:45Z,https://calmforest.cloud,96ce06d2-f9f0-4eaa-ae7e-f85a84b100b5,2026-09-10 05:34:47.499000+00:00,2026-09-10 05:43:07.339000+00:00,500,92,1,False
2026-09-10 05:41:39.412070+00:00,sess-5r1a873ocdsmtv3ezlz,c-cae243d9-612c-4064-8ff3-182417acfd49,beta_B,treat,quest,0.15067005922419213,True,2026-09-06T14:21:45Z,https://calmforest.cloud,96ce06d2-f9f0-4eaa-ae7e-f85a84b100b5,2026-09-10 05:34:47.499000+00:00,2026-09-10 05:43:07.339000+00:00,500,87,1,True
2026-09-10 05:41:41.825325+00:00,sess-5r1a873ocdsmtv3ezlz,c-cae243d9-612c-4064-8ff3-182417acfd49,beta_B,treat,quest,0.15067005922419213,True,2026-09-06T14:21:45Z,https://calmforest.cloud,96ce06d2-f9f0-4eaa-ae7e-f85a84b100b5,2026-09-10 05:34:47.499000+00:00,2026-09-10 05:43:07.339000+00:00,500,85,1,True
2026-09-10 05:42:32.451014+00:00,sess-5r1a873ocdsmtv3ezlz,c-cae243d9-612c-4064-8ff3-182417acfd49,beta_B,treat,quest,0.1546001094814831,True,2026-09-06T14:21:45Z,https://calmforest.cloud,96ce06d2-f9f0-4eaa-ae7e-f85a84b100b5,2026-09-10 05:34:47.499000+00:00,2026-09-10 05:43:07.339000+00:00,500,34,0,True
2026-09-10 05:42:33.039077+00:00,sess-5r1a873ocdsmtv3ezlz,c-cae243d9-612c-4064-8ff3-182417acfd49,beta_B,treat,quest,0.1546001094814831,True,2026-09-06T14:21:45Z,https://calmforest.cloud,96ce06d2-f9f0-4eaa-ae7e-f85a84b100b5,2026-09-10 05:34:47.499000+00:00,2026-09-10 05:43:07.339000+00:00,500,34,0,True
2026-09-10 05:42:52.031118+00:00,sess-5r1a873ocdsmtv3ezlz,c-cae243d9-612c-4064-8ff3-182417acfd49,beta_B,treat,quest,0.10573883042118941,False,2026-09-06T14:21:45Z,https://calmforest.cloud,96ce06d2-f9f0-4eaa-ae7e-f85a84b100b5,2026-09-10 05:34:47.499000+00:00,2026-09-10 05:43:07.339000+00:00,500,15,0,False
2026-09-10 05:42:59.419825+00:00,sess-5r1a873ocdsmtv3ezlz,c-cae243d9-612c-4064-8ff3-182417acfd49,beta_B,treat,quest,0.1572601040769612,True,2026-09-06T14:21:45Z,https://calmforest.cloud,96ce06d2-f9f0-4eaa-ae7e-f85a84b100b5,2026-09-10 05:34:47.499000+00:00,2026-09-10 05:43:07.339000+00:00,500,7,0,True
2026-09-10 05:43:03.293022+00:00,sess-5r1a873ocdsmtv3ezlz,c-cae243d9-612c-4064-8ff3-182417acfd49,beta_B,treat,quest,0.15240862038422526,True,2026-09-06T14:21:45Z,https://calmforest.cloud,96ce06d2-f9f0-4eaa-ae7e-f85a84b100b5,2026-09-10 05:34:47.499000+00:00,2026-09-10 05:43:07.339000+00:00,500,4,0,True
2026-09-10 05:43:04.435969+00:00,sess-5r1a873ocdsmtv3ezlz,c-cae243d9-612c-4064-8ff3-182417acfd49,beta_B,treat,quest,0.15240862038422526,True,2026-09-06T14:21:45Z,https://calmforest.cloud,96ce06d2-f9f0-4eaa-ae7e-f85a84b100b5,2026-09-10 05:34:47.499000+00:00,2026-09-10 05:43:07.339000+00:00,500,2,0,True
2026-09-10 05:49:40.235639+00:00,sess-92hphjqifc9mtv3xu3r,c-530d5746-aad0-4dd7-b3f4-50abb3ad39a5,beta_B,treat,quest,0.1719712659473805,True,2026-09-06T14:21:45Z,https://calmforest.cloud,e9e102ad-dc26-4d4f-9aab-0c8b2df0e925,2026-09-10 05:49:26.835000+00:00,2026-09-10 05:57:44.997000+00:00,498,484,1,True
2026-09-10 05:49:41.777894+00:00,sess-92hphjqifc9mtv3xu3r,c-530d5746-aad0-4dd7-b3f4-50abb3ad39a5,beta_B,treat,quest,0.17159743653427365,True,2026-09-06T14:21:45Z,https://calmforest.cloud,e9e102ad-dc26-4d4f-9aab-0c8b2df0e925,2026-09-10 05:49:26.835000+00:00,2026-09-10 05:57:44.997000+00:00,498,483,1,True
2026-09-10 05:49:43.784488+00:00,sess-92hphjqifc9mtv3xu3r,c-530d5746-aad0-4dd7-b3f4-50abb3ad39a5,beta_B,treat,time15,0.4699760616286567,True,2026-09-06T14:21:45Z,https://calmforest.cloud,e9e102ad-dc26-4d4f-9aab-0c8b2df0e925,2026-09-10 05:49:26.835000+00:00,2026-09-10 05:57:44.997000+00:00,498,481,1,True
2026-09-10 05:50:16.928806+00:00,sess-92hphjqifc9mtv3xu3r,c-530d5746-aad0-4dd7-b3f4-50abb3ad39a5,beta_B,treat,quest,0.1373865454885332,False,2026-09-06T14:21:45Z,https://calmforest.cloud,e9e102ad-dc26-4d4f-9aab-0c8b2df0e925,2026-09-10 05:49:26.835000+00:00,2026-09-10 05:57:44.997000+00:00,498,448,1,False
2026-09-10 05:50:17.771592+00:00,sess-92hphjqifc9mtv3xu3r,c-530d5746-aad0-4dd7-b3f4-50abb3ad39a5,beta_B,treat,quest,0.1472312102852932,True,2026-09-06T14:21:45Z,https://calmforest.cloud,e9e102ad-dc26-4d4f-9aab-0c8b2df0e925,2026-09-10 05:49:26.835000+00:00,2026-09-10 05:57:44.997000+00:00,498,447,1,True
2026-09-10 05:50:18.988459+00:00,sess-92hphjqifc9mtv3xu3r,c-530d5746-aad0-4dd7-b3f4-50abb3ad39a5,beta_B,treat,quest,0.15513543296403404,True,2026-09-06T14:21:45Z,https://calmforest.cloud,e9e102ad-dc26-4d4f-9aab-0c8b2df0e925,2026-09-10 05:49:26.835000+00:00,2026-09-10 05:57:44.997000+00:00,498,446,1,True
2026-09-10 05:50:20.992056+00:00,sess-92hphjqifc9mtv3xu3r,c-530d5746-aad0-4dd7-b3f4-50abb3ad39a5,beta_B,treat,quest,0.17545773782830038,True,2026-09-06T14:21:45Z,https://calmforest.cloud,e9e102ad-dc26-4d4f-9aab-0c8b2df0e925,2026-09-10 05:49:26.835000+00:00,2026-09-10 05:57:44.997000+00:00,498,444,1,True
2026-09-10 05:50:57.425919+00:00,sess-92hphjqifc9mtv3xu3r,c-530d5746-aad0-4dd7-b3f4-50abb3ad39a5,beta_B,treat,quest,0.17103544899119827,True,2026-09-06T14:21:45Z,https://calmforest.cloud,e9e102ad-dc26-4d4f-9aab-0c8b2df0e925,2026-09-10 05:49:26.835000+00:00,2026-09-10 05:57:44.997000+00:00,498,407,1,True
2026-09-10 05:50:57.753886+00:00,sess-92hphjqifc9mtv3xu3r,c-530d5746-aad0-4dd7-b3f4-50abb3ad39a5,beta_B,treat,quest,0.16093009877268907,True,2026-09-06T14:21:45Z,https://calmforest.cloud,e9e102ad-dc26-4d4f-9aab-0c8b2df0e925,2026-09-10 05:49:26.835000+00:00,2026-09-10 05:57:44.997000+00:00,498,407,1,True
2026-09-10 05:50:59.912251+00:00,sess-92hphjqifc9mtv3xu3r,c-530d5746-aad0-4dd7-b3f4-50abb3ad39a5,beta_B,treat,quest,0.16138946720332908,True,2026-09-06T14:21:45Z,https://calmforest.cloud,e9e102ad-dc26-4d4f-9aab-0c8b2df0e925,2026-09-10 05:49:26.835000+00:00,2026-09-10 05:57:44.997000+00:00,498,405,1,True
2026-09-10 05:51:01.736726+00:00,sess-92hphjqifc9mtv3xu3r,c-530d5746-aad0-4dd7-b3f4-50abb3ad39a5,beta_B,treat,quest,0.17470476928034823,True,2026-09-06T14:21:45Z,https://calmforest.cloud,e9e102ad-dc26-4d4f-9aab-0c8b2df0e925,2026-09-10 05:49:26.835000+00:00,2026-09-10 05:57:44.997000+00:00,498,403,1,True
2026-09-10 05:52:28.014609+00:00,sess-92hphjqifc9mtv3xu3r,c-530d5746-aad0-4dd7-b3f4-50abb3ad39a5,beta_B,treat,quest,0.18262543538341325,True,2026-09-06T14:21:45Z,https://calmforest.cloud,e9e102ad-dc26-4d4f-9aab-0c8b2df0e925,2026-09-10 05:49:26.835000+00:00,2026-09-10 05:57:44.997000+00:00,498,316,1,True
2026-09-10 05:52:28.855214+00:00,sess-92hphjqifc9mtv3xu3r,c-530d5746-aad0-4dd7-b3f4-50abb3ad39a5,beta_B,treat,quest,0.12154663204901721,False,2026-09-06T14:21:45Z,https://calmforest.cloud,e9e102ad-dc26-4d4f-9aab-0c8b2df0e925,2026-09-10 05:49:26.835000+00:00,2026-09-10 05:57:44.997000+00:00,498,316,1,False
2026-09-10 05:52:30.320856+00:00,sess-92hphjqifc9mtv3xu3r,c-530d5746-aad0-4dd7-b3f4-50abb3ad39a5,beta_B,treat,quest,0.12316237827483857,False,2026-09-06T14:21:45Z,https://calmforest.cloud,e9e102ad-dc26-4d4f-9aab-0c8b2df0e925,2026-09-10 05:49:26.835000+00:00,2026-09-10 05:57:44.997000+00:00,498,314,1,False
2026-09-10 05:52:32.814250+00:00,sess-92hphjqifc9mtv3xu3r,c-530d5746-aad0-4dd7-b3f4-50abb3ad39a5,beta_B,treat,quest,0.13231073603186547,False,2026-09-06T14:21:45Z,https://calmforest.cloud,e9e102ad-dc26-4d4f-9aab-0c8b2df0e925,2026-09-10 05:49:26.835000+00:00,2026-09-10 05:57:44.997000+00:00,498,312,1,False
2026-09-10 05:52:57.914518+00:00,sess-92hphjqifc9mtv3xu3r,c-530d5746-aad0-4dd7-b3f4-50abb3ad39a5,beta_B,treat,quest,0.16255657394394538,True,2026-09-06T14:21:45Z,https://calmforest.cloud,e9e102ad-dc26-4d4f-9aab-0c8b2df0e925,2026-09-10 05:49:26.835000+00:00,2026-09-10 05:57:44.997000+00:00,498,287,1,True
2026-09-10 05:52:58.770893+00:00,sess-92hphjqifc9mtv3xu3r,c-530d5746-aad0-4dd7-b3f4-50abb3ad39a5,beta_B,treat,quest,0.15198205834059939,True,2026-09-06T14:21:45Z,https://calmforest.cloud,e9e102ad-dc26-4d4f-9aab-0c8b2df0e925,2026-09-10 05:49:26.835000+00:00,2026-09-10 05:57:44.997000+00:00,498,286,1,True
2026-09-10 05:55:31.431000+00:00,sess-q8q6icr614jmtv459tz,c-d0173dd9-8e73-43f0-9c3b-016844ffa5a6,beta_B,control,quest,0.16337452842558878,True,2026-09-06T14:21:45Z,https://calmforest.cloud,96ce06d2-f9f0-4eaa-ae7e-f85a84b100b5,2026-09-10 05:55:13.817000+00:00,2026-09-10 06:56:28.264000+00:00,3674,3656,1,True
2026-09-10 05:55:31.526728+00:00,sess-q8q6icr614jmtv459tz,c-d0173dd9-8e73-43f0-9c3b-016844ffa5a6,beta_B,control,quest,0.17435873788577258,True,2026-09-06T14:21:45Z,https://calmforest.cloud,96ce06d2-f9f0-4eaa-ae7e-f85a84b100b5,2026-09-10 05:55:13.817000+00:00,2026-09-10 06:56:28.264000+00:00,3674,3656,1,True
2026-09-10 05:55:31.942350+00:00,sess-q8q6icr614jmtv459tz,c-d0173dd9-8e73-43f0-9c3b-016844ffa5a6,beta_B,control,time15,0.45831246894757705,True,2026-09-06T14:21:45Z,https://calmforest.cloud,96ce06d2-f9f0-4eaa-ae7e-f85a84b100b5,2026-09-10 05:55:13.817000+00:00,2026-09-10 06:56:28.264000+00:00,3674,3656,1,True
2026-09-10 05:55:32.560707+00:00,sess-q8q6icr614jmtv459tz,c-d0173dd9-8e73-43f0-9c3b-016844ffa5a6,beta_B,control,quest,0.16524765705387004,True,2026-09-06T14:21:45Z,https://calmforest.cloud,96ce06d2-f9f0-4eaa-ae7e-f85a84b100b5,2026-09-10 05:55:13.817000+00:00,2026-09-10 06:56:28.264000+00:00,3674,3655,1,True
2026-09-10 05:55:33.661046+00:00,sess-q8q6icr614jmtv459tz,c-d0173dd9-8e73-43f0-9c3b-016844ffa5a6,beta_B,control,quest,0.16419504451288963,True,2026-09-06T14:21:45Z,https://calmforest.cloud,96ce06d2-f9f0-4eaa-ae7e-f85a84b100b5,2026-09-10 05:55:13.817000+00:00,2026-09-10 06:56:28.264000+00:00,3674,3654,1,True
2026-09-10 05:57:14.014938+00:00,sess-q8q6icr614jmtv459tz,c-d0173dd9-8e73-43f0-9c3b-016844ffa5a6,beta_B,control,quest,0.17155352320855155,True,2026-09-06T14:21:45Z,https://calmforest.cloud,96ce06d2-f9f0-4eaa-ae7e-f85a84b100b5,2026-09-10 05:55:13.817000+00:00,2026-09-10 06:56:28.264000+00:00,3674,3554,1,True
2026-09-10 05:57:19.593349+00:00,sess-q8q6icr614jmtv459tz,c-d0173dd9-8e73-43f0-9c3b-016844ffa5a6,beta_B,control,quest,0.16076005389698977,True,2026-09-06T14:21:45Z,https://calmforest.cloud,96ce06d2-f9f0-4eaa-ae7e-f85a84b100b5,2026-09-10 05:55:13.817000+00:00,2026-09-10 06:56:28.264000+00:00,3674,3548,1,True
2026-09-10 05:59:28.597370+00:00,sess-q8q6icr614jmtv459tz,c-d0173dd9-8e73-43f0-9c3b-016844ffa5a6,beta_B,control,quest,0.1694984370395398,True,2026-09-06T14:21:45Z,https://calmforest.cloud,96ce06d2-f9f0-4eaa-ae7e-f85a84b100b5,2026-09-10 05:55:13.817000+00:00,2026-09-10 06:56:28.264000+00:00,3674,3419,1,True
2026-09-10 05:59:29.292596+00:00,sess-q8q6icr614jmtv459tz,c-d0173dd9-8e73-43f0-9c3b-016844ffa5a6,beta_B,control,quest,0.16391194725551622,True,2026-09-06T14:21:45Z,https://calmforest.cloud,96ce06d2-f9f0-4eaa-ae7e-f85a84b100b5,2026-09-10 05:55:13.817000+00:00,2026-09-10 06:56:28.264000+00:00,3674,3418,1,True
2026-09-10 05:59:30.624166+00:00,sess-q8q6icr614jmtv459tz,c-d0173dd9-8e73-43f0-9c3b-016844ffa5a6,beta_B,control,quest,0.1347717760552017,False,2026-09-06T14:21:45Z,https://calmforest.cloud,96ce06d2-f9f0-4eaa-ae7e-f85a84b100b5,2026-09-10 05:55:13.817000+00:00,2026-09-10 06:56:28.264000+00:00,3674,3417,1,False
2026-09-10 05:59:51.355645+00:00,sess-q8q6icr614jmtv459tz,c-d0173dd9-8e73-43f0-9c3b-016844ffa5a6,beta_B,control,quest,0.1285677364260449,False,2026-09-06T14:21:45Z,https://calmforest.cloud,96ce06d2-f9f0-4eaa-ae7e-f85a84b100b5,2026-09-10 05:55:13.817000+00:00,2026-09-10 06:56:28.264000+00:00,3674,3396,1,False
2026-09-10 05:59:52.157295+00:00,sess-q8q6icr614jmtv459tz,c-d0173dd9-8e73-43f0-9c3b-016844ffa5a6,beta_B,control,quest,0.15554878868447555,True,2026-09-06T14:21:45Z,https://calmforest.cloud,96ce06d2-f9f0-4eaa-ae7e-f85a84b100b5,2026-09-10 05:55:13.817000+00:00,2026-09-10 06:56:28.264000+00:00,3674,3396,1,True
2026-09-10 05:59:58.585500+00:00,sess-q8q6icr614jmtv459tz,c-d0173dd9-8e73-43f0-9c3b-016844ffa5a6,beta_B,control,quest,0.17202600863513448,True,2026-09-06T14:21:45Z,https://calmforest.cloud,96ce06d2-f9f0-4eaa-ae7e-f85a84b100b5,2026-09-10 05:55:13.817000+00:00,2026-09-10 06:56:28.264000+00:00,3674,3389,1,True
2026-09-10 06:00:43.536014+00:00,sess-q8q6icr614jmtv459tz,c-d0173dd9-8e73-43f0-9c3b-016844ffa5a6,beta_B,control,quest,0.11564450239993604,False,2026-09-06T14:21:45Z,https://calmforest.cloud,96ce06d2-f9f0-4eaa-ae7e-f85a84b100b5,2026-09-10 05:55:13.817000+00:00,2026-09-10 06:56:28.264000+00:00,3674,3344,1,False
2026-09-10 06:00:44.303742+00:00,sess-q8q6icr614jmtv459tz,c-d0173dd9-8e73-43f0-9c3b-016844ffa5a6,beta_B,control,quest,0.14964684718778795,True,2026-09-06T14:21:45Z,https://calmforest.cloud,96ce06d2-f9f0-4eaa-ae7e-f85a84b100b5,2026-09-10 05:55:13.817000+00:00,2026-09-10 06:56:28.264000+00:00,3674,3343,1,True
2026-09-10 06:00:46.174647+00:00,sess-q8q6icr614jmtv459tz,c-d0173dd9-8e73-43f0-9c3b-016844ffa5a6,beta_B,control,quest,0.1633749925928761,True,2026-09-06T14:21:45Z,https://calmforest.cloud,96ce06d2-f9f0-4eaa-ae7e-f85a84b100b5,2026-09-10 05:55:13.817000+00:00,2026-09-10 06:56:28.264000+00:00,3674,3342,1,True
2026-09-10 06:00:46.772223+00:00,sess-q8q6icr614jmtv459tz,c-d0173dd9-8e73-43f0-9c3b-016844ffa5a6,beta_B,control,quest,0.16105903781715644,True,2026-09-06T14:21:45Z,https://calmforest.cloud,96ce06d2-f9f0-4eaa-ae7e-f85a84b100b5,2026-09-10 05:55:13.817000+00:00,2026-09-10 06:56:28.264000+00:00,3674,3341,1,True
2026-09-10 06:03:57.714314+00:00,sess-q8q6icr614jmtv459tz,c-d0173dd9-8e73-43f0-9c3b-016844ffa5a6,beta_B,control,quest,0.16484277463130448,True,2026-09-06T14:21:45Z,https://calmforest.cloud,96ce06d2-f9f0-4eaa-ae7e-f85a84b100b5,2026-09-10 05:55:13.817000+00:00,2026-09-10 06:56:28.264000+00:00,3674,3150,1,True
2026-09-10 06:03:57.874071+00:00,sess-q8q6icr614jmtv459tz,c-d0173dd9-8e73-43f0-9c3b-016844ffa5a6,beta_B,control,quest,0.16484277463130448,True,2026-09-06T14:21:45Z,https://calmforest.cloud,96ce06d2-f9f0-4eaa-ae7e-f85a84b100b5,2026-09-10 05:55:13.817000+00:00,2026-09-10 06:56:28.264000+00:00,3674,3150,1,True
2026-09-10 06:03:59.696440+00:00,sess-q8q6icr614jmtv459tz,c-d0173dd9-8e73-43f0-9c3b-016844ffa5a6,beta_B,control,quest,0.17828863251603297,True,2026-09-06T14:21:45Z,https://calmforest.cloud,96ce06d2-f9f0-4eaa-ae7e-f85a84b100b5,2026-09-10 05:55:13.817000+00:00,2026-09-10 06:56:28.264000+00:00,3674,3148,1,True
2026-09-10 06:03:59.927886+00:00,sess-q8q6icr614jmtv459tz,c-d0173dd9-8e73-43f0-9c3b-016844ffa5a6,beta_B,control,quest,0.17828863251603297,True,2026-09-06T14:21:45Z,https://calmforest.cloud,96ce06d2-f9f0-4eaa-ae7e-f85a84b100b5,2026-09-10 05:55:13.817000+00:00,2026-09-10 06:56:28.264000+00:00,3674,3148,1,True
2026-09-10 06:04:01.222866+00:00,sess-q8q6icr614jmtv459tz,c-d0173dd9-8e73-43f0-9c3b-016844ffa5a6,beta_B,control,quest,0.17479581272382225,True,2026-09-06T14:21:45Z,https://calmforest.cloud,96ce06d2-f9f0-4eaa-ae7e-f85a84b100b5,2026-09-10 05:55:13.817000+00:00,2026-09-10 06:56:28.264000+00:00,3674,3147,1,True
2026-09-10 06:04:02.882242+00:00,sess-q8q6icr614jmtv459tz,c-d0173dd9-8e73-43f0-9c3b-016844ffa5a6,beta_B,control,quest,0.1760012614031745,True,2026-09-06T14:21:45Z,https://calmforest.cloud,96ce06d2-f9f0-4eaa-ae7e-f85a84b100b5,2026-09-10 05:55:13.817000+00:00,2026-09-10 06:56:28.264000+00:00,3674,3145,1,True
2026-09-10 06:05:30.307494+00:00,sess-q8q6icr614jmtv459tz,c-d0173dd9-8e73-43f0-9c3b-016844ffa5a6,beta_B,control,quest,0.17057914412329886,True,2026-09-06T14:21:45Z,https://calmforest.cloud,96ce06d2-f9f0-4eaa-ae7e-f85a84b100b5,2026-09-10 05:55:13.817000+00:00,2026-09-10 06:56:28.264000+00:00,3674,3057,1,True
2026-09-10 06:05:31.217836+00:00,sess-q8q6icr614jmtv459tz,c-d0173dd9-8e73-43f0-9c3b-016844ffa5a6,beta_B,control,quest,0.1638954548656763,True,2026-09-06T14:21:45Z,https://calmforest.cloud,96ce06d2-f9f0-4eaa-ae7e-f85a84b100b5,2026-09-10 05:55:13.817000+00:00,2026-09-10 06:56:28.264000+00:00,3674,3057,1,True
2026-09-10 06:05:33.843846+00:00,sess-q8q6icr614jmtv459tz,c-d0173dd9-8e73-43f0-9c3b-016844ffa5a6,beta_B,control,quest,0.16416474730811667,True,2026-09-06T14:21:45Z,https://calmforest.cloud,96ce06d2-f9f0-4eaa-ae7e-f85a84b100b5,2026-09-10 05:55:13.817000+00:00,2026-09-10 06:56:28.264000+00:00,3674,3054,1,True
2026-09-10 06:05:33.952759+00:00,sess-q8q6icr614jmtv459tz,c-d0173dd9-8e73-43f0-9c3b-016844ffa5a6,beta_B,control,quest,0.1613953141708037,True,2026-09-06T14:21:45Z,https://calmforest.cloud,96ce06d2-f9f0-4eaa-ae7e-f85a84b100b5,2026-09-10 05:55:13.817000+00:00,2026-09-10 06:56:28.264000+00:00,3674,3054,1,True
2026-09-10 06:05:35.887277+00:00,sess-q8q6icr614jmtv459tz,c-d0173dd9-8e73-43f0-9c3b-016844ffa5a6,beta_B,control,quest,0.1721397501465641,True,2026-09-06T14:21:45Z,https://calmforest.cloud,96ce06d2-f9f0-4eaa-ae7e-f85a84b100b5,2026-09-10 05:55:13.817000+00:00,2026-09-10 06:56:28.264000+00:00,3674,3052,1,True
2026-09-10 06:05:36.931705+00:00,sess-q8q6icr614jmtv459tz,c-d0173dd9-8e73-43f0-9c3b-016844ffa5a6,beta_B,control,quest,0.1740361288456099,True,2026-09-06T14:21:45Z,https://calmforest.cloud,96ce06d2-f9f0-4eaa-ae7e-f85a84b100b5,2026-09-10 05:55:13.817000+00:00,2026-09-10 06:56:28.264000+00:00,3674,3051,1,True
2026-09-10 06:05:52.901205+00:00,sess-9zltjrae6pnmtv4cywv,c-530d5746-aad0-4dd7-b3f4-50abb3ad39a5,beta_B,control,quest,0.17107170643275293,True,2026-09-06T14:21:45Z,https://calmforest.cloud,e9e102ad-dc26-4d4f-9aab-0c8b2df0e925,2026-09-10 06:01:12.905000+00:00,2026-09-10 06:34:14.931000+00:00,1982,1702,1,True
2026-09-10 06:06:12.813951+00:00,sess-q8q6icr614jmtv459tz,c-d0173dd9-8e73-43f0-9c3b-016844ffa5a6,beta_B,control,quest,0.053505368350350725,False,2026-09-06T14:21:45Z,https://calmforest.cloud,96ce06d2-f9f0-4eaa-ae7e-f85a84b100b5,2026-09-10 05:55:13.817000+00:00,2026-09-10 06:56:28.264000+00:00,3674,3015,1,False
2026-09-10 06:06:13.864740+00:00,sess-q8q6icr614jmtv459tz,c-d0173dd9-8e73-43f0-9c3b-016844ffa5a6,beta_B,control,quest,0.09196739364094045,False,2026-09-06T14:21:45Z,https://calmforest.cloud,96ce06d2-f9f0-4eaa-ae7e-f85a84b100b5,2026-09-10 05:55:13.817000+00:00,2026-09-10 06:56:28.264000+00:00,3674,3014,1,False
2026-09-10 06:09:35.070368+00:00,sess-q8q6icr614jmtv459tz,c-d0173dd9-8e73-43f0-9c3b-016844ffa5a6,beta_B,control,quest,0.17091460138595554,True,2026-09-06T14:21:45Z,https://calmforest.cloud,96ce06d2-f9f0-4eaa-ae7e-f85a84b100b5,2026-09-10 05:55:13.817000+00:00,2026-09-10 06:56:28.264000+00:00,3674,2813,1,True
2026-09-10 06:09:36.810460+00:00,sess-q8q6icr614jmtv459tz,c-d0173dd9-8e73-43f0-9c3b-016844ffa5a6,beta_B,control,quest,0.12597861341612476,False,2026-09-06T14:21:45Z,https://calmforest.cloud,96ce06d2-f9f0-4eaa-ae7e-f85a84b100b5,2026-09-10 05:55:13.817000+00:00,2026-09-10 06:56:28.264000+00:00,3674,2811,1,False
2026-09-10 06:14:08.636503+00:00,sess-q8q6icr614jmtv459tz,c-d0173dd9-8e73-43f0-9c3b-016844ffa5a6,beta_B,control,quest,0.17118647458224912,True,2026-09-06T14:21:45Z,https://calmforest.cloud,96ce06d2-f9f0-4eaa-ae7e-f85a84b100b5,2026-09-10 05:55:13.817000+00:00,2026-09-10 06:56:28.264000+00:00,3674,2539,1,True
2026-09-10 06:24:15.396382+00:00,sess-9zltjrae6pnmtv4cywv,c-530d5746-aad0-4dd7-b3f4-50abb3ad39a5,beta_B,control,quest,0.17122141932236745,True,2026-09-06T14:21:45Z,https://calmforest.cloud,e9e102ad-dc26-4d4f-9aab-0c8b2df0e925,2026-09-10 06:01:12.905000+00:00,2026-09-10 06:34:14.931000+00:00,1982,599,1,True
2026-09-10 06:24:27.387352+00:00,sess-9zltjrae6pnmtv4cywv,c-530d5746-aad0-4dd7-b3f4-50abb3ad39a5,beta_B,control,quest,0.16115425303603892,True,2026-09-06T14:21:45Z,https://calmforest.cloud,e9e102ad-dc26-4d4f-9aab-0c8b2df0e925,2026-09-10 06:01:12.905000+00:00,2026-09-10 06:34:14.931000+00:00,1982,587,1,True
2026-09-10 06:24:28.612364+00:00,sess-q8q6icr614jmtv459tz,c-d0173dd9-8e73-43f0-9c3b-016844ffa5a6,beta_B,control,quest,0.17112706647147344,True,2026-09-06T14:21:45Z,https://calmforest.cloud,96ce06d2-f9f0-4eaa-ae7e-f85a84b100b5,2026-09-10 05:55:13.817000+00:00,2026-09-10 06:56:28.264000+00:00,3674,1919,1,True
2026-09-10 06:24:28.839135+00:00,sess-q8q6icr614jmtv459tz,c-d0173dd9-8e73-43f0-9c3b-016844ffa5a6,beta_B,control,quest,0.16702931982595492,True,2026-09-06T14:21:45Z,https://calmforest.cloud,96ce06d2-f9f0-4eaa-ae7e-f85a84b100b5,2026-09-10 05:55:13.817000+00:00,2026-09-10 06:56:28.264000+00:00,3674,1919,1,True
2026-09-10 06:24:33.164467+00:00,sess-9zltjrae6pnmtv4cywv,c-530d5746-aad0-4dd7-b3f4-50abb3ad39a5,beta_B,control,quest,0.1586308475872859,True,2026-09-06T14:21:45Z,https://calmforest.cloud,e9e102ad-dc26-4d4f-9aab-0c8b2df0e925,2026-09-10 06:01:12.905000+00:00,2026-09-10 06:34:14.931000+00:00,1982,581,1,True
2026-09-10 06:24:37.651487+00:00,sess-9zltjrae6pnmtv4cywv,c-530d5746-aad0-4dd7-b3f4-50abb3ad39a5,beta_B,control,quest,0.13537931343401105,False,2026-09-06T14:21:45Z,https://calmforest.cloud,e9e102ad-dc26-4d4f-9aab-0c8b2df0e925,2026-09-10 06:01:12.905000+00:00,2026-09-10 06:34:14.931000+00:00,1982,577,1,False
2026-09-10 06:24:41.394407+00:00,sess-9zltjrae6pnmtv4cywv,c-530d5746-aad0-4dd7-b3f4-50abb3ad39a5,beta_B,control,quest,0.12766656785777356,False,2026-09-06T14:21:45Z,https://calmforest.cloud,e9e102ad-dc26-4d4f-9aab-0c8b2df0e925,2026-09-10 06:01:12.905000+00:00,2026-09-10 06:34:14.931000+00:00,1982,573,1,False
2026-09-10 06:25:05.671528+00:00,sess-9zltjrae6pnmtv4cywv,c-530d5746-aad0-4dd7-b3f4-50abb3ad39a5,beta_B,control,quest,0.15825239632960642,True,2026-09-06T14:21:45Z,https://calmforest.cloud,e9e102ad-dc26-4d4f-9aab-0c8b2df0e925,2026-09-10 06:01:12.905000+00:00,2026-09-10 06:34:14.931000+00:00,1982,549,1,True
2026-09-10 06:25:10.177328+00:00,sess-9zltjrae6pnmtv4cywv,c-530d5746-aad0-4dd7-b3f4-50abb3ad39a5,beta_B,control,quest,0.16281887716922477,True,2026-09-06T14:21:45Z,https://calmforest.cloud,e9e102ad-dc26-4d4f-9aab-0c8b2df0e925,2026-09-10 06:01:12.905000+00:00,2026-09-10 06:34:14.931000+00:00,1982,544,1,True
2026-09-10 06:25:12.292243+00:00,sess-9zltjrae6pnmtv4cywv,c-530d5746-aad0-4dd7-b3f4-50abb3ad39a5,beta_B,control,quest,0.1766451556626957,True,2026-09-06T14:21:45Z,https://calmforest.cloud,e9e102ad-dc26-4d4f-9aab-0c8b2df0e925,2026-09-10 06:01:12.905000+00:00,2026-09-10 06:34:14.931000+00:00,1982,542,1,True
2026-09-10 06:25:14.164472+00:00,sess-9zltjrae6pnmtv4cywv,c-530d5746-aad0-4dd7-b3f4-50abb3ad39a5,beta_B,control,quest,0.16987123758310205,True,2026-09-06T14:21:45Z,https://calmforest.cloud,e9e102ad-dc26-4d4f-9aab-0c8b2df0e925,2026-09-10 06:01:12.905000+00:00,2026-09-10 06:34:14.931000+00:00,1982,540,1,True
2026-09-10 06:25:17.813890+00:00,sess-9zltjrae6pnmtv4cywv,c-530d5746-aad0-4dd7-b3f4-50abb3ad39a5,beta_B,control,quest,0.18129502566475475,True,2026-09-06T14:21:45Z,https://calmforest.cloud,e9e102ad-dc26-4d4f-9aab-0c8b2df0e925,2026-09-10 06:01:12.905000+00:00,2026-09-10 06:34:14.931000+00:00,1982,537,1,True
2026-09-10 06:26:37.247964+00:00,sess-9zltjrae6pnmtv4cywv,c-530d5746-aad0-4dd7-b3f4-50abb3ad39a5,beta_B,control,quest,0.14513425764075427,True,2026-09-06T14:21:45Z,https://calmforest.cloud,e9e102ad-dc26-4d4f-9aab-0c8b2df0e925,2026-09-10 06:01:12.905000+00:00,2026-09-10 06:34:14.931000+00:00,1982,457,1,True
2026-09-10 06:28:02.887725+00:00,sess-q8q6icr614jmtv459tz,c-d0173dd9-8e73-43f0-9c3b-016844ffa5a6,beta_B,control,quest,0.17407411213139778,True,2026-09-06T14:21:45Z,https://calmforest.cloud,96ce06d2-f9f0-4eaa-ae7e-f85a84b100b5,2026-09-10 05:55:13.817000+00:00,2026-09-10 06:56:28.264000+00:00,3674,1705,1,True
2026-09-10 06:28:03.364927+00:00,sess-q8q6icr614jmtv459tz,c-d0173dd9-8e73-43f0-9c3b-016844ffa5a6,beta_B,control,quest,0.16885593734821117,True,2026-09-06T14:21:45Z,https://calmforest.cloud,96ce06d2-f9f0-4eaa-ae7e-f85a84b100b5,2026-09-10 05:55:13.817000+00:00,2026-09-10 06:56:28.264000+00:00,3674,1704,1,True
2026-09-10 06:34:56.267850+00:00,sess-z80l05ydtimtv5jz3o,c-530d5746-aad0-4dd7-b3f4-50abb3ad39a5,beta_B,treat,time15,0.4701589956074981,True,2026-09-06T14:21:45Z,https://calmforest.cloud,e9e102ad-dc26-4d4f-9aab-0c8b2df0e925,2026-09-10 06:34:39.360000+00:00,2026-09-10 07:28:09.488000+00:00,3210,3193,1,True
2026-09-10 06:38:19.121274+00:00,sess-z80l05ydtimtv5jz3o,c-530d5746-aad0-4dd7-b3f4-50abb3ad39a5,beta_B,treat,quest,0.1750810952590048,True,2026-09-06T14:21:45Z,https://calmforest.cloud,e9e102ad-dc26-4d4f-9aab-0c8b2df0e925,2026-09-10 06:34:39.360000+00:00,2026-09-10 07:28:09.488000+00:00,3210,2990,1,True
2026-09-10 06:38:19.284790+00:00,sess-z80l05ydtimtv5jz3o,c-530d5746-aad0-4dd7-b3f4-50abb3ad39a5,beta_B,treat,quest,0.1750810952590048,True,2026-09-06T14:21:45Z,https://calmforest.cloud,e9e102ad-dc26-4d4f-9aab-0c8b2df0e925,2026-09-10 06:34:39.360000+00:00,2026-09-10 07:28:09.488000+00:00,3210,2990,1,True
2026-09-10 06:38:21.056346+00:00,sess-z80l05ydtimtv5jz3o,c-530d5746-aad0-4dd7-b3f4-50abb3ad39a5,beta_B,treat,quest,0.1750810952590048,True,2026-09-06T14:21:45Z,https://calmforest.cloud,e9e102ad-dc26-4d4f-9aab-0c8b2df0e925,2026-09-10 06:34:39.360000+00:00,2026-09-10 07:28:09.488000+00:00,3210,2988,1,True
2026-09-10 06:38:21.532574+00:00,sess-z80l05ydtimtv5jz3o,c-530d5746-aad0-4dd7-b3f4-50abb3ad39a5,beta_B,treat,quest,0.1750810952590048,True,2026-09-06T14:21:45Z,https://calmforest.cloud,e9e102ad-dc26-4d4f-9aab-0c8b2df0e925,2026-09-10 06:34:39.360000+00:00,2026-09-10 07:28:09.488000+00:00,3210,2987,1,True
2026-09-10 06:38:24.269034+00:00,sess-z80l05ydtimtv5jz3o,c-530d5746-aad0-4dd7-b3f4-50abb3ad39a5,beta_B,treat,quest,0.1432699600888999,True,2026-09-06T14:21:45Z,https://calmforest.cloud,e9e102ad-dc26-4d4f-9aab-0c8b2df0e925,2026-09-10 06:34:39.360000+00:00,2026-09-10 07:28:09.488000+00:00,3210,2985,1,True
2026-09-10 06:41:19.554303+00:00,sess-z80l05ydtimtv5jz3o,c-530d5746-aad0-4dd7-b3f4-50abb3ad39a5,beta_B,treat,quest,0.1714740868680141,True,2026-09-06T14:21:45Z,https://calmforest.cloud,e9e102ad-dc26-4d4f-9aab-0c8b2df0e925,2026-09-10 06:34:39.360000+00:00,2026-09-10 07:28:09.488000+00:00,3210,2809,1,True
2026-09-10 06:45:38.066024+00:00,sess-z80l05ydtimtv5jz3o,c-530d5746-aad0-4dd7-b3f4-50abb3ad39a5,beta_B,treat,quest,0.17214228301785006,True,2026-09-06T14:21:45Z,https://calmforest.cloud,e9e102ad-dc26-4d4f-9aab-0c8b2df0e925,2026-09-10 06:34:39.360000+00:00,2026-09-10 07:28:09.488000+00:00,3210,2551,1,True
2026-09-10 06:47:52.051172+00:00,sess-z80l05ydtimtv5jz3o,c-530d5746-aad0-4dd7-b3f4-50abb3ad39a5,beta_B,treat,quest,0.06371553707605074,False,2026-09-06T14:21:45Z,https://calmforest.cloud,e9e102ad-dc26-4d4f-9aab-0c8b2df0e925,2026-09-10 06:34:39.360000+00:00,2026-09-10 07:28:09.488000+00:00,3210,2417,1,False
2026-09-10 07:00:04.343570+00:00,sess-xqtyeywbmrrmtv6g9eg,c-9bc15435-eaca-4508-8743-6f7076b4c2ae,beta_A,control,time15,0.4864759430350968,True,2026-09-06T14:21:45Z,https://calmforest.cloud,e449a249-1fea-49e0-9cda-615810f132ca,2026-09-10 06:59:45.697000+00:00,2026-09-10 07:16:55.795000+00:00,1030,1011,1,True
2026-09-10 07:04:25.329452+00:00,sess-xqtyeywbmrrmtv6g9eg,c-9bc15435-eaca-4508-8743-6f7076b4c2ae,beta_A,control,quest,0.17358759569765675,True,2026-09-06T14:21:45Z,https://calmforest.cloud,e449a249-1fea-49e0-9cda-615810f132ca,2026-09-10 06:59:45.697000+00:00,2026-09-10 07:16:55.795000+00:00,1030,750,1,True
2026-09-10 07:04:32.464169+00:00,sess-xqtyeywbmrrmtv6g9eg,c-9bc15435-eaca-4508-8743-6f7076b4c2ae,beta_A,control,quest,0.17013817691154193,True,2026-09-06T14:21:45Z,https://calmforest.cloud,e449a249-1fea-49e0-9cda-615810f132ca,2026-09-10 06:59:45.697000+00:00,2026-09-10 07:16:55.795000+00:00,1030,743,1,True
2026-09-10 07:04:34.779692+00:00,sess-xqtyeywbmrrmtv6g9eg,c-9bc15435-eaca-4508-8743-6f7076b4c2ae,beta_A,control,quest,0.19308293110818828,True,2026-09-06T14:21:45Z,https://calmforest.cloud,e449a249-1fea-49e0-9cda-615810f132ca,2026-09-10 06:59:45.697000+00:00,2026-09-10 07:16:55.795000+00:00,1030,741,1,True
2026-09-10 07:04:36.192755+00:00,sess-xqtyeywbmrrmtv6g9eg,c-9bc15435-eaca-4508-8743-6f7076b4c2ae,beta_A,control,quest,0.18633794743708895,True,2026-09-06T14:21:45Z,https://calmforest.cloud,e449a249-1fea-49e0-9cda-615810f132ca,2026-09-10 06:59:45.697000+00:00,2026-09-10 07:16:55.795000+00:00,1030,739,1,True
2026-09-10 07:04:39.244223+00:00,sess-xqtyeywbmrrmtv6g9eg,c-9bc15435-eaca-4508-8743-6f7076b4c2ae,beta_A,control,quest,0.19162951683172139,True,2026-09-06T14:21:45Z,https://calmforest.cloud,e449a249-1fea-49e0-9cda-615810f132ca,2026-09-10 06:59:45.697000+00:00,2026-09-10 07:16:55.795000+00:00,1030,736,1,True
2026-09-10 07:04:40.926880+00:00,sess-xqtyeywbmrrmtv6g9eg,c-9bc15435-eaca-4508-8743-6f7076b4c2ae,beta_A,control,quest,0.19506521858915934,True,2026-09-06T14:21:45Z,https://calmforest.cloud,e449a249-1fea-49e0-9cda-615810f132ca,2026-09-10 06:59:45.697000+00:00,2026-09-10 07:16:55.795000+00:00,1030,734,1,True
2026-09-10 07:05:13.771324+00:00,sess-xqtyeywbmrrmtv6g9eg,c-9bc15435-eaca-4508-8743-6f7076b4c2ae,beta_A,control,quest,0.1837876166321366,True,2026-09-06T14:21:45Z,https://calmforest.cloud,e449a249-1fea-49e0-9cda-615810f132ca,2026-09-10 06:59:45.697000+00:00,2026-09-10 07:16:55.795000+00:00,1030,702,1,True
2026-09-10 07:05:15.534797+00:00,sess-xqtyeywbmrrmtv6g9eg,c-9bc15435-eaca-4508-8743-6f7076b4c2ae,beta_A,control,quest,0.16241754436306832,True,2026-09-06T14:21:45Z,https://calmforest.cloud,e449a249-1fea-49e0-9cda-615810f132ca,2026-09-10 06:59:45.697000+00:00,2026-09-10 07:16:55.795000+00:00,1030,700,1,True
2026-09-10 07:05:18.155959+00:00,sess-xqtyeywbmrrmtv6g9eg,c-9bc15435-eaca-4508-8743-6f7076b4c2ae,beta_A,control,quest,0.19255744295337915,True,2026-09-06T14:21:45Z,https://calmforest.cloud,e449a249-1fea-49e0-9cda-615810f132ca,2026-09-10 06:59:45.697000+00:00,2026-09-10 07:16:55.795000+00:00,1030,697,1,True
2026-09-10 07:05:18.835513+00:00,sess-xqtyeywbmrrmtv6g9eg,c-9bc15435-eaca-4508-8743-6f7076b4c2ae,beta_A,control,quest,0.19395532590217426,True,2026-09-06T14:21:45Z,https://calmforest.cloud,e449a249-1fea-49e0-9cda-615810f132ca,2026-09-10 06:59:45.697000+00:00,2026-09-10 07:16:55.795000+00:00,1030,696,1,True
2026-09-10 07:05:48.150888+00:00,sess-xqtyeywbmrrmtv6g9eg,c-9bc15435-eaca-4508-8743-6f7076b4c2ae,beta_A,control,quest,0.192382661083729,True,2026-09-06T14:21:45Z,https://calmforest.cloud,e449a249-1fea-49e0-9cda-615810f132ca,2026-09-10 06:59:45.697000+00:00,2026-09-10 07:16:55.795000+00:00,1030,667,1,True
2026-09-10 07:05:49.840177+00:00,sess-xqtyeywbmrrmtv6g9eg,c-9bc15435-eaca-4508-8743-6f7076b4c2ae,beta_A,control,quest,0.1798453651876678,True,2026-09-06T14:21:45Z,https://calmforest.cloud,e449a249-1fea-49e0-9cda-615810f132ca,2026-09-10 06:59:45.697000+00:00,2026-09-10 07:16:55.795000+00:00,1030,665,1,True
2026-09-10 07:07:31.898863+00:00,sess-xqtyeywbmrrmtv6g9eg,c-9bc15435-eaca-4508-8743-6f7076b4c2ae,beta_A,control,quest,0.16711313241312753,True,2026-09-06T14:21:45Z,https://calmforest.cloud,e449a249-1fea-49e0-9cda-615810f132ca,2026-09-10 06:59:45.697000+00:00,2026-09-10 07:16:55.795000+00:00,1030,563,1,True
2026-09-10 07:07:34.609397+00:00,sess-xqtyeywbmrrmtv6g9eg,c-9bc15435-eaca-4508-8743-6f7076b4c2ae,beta_A,control,quest,0.19358304197498652,True,2026-09-06T14:21:45Z,https://calmforest.cloud,e449a249-1fea-49e0-9cda-615810f132ca,2026-09-10 06:59:45.697000+00:00,2026-09-10 07:16:55.795000+00:00,1030,561,1,True
2026-09-10 07:07:41.958165+00:00,sess-xqtyeywbmrrmtv6g9eg,c-9bc15435-eaca-4508-8743-6f7076b4c2ae,beta_A,control,quest,0.19163087642529963,True,2026-09-06T14:21:45Z,https://calmforest.cloud,e449a249-1fea-49e0-9cda-615810f132ca,2026-09-10 06:59:45.697000+00:00,2026-09-10 07:16:55.795000+00:00,1030,553,1,True
2026-09-10 07:28:30.176510+00:00,sess-qfph4gtswvcmtv7guf0,c-530d5746-aad0-4dd7-b3f4-50abb3ad39a5,beta_B,treat,time15,0.3394943596143409,False,2026-09-06T14:21:45Z,https://calmforest.cloud,e9e102ad-dc26-4d4f-9aab-0c8b2df0e925,2026-09-10 07:28:12.551000+00:00,2026-09-11 08:41:46.550000+00:00,90814,90796,1,False
2026-09-10 07:37:12.785585+00:00,sess-9v21isfx9r4mtv7ry1i,c-a59e98f2-3c03-491a-ab68-7b6c8fa957e6,beta_B,control,time15,0.28897723171451023,False,2026-09-06T14:21:45Z,https://calmforest.cloud,2dc25242-eecf-4132-af7e-d5911c7a7d64,2026-09-10 07:36:50.464000+00:00,2026-09-10 08:56:55.717000+00:00,4805,4782,1,False
2026-09-10 08:32:26.541281+00:00,sess-qfph4gtswvcmtv7guf0,c-530d5746-aad0-4dd7-b3f4-50abb3ad39a5,beta_B,treat,quest,0.17245532961442808,True,2026-09-06T14:21:45Z,https://calmforest.cloud,e9e102ad-dc26-4d4f-9aab-0c8b2df0e925,2026-09-10 07:28:12.551000+00:00,2026-09-11 08:41:46.550000+00:00,90814,86960,1,True
2026-09-10 08:32:28.111912+00:00,sess-qfph4gtswvcmtv7guf0,c-530d5746-aad0-4dd7-b3f4-50abb3ad39a5,beta_B,treat,quest,0.17245532961442808,True,2026-09-06T14:21:45Z,https://calmforest.cloud,e9e102ad-dc26-4d4f-9aab-0c8b2df0e925,2026-09-10 07:28:12.551000+00:00,2026-09-11 08:41:46.550000+00:00,90814,86958,1,True
2026-09-10 08:34:05.002674+00:00,sess-5ofux9wn1e7mtv9t51x,c-d0173dd9-8e73-43f0-9c3b-016844ffa5a6,beta_B,treat,time15,0.46972986025253133,True,2026-09-06T14:21:45Z,https://calmforest.cloud,96ce06d2-f9f0-4eaa-ae7e-f85a84b100b5,2026-09-10 08:33:45.441000+00:00,2026-09-11 01:16:31.531000+00:00,60166,60146,1,True
2026-09-10 08:40:00.149633+00:00,sess-qfph4gtswvcmtv7guf0,c-530d5746-aad0-4dd7-b3f4-50abb3ad39a5,beta_B,treat,quest,0.172047686555978,True,2026-09-06T14:21:45Z,https://calmforest.cloud,e9e102ad-dc26-4d4f-9aab-0c8b2df0e925,2026-09-10 07:28:12.551000+00:00,2026-09-11 08:41:46.550000+00:00,90814,86506,1,True
2026-09-10 08:40:01.251831+00:00,sess-qfph4gtswvcmtv7guf0,c-530d5746-aad0-4dd7-b3f4-50abb3ad39a5,beta_B,treat,quest,0.172047686555978,True,2026-09-06T14:21:45Z,https://calmforest.cloud,e9e102ad-dc26-4d4f-9aab-0c8b2df0e925,2026-09-10 07:28:12.551000+00:00,2026-09-11 08:41:46.550000+00:00,90814,86505,1,True
2026-09-10 08:40:01.549039+00:00,sess-qfph4gtswvcmtv7guf0,c-530d5746-aad0-4dd7-b3f4-50abb3ad39a5,beta_B,treat,quest,0.172047686555978,True,2026-09-06T14:21:45Z,https://calmforest.cloud,e9e102ad-dc26-4d4f-9aab-0c8b2df0e925,2026-09-10 07:28:12.551000+00:00,2026-09-11 08:41:46.550000+00:00,90814,86505,1,True
2026-09-10 08:40:02.894911+00:00,sess-qfph4gtswvcmtv7guf0,c-530d5746-aad0-4dd7-b3f4-50abb3ad39a5,beta_B,treat,quest,0.17168166780732166,True,2026-09-06T14:21:45Z,https://calmforest.cloud,e9e102ad-dc26-4d4f-9aab-0c8b2df0e925,2026-09-10 07:28:12.551000+00:00,2026-09-11 08:41:46.550000+00:00,90814,86503,1,True
2026-09-10 08:40:03.298288+00:00,sess-qfph4gtswvcmtv7guf0,c-530d5746-aad0-4dd7-b3f4-50abb3ad39a5,beta_B,treat,quest,0.17168166780732166,True,2026-09-06T14:21:45Z,https://calmforest.cloud,e9e102ad-dc26-4d4f-9aab-0c8b2df0e925,2026-09-10 07:28:12.551000+00:00,2026-09-11 08:41:46.550000+00:00,90814,86503,1,True
2026-09-10 12:39:33.788973+00:00,sess-k2dxlqlb5nmtvikw4b,c-d26b4591-08ba-43c5-98aa-1ac7b643014b,beta_A,treat,time15,0.4275664801266258,False,2026-09-06T14:21:45Z,https://calmforest.cloud,d6ccb4ea-a790-4733-89ee-9b78aaa277c7,2026-09-10 12:39:17.153000+00:00,2026-09-10 12:44:18.727000+00:00,302,284,1,False
2026-09-10 12:40:08.432501+00:00,sess-k2dxlqlb5nmtvikw4b,c-d26b4591-08ba-43c5-98aa-1ac7b643014b,beta_A,treat,quest,0.1421321720242714,True,2026-09-06T14:21:45Z,https://calmforest.cloud,d6ccb4ea-a790-4733-89ee-9b78aaa277c7,2026-09-10 12:39:17.153000+00:00,2026-09-10 12:44:18.727000+00:00,302,250,1,True
2026-09-10 12:40:10.223138+00:00,sess-k2dxlqlb5nmtvikw4b,c-d26b4591-08ba-43c5-98aa-1ac7b643014b,beta_A,treat,quest,0.1421321720242714,True,2026-09-06T14:21:45Z,https://calmforest.cloud,d6ccb4ea-a790-4733-89ee-9b78aaa277c7,2026-09-10 12:39:17.153000+00:00,2026-09-10 12:44:18.727000+00:00,302,248,1,True
2026-09-10 12:41:33.844154+00:00,sess-k2dxlqlb5nmtvikw4b,c-d26b4591-08ba-43c5-98aa-1ac7b643014b,beta_A,treat,quest,0.1418593489697512,True,2026-09-06T14:21:45Z,https://calmforest.cloud,d6ccb4ea-a790-4733-89ee-9b78aaa277c7,2026-09-10 12:39:17.153000+00:00,2026-09-10 12:44:18.727000+00:00,302,164,1,True
2026-09-10 12:41:34.802860+00:00,sess-k2dxlqlb5nmtvikw4b,c-d26b4591-08ba-43c5-98aa-1ac7b643014b,beta_A,treat,quest,0.1418593489697512,True,2026-09-06T14:21:45Z,https://calmforest.cloud,d6ccb4ea-a790-4733-89ee-9b78aaa277c7,2026-09-10 12:39:17.153000+00:00,2026-09-10 12:44:18.727000+00:00,302,163,1,True
2026-09-10 12:41:38.356989+00:00,sess-k2dxlqlb5nmtvikw4b,c-d26b4591-08ba-43c5-98aa-1ac7b643014b,beta_A,treat,quest,0.15452276066790419,True,2026-09-06T14:21:45Z,https://calmforest.cloud,d6ccb4ea-a790-4733-89ee-9b78aaa277c7,2026-09-10 12:39:17.153000+00:00,2026-09-10 12:44:18.727000+00:00,302,160,1,True
2026-09-10 12:41:39.005726+00:00,sess-k2dxlqlb5nmtvikw4b,c-d26b4591-08ba-43c5-98aa-1ac7b643014b,beta_A,treat,quest,0.15452276066790419,True,2026-09-06T14:21:45Z,https://calmforest.cloud,d6ccb4ea-a790-4733-89ee-9b78aaa277c7,2026-09-10 12:39:17.153000+00:00,2026-09-10 12:44:18.727000+00:00,302,159,1,True
2026-09-10 12:41:41.504741+00:00,sess-k2dxlqlb5nmtvikw4b,c-d26b4591-08ba-43c5-98aa-1ac7b643014b,beta_A,treat,quest,0.14040044418410805,True,2026-09-06T14:21:45Z,https://calmforest.cloud,d6ccb4ea-a790-4733-89ee-9b78aaa277c7,2026-09-10 12:39:17.153000+00:00,2026-09-10 12:44:18.727000+00:00,302,157,1,True
2026-09-10 12:41:45.415785+00:00,sess-k2dxlqlb5nmtvikw4b,c-d26b4591-08ba-43c5-98aa-1ac7b643014b,beta_A,treat,quest,0.1326092873918778,False,2026-09-06T14:21:45Z,https://calmforest.cloud,d6ccb4ea-a790-4733-89ee-9b78aaa277c7,2026-09-10 12:39:17.153000+00:00,2026-09-10 12:44:18.727000+00:00,302,153,1,False
2026-09-10 12:41:46.485883+00:00,sess-k2dxlqlb5nmtvikw4b,c-d26b4591-08ba-43c5-98aa-1ac7b643014b,beta_A,treat,quest,0.1326092873918778,False,2026-09-06T14:21:45Z,https://calmforest.cloud,d6ccb4ea-a790-4733-89ee-9b78aaa277c7,2026-09-10 12:39:17.153000+00:00,2026-09-10 12:44:18.727000+00:00,302,152,1,False
2026-09-10 12:41:57.408767+00:00,sess-k2dxlqlb5nmtvikw4b,c-d26b4591-08ba-43c5-98aa-1ac7b643014b,beta_A,treat,quest,0.15170097047639652,True,2026-09-06T14:21:45Z,https://calmforest.cloud,d6ccb4ea-a790-4733-89ee-9b78aaa277c7,2026-09-10 12:39:17.153000+00:00,2026-09-10 12:44:18.727000+00:00,302,141,1,True
2026-09-10 12:41:58.405201+00:00,sess-k2dxlqlb5nmtvikw4b,c-d26b4591-08ba-43c5-98aa-1ac7b643014b,beta_A,treat,quest,0.15170097047639652,True,2026-09-06T14:21:45Z,https://calmforest.cloud,d6ccb4ea-a790-4733-89ee-9b78aaa277c7,2026-09-10 12:39:17.153000+00:00,2026-09-10 12:44:18.727000+00:00,302,140,1,True
2026-09-10 12:42:00.269998+00:00,sess-k2dxlqlb5nmtvikw4b,c-d26b4591-08ba-43c5-98aa-1ac7b643014b,beta_A,treat,quest,0.1398950120372448,True,2026-09-06T14:21:45Z,https://calmforest.cloud,d6ccb4ea-a790-4733-89ee-9b78aaa277c7,2026-09-10 12:39:17.153000+00:00,2026-09-10 12:44:18.727000+00:00,302,138,1,True
2026-09-10 12:42:01.094058+00:00,sess-k2dxlqlb5nmtvikw4b,c-d26b4591-08ba-43c5-98aa-1ac7b643014b,beta_A,treat,quest,0.1398950120372448,True,2026-09-06T14:21:45Z,https://calmforest.cloud,d6ccb4ea-a790-4733-89ee-9b78aaa277c7,2026-09-10 12:39:17.153000+00:00,2026-09-10 12:44:18.727000+00:00,302,137,1,True
2026-09-10 12:42:07.916609+00:00,sess-k2dxlqlb5nmtvikw4b,c-d26b4591-08ba-43c5-98aa-1ac7b643014b,beta_A,treat,quest,0.14665816837295295,True,2026-09-06T14:21:45Z,https://calmforest.cloud,d6ccb4ea-a790-4733-89ee-9b78aaa277c7,2026-09-10 12:39:17.153000+00:00,2026-09-10 12:44:18.727000+00:00,302,130,1,True
2026-09-10 12:42:08.371808+00:00,sess-k2dxlqlb5nmtvikw4b,c-d26b4591-08ba-43c5-98aa-1ac7b643014b,beta_A,treat,quest,0.14665816837295295,True,2026-09-06T14:21:45Z,https://calmforest.cloud,d6ccb4ea-a790-4733-89ee-9b78aaa277c7,2026-09-10 12:39:17.153000+00:00,2026-09-10 12:44:18.727000+00:00,302,130,1,True
2026-09-10 12:42:09.636901+00:00,sess-k2dxlqlb5nmtvikw4b,c-d26b4591-08ba-43c5-98aa-1ac7b643014b,beta_A,treat,quest,0.15018784162662732,True,2026-09-06T14:21:45Z,https://calmforest.cloud,d6ccb4ea-a790-4733-89ee-9b78aaa277c7,2026-09-10 12:39:17.153000+00:00,2026-09-10 12:44:18.727000+00:00,302,129,1,True
2026-09-10 12:42:10.382129+00:00,sess-k2dxlqlb5nmtvikw4b,c-d26b4591-08ba-43c5-98aa-1ac7b643014b,beta_A,treat,quest,0.15018784162662732,True,2026-09-06T14:21:45Z,https://calmforest.cloud,d6ccb4ea-a790-4733-89ee-9b78aaa277c7,2026-09-10 12:39:17.153000+00:00,2026-09-10 12:44:18.727000+00:00,302,128,1,True
2026-09-10 12:42:15.898591+00:00,sess-k2dxlqlb5nmtvikw4b,c-d26b4591-08ba-43c5-98aa-1ac7b643014b,beta_A,treat,quest,0.12330498067540457,False,2026-09-06T14:21:45Z,https://calmforest.cloud,d6ccb4ea-a790-4733-89ee-9b78aaa277c7,2026-09-10 12:39:17.153000+00:00,2026-09-10 12:44:18.727000+00:00,302,122,1,False
2026-09-10 12:42:17.016654+00:00,sess-k2dxlqlb5nmtvikw4b,c-d26b4591-08ba-43c5-98aa-1ac7b643014b,beta_A,treat,quest,0.12330498067540457,False,2026-09-06T14:21:45Z,https://calmforest.cloud,d6ccb4ea-a790-4733-89ee-9b78aaa277c7,2026-09-10 12:39:17.153000+00:00,2026-09-10 12:44:18.727000+00:00,302,121,1,False
2026-09-10 12:43:06.769823+00:00,sess-k2dxlqlb5nmtvikw4b,c-d26b4591-08ba-43c5-98aa-1ac7b643014b,beta_A,treat,quest,0.1439881396003312,True,2026-09-06T14:21:45Z,https://calmforest.cloud,d6ccb4ea-a790-4733-89ee-9b78aaa277c7,2026-09-10 12:39:17.153000+00:00,2026-09-10 12:44:18.727000+00:00,302,71,1,True
2026-09-10 12:43:08.182134+00:00,sess-k2dxlqlb5nmtvikw4b,c-d26b4591-08ba-43c5-98aa-1ac7b643014b,beta_A,treat,quest,0.1439881396003312,True,2026-09-06T14:21:45Z,https://calmforest.cloud,d6ccb4ea-a790-4733-89ee-9b78aaa277c7,2026-09-10 12:39:17.153000+00:00,2026-09-10 12:44:18.727000+00:00,302,70,1,True
2026-09-10 12:43:10.981527+00:00,sess-k2dxlqlb5nmtvikw4b,c-d26b4591-08ba-43c5-98aa-1ac7b643014b,beta_A,treat,quest,0.1385363378434897,False,2026-09-06T14:21:45Z,https://calmforest.cloud,d6ccb4ea-a790-4733-89ee-9b78aaa277c7,2026-09-10 12:39:17.153000+00:00,2026-09-10 12:44:18.727000+00:00,302,67,1,False
2026-09-10 12:43:11.997566+00:00,sess-k2dxlqlb5nmtvikw4b,c-d26b4591-08ba-43c5-98aa-1ac7b643014b,beta_A,treat,quest,0.1385363378434897,False,2026-09-06T14:21:45Z,https://calmforest.cloud,d6ccb4ea-a790-4733-89ee-9b78aaa277c7,2026-09-10 12:39:17.153000+00:00,2026-09-10 12:44:18.727000+00:00,302,66,1,False
2026-09-10 12:43:13.165702+00:00,sess-k2dxlqlb5nmtvikw4b,c-d26b4591-08ba-43c5-98aa-1ac7b643014b,beta_A,treat,quest,0.1385363378434897,False,2026-09-06T14:21:45Z,https://calmforest.cloud,d6ccb4ea-a790-4733-89ee-9b78aaa277c7,2026-09-10 12:39:17.153000+00:00,2026-09-10 12:44:18.727000+00:00,302,65,1,False
2026-09-10 12:43:14.514909+00:00,sess-k2dxlqlb5nmtvikw4b,c-d26b4591-08ba-43c5-98aa-1ac7b643014b,beta_A,treat,quest,0.1508590994608202,True,2026-09-06T14:21:45Z,https://calmforest.cloud,d6ccb4ea-a790-4733-89ee-9b78aaa277c7,2026-09-10 12:39:17.153000+00:00,2026-09-10 12:44:18.727000+00:00,302,64,1,True
2026-09-10 12:43:23.924574+00:00,sess-k2dxlqlb5nmtvikw4b,c-d26b4591-08ba-43c5-98aa-1ac7b643014b,beta_A,treat,quest,0.1305789953977682,False,2026-09-06T14:21:45Z,https://calmforest.cloud,d6ccb4ea-a790-4733-89ee-9b78aaa277c7,2026-09-10 12:39:17.153000+00:00,2026-09-10 12:44:18.727000+00:00,302,54,0,False
2026-09-10 12:43:24.609625+00:00,sess-k2dxlqlb5nmtvikw4b,c-d26b4591-08ba-43c5-98aa-1ac7b643014b,beta_A,treat,quest,0.1305789953977682,False,2026-09-06T14:21:45Z,https://calmforest.cloud,d6ccb4ea-a790-4733-89ee-9b78aaa277c7,2026-09-10 12:39:17.153000+00:00,2026-09-10 12:44:18.727000+00:00,302,54,0,False
2026-09-10 12:43:26.139942+00:00,sess-k2dxlqlb5nmtvikw4b,c-d26b4591-08ba-43c5-98aa-1ac7b643014b,beta_A,treat,quest,0.12351292080538785,False,2026-09-06T14:21:45Z,https://calmforest.cloud,d6ccb4ea-a790-4733-89ee-9b78aaa277c7,2026-09-10 12:39:17.153000+00:00,2026-09-10 12:44:18.727000+00:00,302,52,0,False
2026-09-10 12:43:26.731066+00:00,sess-k2dxlqlb5nmtvikw4b,c-d26b4591-08ba-43c5-98aa-1ac7b643014b,beta_A,treat,quest,0.12351292080538785,False,2026-09-06T14:21:45Z,https://calmforest.cloud,d6ccb4ea-a790-4733-89ee-9b78aaa277c7,2026-09-10 12:39:17.153000+00:00,2026-09-10 12:44:18.727000+00:00,302,51,0,False
2026-09-10 12:43:27.625270+00:00,sess-k2dxlqlb5nmtvikw4b,c-d26b4591-08ba-43c5-98aa-1ac7b643014b,beta_A,treat,quest,0.1149757246634147,False,2026-09-06T14:21:45Z,https://calmforest.cloud,d6ccb4ea-a790-4733-89ee-9b78aaa277c7,2026-09-10 12:39:17.153000+00:00,2026-09-10 12:44:18.727000+00:00,302,51,0,False
2026-09-10 12:43:28.160961+00:00,sess-k2dxlqlb5nmtvikw4b,c-d26b4591-08ba-43c5-98aa-1ac7b643014b,beta_A,treat,quest,0.12663868859005684,False,2026-09-06T14:21:45Z,https://calmforest.cloud,d6ccb4ea-a790-4733-89ee-9b78aaa277c7,2026-09-10 12:39:17.153000+00:00,2026-09-10 12:44:18.727000+00:00,302,50,0,False
2026-09-10 12:43:32.597743+00:00,sess-k2dxlqlb5nmtvikw4b,c-d26b4591-08ba-43c5-98aa-1ac7b643014b,beta_A,treat,quest,0.1487938531208662,True,2026-09-06T14:21:45Z,https://calmforest.cloud,d6ccb4ea-a790-4733-89ee-9b78aaa277c7,2026-09-10 12:39:17.153000+00:00,2026-09-10 12:44:18.727000+00:00,302,46,0,True
2026-09-10 12:43:33.125776+00:00,sess-k2dxlqlb5nmtvikw4b,c-d26b4591-08ba-43c5-98aa-1ac7b643014b,beta_A,treat,quest,0.1487938531208662,True,2026-09-06T14:21:45Z,https://calmforest.cloud,d6ccb4ea-a790-4733-89ee-9b78aaa277c7,2026-09-10 12:39:17.153000+00:00,2026-09-10 12:44:18.727000+00:00,302,45,0,True
2026-09-10 12:43:35.212539+00:00,sess-k2dxlqlb5nmtvikw4b,c-d26b4591-08ba-43c5-98aa-1ac7b643014b,beta_A,treat,quest,0.1319019645469112,False,2026-09-06T14:21:45Z,https://calmforest.cloud,d6ccb4ea-a790-4733-89ee-9b78aaa277c7,2026-09-10 12:39:17.153000+00:00,2026-09-10 12:44:18.727000+00:00,302,43,0,False
2026-09-10 12:43:35.902857+00:00,sess-k2dxlqlb5nmtvikw4b,c-d26b4591-08ba-43c5-98aa-1ac7b643014b,beta_A,treat,quest,0.1319019645469112,False,2026-09-06T14:21:45Z,https://calmforest.cloud,d6ccb4ea-a790-4733-89ee-9b78aaa277c7,2026-09-10 12:39:17.153000+00:00,2026-09-10 12:44:18.727000+00:00,302,42,0,False
2026-09-10 12:43:36.820878+00:00,sess-k2dxlqlb5nmtvikw4b,c-d26b4591-08ba-43c5-98aa-1ac7b643014b,beta_A,treat,quest,0.12241032133333023,False,2026-09-06T14:21:45Z,https://calmforest.cloud,d6ccb4ea-a790-4733-89ee-9b78aaa277c7,2026-09-10 12:39:17.153000+00:00,2026-09-10 12:44:18.727000+00:00,302,41,0,False
2026-09-10 12:43:37.289164+00:00,sess-k2dxlqlb5nmtvikw4b,c-d26b4591-08ba-43c5-98aa-1ac7b643014b,beta_A,treat,quest,0.12241032133333023,False,2026-09-06T14:21:45Z,https://calmforest.cloud,d6ccb4ea-a790-4733-89ee-9b78aaa277c7,2026-09-10 12:39:17.153000+00:00,2026-09-10 12:44:18.727000+00:00,302,41,0,False
2026-09-10 12:43:38.003621+00:00,sess-k2dxlqlb5nmtvikw4b,c-d26b4591-08ba-43c5-98aa-1ac7b643014b,beta_A,treat,quest,0.120277938537859,False,2026-09-06T14:21:45Z,https://calmforest.cloud,d6ccb4ea-a790-4733-89ee-9b78aaa277c7,2026-09-10 12:39:17.153000+00:00,2026-09-10 12:44:18.727000+00:00,302,40,0,False
2026-09-10 12:43:38.504082+00:00,sess-k2dxlqlb5nmtvikw4b,c-d26b4591-08ba-43c5-98aa-1ac7b643014b,beta_A,treat,quest,0.12507558003624109,False,2026-09-06T14:21:45Z,https://calmforest.cloud,d6ccb4ea-a790-4733-89ee-9b78aaa277c7,2026-09-10 12:39:17.153000+00:00,2026-09-10 12:44:18.727000+00:00,302,40,0,False
2026-09-10 12:43:39.183167+00:00,sess-k2dxlqlb5nmtvikw4b,c-d26b4591-08ba-43c5-98aa-1ac7b643014b,beta_A,treat,quest,0.1309345336864825,False,2026-09-06T14:21:45Z,https://calmforest.cloud,d6ccb4ea-a790-4733-89ee-9b78aaa277c7,2026-09-10 12:39:17.153000+00:00,2026-09-10 12:44:18.727000+00:00,302,39,0,False
2026-09-10 12:43:48.169997+00:00,sess-k2dxlqlb5nmtvikw4b,c-d26b4591-08ba-43c5-98aa-1ac7b643014b,beta_A,treat,quest,0.1503393397874602,True,2026-09-06T14:21:45Z,https://calmforest.cloud,d6ccb4ea-a790-4733-89ee-9b78aaa277c7,2026-09-10 12:39:17.153000+00:00,2026-09-10 12:44:18.727000+00:00,302,30,0,True
2026-09-10 12:43:51.116405+00:00,sess-k2dxlqlb5nmtvikw4b,c-d26b4591-08ba-43c5-98aa-1ac7b643014b,beta_A,treat,quest,0.13908979327355322,True,2026-09-06T14:21:45Z,https://calmforest.cloud,d6ccb4ea-a790-4733-89ee-9b78aaa277c7,2026-09-10 12:39:17.153000+00:00,2026-09-10 12:44:18.727000+00:00,302,27,0,True
2026-09-10 12:44:23.568163+00:00,sess-k2dxlqlb5nmtvikw4b,c-d26b4591-08ba-43c5-98aa-1ac7b643014b,beta_A,treat,quest,0.14121194601578718,True,2026-09-06T14:21:45Z,https://calmforest.cloud,d6ccb4ea-a790-4733-89ee-9b78aaa277c7,2026-09-10 12:39:17.153000+00:00,2026-09-10 12:44:18.727000+00:00,302,-4,0,True
2026-09-10 12:44:24.353006+00:00,sess-k2dxlqlb5nmtvikw4b,c-d26b4591-08ba-43c5-98aa-1ac7b643014b,beta_A,treat,quest,0.14121194601578718,True,2026-09-06T14:21:45Z,https://calmforest.cloud,d6ccb4ea-a790-4733-89ee-9b78aaa277c7,2026-09-10 12:39:17.153000+00:00,2026-09-10 12:44:18.727000+00:00,302,-5,0,True
2026-09-10 12:44:46.297260+00:00,sess-k2dxlqlb5nmtvikw4b,c-d26b4591-08ba-43c5-98aa-1ac7b643014b,beta_A,treat,quest,0.1324833751304489,False,2026-09-06T14:21:45Z,https://calmforest.cloud,d6ccb4ea-a790-4733-89ee-9b78aaa277c7,2026-09-10 12:39:17.153000+00:00,2026-09-10 12:44:18.727000+00:00,302,-27,0,False
2026-09-10 12:44:47.905560+00:00,sess-k2dxlqlb5nmtvikw4b,c-d26b4591-08ba-43c5-98aa-1ac7b643014b,beta_A,treat,quest,0.1324833751304489,False,2026-09-06T14:21:45Z,https://calmforest.cloud,d6ccb4ea-a790-4733-89ee-9b78aaa277c7,2026-09-10 12:39:17.153000+00:00,2026-09-10 12:44:18.727000+00:00,302,-29,0,False
2026-09-10 12:45:09.157062+00:00,sess-k2dxlqlb5nmtvikw4b,c-d26b4591-08ba-43c5-98aa-1ac7b643014b,beta_A,treat,quest,0.12523527892498143,False,2026-09-06T14:21:45Z,https://calmforest.cloud,d6ccb4ea-a790-4733-89ee-9b78aaa277c7,2026-09-10 12:39:17.153000+00:00,2026-09-10 12:44:18.727000+00:00,302,-50,0,False
2026-09-10 12:45:10.104201+00:00,sess-k2dxlqlb5nmtvikw4b,c-d26b4591-08ba-43c5-98aa-1ac7b643014b,beta_A,treat,quest,0.12523527892498143,False,2026-09-06T14:21:45Z,https://calmforest.cloud,d6ccb4ea-a790-4733-89ee-9b78aaa277c7,2026-09-10 12:39:17.153000+00:00,2026-09-10 12:44:18.727000+00:00,302,-51,0,False
2026-09-10 13:20:47.839209+00:00,sess-i9z1ag7jkvmtvk2kqf,c-841cf77d-87df-4fcc-8fb2-62115be35519,beta_A,treat,quest,0.16001104322603282,True,2026-09-06T14:21:45Z,https://calmforest.cloud,fabd3109-d3f3-463e-b718-f1eb9a7bdeee,2026-09-10 13:21:01.819000+00:00,2026-09-10 13:46:20.512000+00:00,1519,1532,1,True
2026-09-10 13:20:48.457583+00:00,sess-i9z1ag7jkvmtvk2kqf,c-841cf77d-87df-4fcc-8fb2-62115be35519,beta_A,treat,quest,0.14637140894427297,True,2026-09-06T14:21:45Z,https://calmforest.cloud,fabd3109-d3f3-463e-b718-f1eb9a7bdeee,2026-09-10 13:21:01.819000+00:00,2026-09-10 13:46:20.512000+00:00,1519,1532,1,True
2026-09-10 13:20:51.214042+00:00,sess-i9z1ag7jkvmtvk2kqf,c-841cf77d-87df-4fcc-8fb2-62115be35519,beta_A,treat,time15,0.46515572039093867,True,2026-09-06T14:21:45Z,https://calmforest.cloud,fabd3109-d3f3-463e-b718-f1eb9a7bdeee,2026-09-10 13:21:01.819000+00:00,2026-09-10 13:46:20.512000+00:00,1519,1529,1,True
2026-09-10 13:21:29.227915+00:00,sess-i9z1ag7jkvmtvk2kqf,c-841cf77d-87df-4fcc-8fb2-62115be35519,beta_A,treat,quest,0.13244111187415142,False,2026-09-06T14:21:45Z,https://calmforest.cloud,fabd3109-d3f3-463e-b718-f1eb9a7bdeee,2026-09-10 13:21:01.819000+00:00,2026-09-10 13:46:20.512000+00:00,1519,1491,1,False
2026-09-10 13:21:30.453310+00:00,sess-i9z1ag7jkvmtvk2kqf,c-841cf77d-87df-4fcc-8fb2-62115be35519,beta_A,treat,quest,0.1223996868099948,False,2026-09-06T14:21:45Z,https://calmforest.cloud,fabd3109-d3f3-463e-b718-f1eb9a7bdeee,2026-09-10 13:21:01.819000+00:00,2026-09-10 13:46:20.512000+00:00,1519,1490,1,False
2026-09-10 13:26:21.513338+00:00,sess-i9z1ag7jkvmtvk2kqf,c-841cf77d-87df-4fcc-8fb2-62115be35519,beta_A,treat,quest,0.17072194860964415,True,2026-09-06T14:21:45Z,https://calmforest.cloud,fabd3109-d3f3-463e-b718-f1eb9a7bdeee,2026-09-10 13:21:01.819000+00:00,2026-09-10 13:46:20.512000+00:00,1519,1198,1,True
2026-09-10 13:26:22.531505+00:00,sess-i9z1ag7jkvmtvk2kqf,c-841cf77d-87df-4fcc-8fb2-62115be35519,beta_A,treat,quest,0.07081832053420031,False,2026-09-06T14:21:45Z,https://calmforest.cloud,fabd3109-d3f3-463e-b718-f1eb9a7bdeee,2026-09-10 13:21:01.819000+00:00,2026-09-10 13:46:20.512000+00:00,1519,1197,1,False
2026-09-10 13:26:23.286236+00:00,sess-i9z1ag7jkvmtvk2kqf,c-841cf77d-87df-4fcc-8fb2-62115be35519,beta_A,treat,quest,0.07070016654077346,False,2026-09-06T14:21:45Z,https://calmforest.cloud,fabd3109-d3f3-463e-b718-f1eb9a7bdeee,2026-09-10 13:21:01.819000+00:00,2026-09-10 13:46:20.512000+00:00,1519,1197,1,False
2026-09-10 13:26:23.833613+00:00,sess-i9z1ag7jkvmtvk2kqf,c-841cf77d-87df-4fcc-8fb2-62115be35519,beta_A,treat,quest,0.07063619848459918,False,2026-09-06T14:21:45Z,https://calmforest.cloud,fabd3109-d3f3-463e-b718-f1eb9a7bdeee,2026-09-10 13:21:01.819000+00:00,2026-09-10 13:46:20.512000+00:00,1519,1196,1,False
2026-09-10 13:26:23.993746+00:00,sess-i9z1ag7jkvmtvk2kqf,c-841cf77d-87df-4fcc-8fb2-62115be35519,beta_A,treat,quest,0.07063619848459918,False,2026-09-06T14:21:45Z,https://calmforest.cloud,fabd3109-d3f3-463e-b718-f1eb9a7bdeee,2026-09-10 13:21:01.819000+00:00,2026-09-10 13:46:20.512000+00:00,1519,1196,1,False
2026-09-10 13:26:28.009693+00:00,sess-i9z1ag7jkvmtvk2kqf,c-841cf77d-87df-4fcc-8fb2-62115be35519,beta_A,treat,quest,0.08171506089201173,False,2026-09-06T14:21:45Z,https://calmforest.cloud,fabd3109-d3f3-463e-b718-f1eb9a7bdeee,2026-09-10 13:21:01.819000+00:00,2026-09-10 13:46:20.512000+00:00,1519,1192,1,False
2026-09-10 13:26:40.037501+00:00,sess-i9z1ag7jkvmtvk2kqf,c-841cf77d-87df-4fcc-8fb2-62115be35519,beta_A,treat,quest,0.15544809187142747,True,2026-09-06T14:21:45Z,https://calmforest.cloud,fabd3109-d3f3-463e-b718-f1eb9a7bdeee,2026-09-10 13:21:01.819000+00:00,2026-09-10 13:46:20.512000+00:00,1519,1180,1,True
2026-09-10 13:26:40.883284+00:00,sess-i9z1ag7jkvmtvk2kqf,c-841cf77d-87df-4fcc-8fb2-62115be35519,beta_A,treat,quest,0.15333626871867542,True,2026-09-06T14:21:45Z,https://calmforest.cloud,fabd3109-d3f3-463e-b718-f1eb9a7bdeee,2026-09-10 13:21:01.819000+00:00,2026-09-10 13:46:20.512000+00:00,1519,1179,1,True
2026-09-10 13:26:44.819376+00:00,sess-i9z1ag7jkvmtvk2kqf,c-841cf77d-87df-4fcc-8fb2-62115be35519,beta_A,treat,quest,0.1715330671888477,True,2026-09-06T14:21:45Z,https://calmforest.cloud,fabd3109-d3f3-463e-b718-f1eb9a7bdeee,2026-09-10 13:21:01.819000+00:00,2026-09-10 13:46:20.512000+00:00,1519,1175,1,True
2026-09-10 13:26:46.327650+00:00,sess-i9z1ag7jkvmtvk2kqf,c-841cf77d-87df-4fcc-8fb2-62115be35519,beta_A,treat,quest,0.17836242500318655,True,2026-09-06T14:21:45Z,https://calmforest.cloud,fabd3109-d3f3-463e-b718-f1eb9a7bdeee,2026-09-10 13:21:01.819000+00:00,2026-09-10 13:46:20.512000+00:00,1519,1174,1,True
2026-09-10 13:26:53.660057+00:00,sess-i9z1ag7jkvmtvk2kqf,c-841cf77d-87df-4fcc-8fb2-62115be35519,beta_A,treat,quest,0.1708381588854686,True,2026-09-06T14:21:45Z,https://calmforest.cloud,fabd3109-d3f3-463e-b718-f1eb9a7bdeee,2026-09-10 13:21:01.819000+00:00,2026-09-10 13:46:20.512000+00:00,1519,1166,1,True
2026-09-10 13:26:54.144971+00:00,sess-i9z1ag7jkvmtvk2kqf,c-841cf77d-87df-4fcc-8fb2-62115be35519,beta_A,treat,quest,0.1708381588854686,True,2026-09-06T14:21:45Z,https://calmforest.cloud,fabd3109-d3f3-463e-b718-f1eb9a7bdeee,2026-09-10 13:21:01.819000+00:00,2026-09-10 13:46:20.512000+00:00,1519,1166,1,True
2026-09-10 13:26:56.199733+00:00,sess-i9z1ag7jkvmtvk2kqf,c-841cf77d-87df-4fcc-8fb2-62115be35519,beta_A,treat,quest,0.17000078779760638,True,2026-09-06T14:21:45Z,https://calmforest.cloud,fabd3109-d3f3-463e-b718-f1eb9a7bdeee,2026-09-10 13:21:01.819000+00:00,2026-09-10 13:46:20.512000+00:00,1519,1164,1,True
2026-09-10 13:26:57.637145+00:00,sess-i9z1ag7jkvmtvk2kqf,c-841cf77d-87df-4fcc-8fb2-62115be35519,beta_A,treat,quest,0.16983782654076124,True,2026-09-06T14:21:45Z,https://calmforest.cloud,fabd3109-d3f3-463e-b718-f1eb9a7bdeee,2026-09-10 13:21:01.819000+00:00,2026-09-10 13:46:20.512000+00:00,1519,1162,1,True
2026-09-10 13:26:59.217397+00:00,sess-i9z1ag7jkvmtvk2kqf,c-841cf77d-87df-4fcc-8fb2-62115be35519,beta_A,treat,quest,0.16947006756788427,True,2026-09-06T14:21:45Z,https://calmforest.cloud,fabd3109-d3f3-463e-b718-f1eb9a7bdeee,2026-09-10 13:21:01.819000+00:00,2026-09-10 13:46:20.512000+00:00,1519,1161,1,True
2026-09-10 13:27:00.300282+00:00,sess-i9z1ag7jkvmtvk2kqf,c-841cf77d-87df-4fcc-8fb2-62115be35519,beta_A,treat,quest,0.16947006756788427,True,2026-09-06T14:21:45Z,https://calmforest.cloud,fabd3109-d3f3-463e-b718-f1eb9a7bdeee,2026-09-10 13:21:01.819000+00:00,2026-09-10 13:46:20.512000+00:00,1519,1160,1,True
2026-09-10 13:27:01.344186+00:00,sess-i9z1ag7jkvmtvk2kqf,c-841cf77d-87df-4fcc-8fb2-62115be35519,beta_A,treat,quest,0.16839292995418098,True,2026-09-06T14:21:45Z,https://calmforest.cloud,fabd3109-d3f3-463e-b718-f1eb9a7bdeee,2026-09-10 13:21:01.819000+00:00,2026-09-10 13:46:20.512000+00:00,1519,1159,1,True
2026-09-10 13:27:01.812843+00:00,sess-i9z1ag7jkvmtvk2kqf,c-841cf77d-87df-4fcc-8fb2-62115be35519,beta_A,treat,quest,0.16839292995418098,True,2026-09-06T14:21:45Z,https://calmforest.cloud,fabd3109-d3f3-463e-b718-f1eb9a7bdeee,2026-09-10 13:21:01.819000+00:00,2026-09-10 13:46:20.512000+00:00,1519,1158,1,True
2026-09-10 13:27:03.915435+00:00,sess-i9z1ag7jkvmtvk2kqf,c-841cf77d-87df-4fcc-8fb2-62115be35519,beta_A,treat,quest,0.16971807735880198,True,2026-09-06T14:21:45Z,https://calmforest.cloud,fabd3109-d3f3-463e-b718-f1eb9a7bdeee,2026-09-10 13:21:01.819000+00:00,2026-09-10 13:46:20.512000+00:00,1519,1156,1,True
2026-09-10 13:27:04.506759+00:00,sess-i9z1ag7jkvmtvk2kqf,c-841cf77d-87df-4fcc-8fb2-62115be35519,beta_A,treat,quest,0.17062066226304268,True,2026-09-06T14:21:45Z,https://calmforest.cloud,fabd3109-d3f3-463e-b718-f1eb9a7bdeee,2026-09-10 13:21:01.819000+00:00,2026-09-10 13:46:20.512000+00:00,1519,1156,1,True
2026-09-10 13:27:05.812703+00:00,sess-i9z1ag7jkvmtvk2kqf,c-841cf77d-87df-4fcc-8fb2-62115be35519,beta_A,treat,quest,0.17182524926270185,True,2026-09-06T14:21:45Z,https://calmforest.cloud,fabd3109-d3f3-463e-b718-f1eb9a7bdeee,2026-09-10 13:21:01.819000+00:00,2026-09-10 13:46:20.512000+00:00,1519,1154,1,True
2026-09-10 13:27:07.020366+00:00,sess-i9z1ag7jkvmtvk2kqf,c-841cf77d-87df-4fcc-8fb2-62115be35519,beta_A,treat,quest,0.1715976355833245,True,2026-09-06T14:21:45Z,https://calmforest.cloud,fabd3109-d3f3-463e-b718-f1eb9a7bdeee,2026-09-10 13:21:01.819000+00:00,2026-09-10 13:46:20.512000+00:00,1519,1153,1,True
2026-09-10 13:27:07.863567+00:00,sess-i9z1ag7jkvmtvk2kqf,c-841cf77d-87df-4fcc-8fb2-62115be35519,beta_A,treat,quest,0.17013685175103715,True,2026-09-06T14:21:45Z,https://calmforest.cloud,fabd3109-d3f3-463e-b718-f1eb9a7bdeee,2026-09-10 13:21:01.819000+00:00,2026-09-10 13:46:20.512000+00:00,1519,1152,1,True
2026-09-10 13:27:40.760144+00:00,sess-i9z1ag7jkvmtvk2kqf,c-841cf77d-87df-4fcc-8fb2-62115be35519,beta_A,treat,quest,0.16822052925263065,True,2026-09-06T14:21:45Z,https://calmforest.cloud,fabd3109-d3f3-463e-b718-f1eb9a7bdeee,2026-09-10 13:21:01.819000+00:00,2026-09-10 13:46:20.512000+00:00,1519,1119,1,True
2026-09-10 13:27:41.079467+00:00,sess-i9z1ag7jkvmtvk2kqf,c-841cf77d-87df-4fcc-8fb2-62115be35519,beta_A,treat,quest,0.1646698627238622,True,2026-09-06T14:21:45Z,https://calmforest.cloud,fabd3109-d3f3-463e-b718-f1eb9a7bdeee,2026-09-10 13:21:01.819000+00:00,2026-09-10 13:46:20.512000+00:00,1519,1119,1,True
2026-09-10 13:28:52.341493+00:00,sess-i9z1ag7jkvmtvk2kqf,c-841cf77d-87df-4fcc-8fb2-62115be35519,beta_A,treat,quest,0.1699227816139003,True,2026-09-06T14:21:45Z,https://calmforest.cloud,fabd3109-d3f3-463e-b718-f1eb9a7bdeee,2026-09-10 13:21:01.819000+00:00,2026-09-10 13:46:20.512000+00:00,1519,1048,1,True
2026-09-10 13:28:53.019503+00:00,sess-i9z1ag7jkvmtvk2kqf,c-841cf77d-87df-4fcc-8fb2-62115be35519,beta_A,treat,quest,0.14660860522738606,True,2026-09-06T14:21:45Z,https://calmforest.cloud,fabd3109-d3f3-463e-b718-f1eb9a7bdeee,2026-09-10 13:21:01.819000+00:00,2026-09-10 13:46:20.512000+00:00,1519,1047,1,True
2026-09-10 13:28:53.770452+00:00,sess-i9z1ag7jkvmtvk2kqf,c-841cf77d-87df-4fcc-8fb2-62115be35519,beta_A,treat,quest,0.14843381472254508,True,2026-09-06T14:21:45Z,https://calmforest.cloud,fabd3109-d3f3-463e-b718-f1eb9a7bdeee,2026-09-10 13:21:01.819000+00:00,2026-09-10 13:46:20.512000+00:00,1519,1046,1,True
2026-09-10 13:28:54.270428+00:00,sess-i9z1ag7jkvmtvk2kqf,c-841cf77d-87df-4fcc-8fb2-62115be35519,beta_A,treat,quest,0.14843381472254508,True,2026-09-06T14:21:45Z,https://calmforest.cloud,fabd3109-d3f3-463e-b718-f1eb9a7bdeee,2026-09-10 13:21:01.819000+00:00,2026-09-10 13:46:20.512000+00:00,1519,1046,1,True
2026-09-10 13:28:56.593772+00:00,sess-i9z1ag7jkvmtvk2kqf,c-841cf77d-87df-4fcc-8fb2-62115be35519,beta_A,treat,quest,0.1711127238795631,True,2026-09-06T14:21:45Z,https://calmforest.cloud,fabd3109-d3f3-463e-b718-f1eb9a7bdeee,2026-09-10 13:21:01.819000+00:00,2026-09-10 13:46:20.512000+00:00,1519,1043,1,True
2026-09-10 13:28:57.479724+00:00,sess-i9z1ag7jkvmtvk2kqf,c-841cf77d-87df-4fcc-8fb2-62115be35519,beta_A,treat,quest,0.1711127238795631,True,2026-09-06T14:21:45Z,https://calmforest.cloud,fabd3109-d3f3-463e-b718-f1eb9a7bdeee,2026-09-10 13:21:01.819000+00:00,2026-09-10 13:46:20.512000+00:00,1519,1043,1,True
2026-09-10 13:28:59.051589+00:00,sess-i9z1ag7jkvmtvk2kqf,c-841cf77d-87df-4fcc-8fb2-62115be35519,beta_A,treat,quest,0.16818992393174698,True,2026-09-06T14:21:45Z,https://calmforest.cloud,fabd3109-d3f3-463e-b718-f1eb9a7bdeee,2026-09-10 13:21:01.819000+00:00,2026-09-10 13:46:20.512000+00:00,1519,1041,1,True
2026-09-10 13:28:59.669654+00:00,sess-i9z1ag7jkvmtvk2kqf,c-841cf77d-87df-4fcc-8fb2-62115be35519,beta_A,treat,quest,0.16872972619171428,True,2026-09-06T14:21:45Z,https://calmforest.cloud,fabd3109-d3f3-463e-b718-f1eb9a7bdeee,2026-09-10 13:21:01.819000+00:00,2026-09-10 13:46:20.512000+00:00,1519,1040,1,True
2026-09-10 13:29:00.303178+00:00,sess-i9z1ag7jkvmtvk2kqf,c-841cf77d-87df-4fcc-8fb2-62115be35519,beta_A,treat,quest,0.17105164244085605,True,2026-09-06T14:21:45Z,https://calmforest.cloud,fabd3109-d3f3-463e-b718-f1eb9a7bdeee,2026-09-10 13:21:01.819000+00:00,2026-09-10 13:46:20.512000+00:00,1519,1040,1,True
2026-09-10 13:29:02.544271+00:00,sess-i9z1ag7jkvmtvk2kqf,c-841cf77d-87df-4fcc-8fb2-62115be35519,beta_A,treat,quest,0.16624334589520548,True,2026-09-06T14:21:45Z,https://calmforest.cloud,fabd3109-d3f3-463e-b718-f1eb9a7bdeee,2026-09-10 13:21:01.819000+00:00,2026-09-10 13:46:20.512000+00:00,1519,1037,1,True
2026-09-10 13:29:05.112004+00:00,sess-i9z1ag7jkvmtvk2kqf,c-841cf77d-87df-4fcc-8fb2-62115be35519,beta_A,treat,quest,0.17346263402150544,True,2026-09-06T14:21:45Z,https://calmforest.cloud,fabd3109-d3f3-463e-b718-f1eb9a7bdeee,2026-09-10 13:21:01.819000+00:00,2026-09-10 13:46:20.512000+00:00,1519,1035,1,True
2026-09-10 13:29:06.023311+00:00,sess-i9z1ag7jkvmtvk2kqf,c-841cf77d-87df-4fcc-8fb2-62115be35519,beta_A,treat,quest,0.1681239901531801,True,2026-09-06T14:21:45Z,https://calmforest.cloud,fabd3109-d3f3-463e-b718-f1eb9a7bdeee,2026-09-10 13:21:01.819000+00:00,2026-09-10 13:46:20.512000+00:00,1519,1034,1,True
2026-09-10 13:29:29.968089+00:00,sess-i9z1ag7jkvmtvk2kqf,c-841cf77d-87df-4fcc-8fb2-62115be35519,beta_A,treat,quest,0.17304530790010783,True,2026-09-06T14:21:45Z,https://calmforest.cloud,fabd3109-d3f3-463e-b718-f1eb9a7bdeee,2026-09-10 13:21:01.819000+00:00,2026-09-10 13:46:20.512000+00:00,1519,1010,1,True
2026-09-10 13:29:30.973618+00:00,sess-i9z1ag7jkvmtvk2kqf,c-841cf77d-87df-4fcc-8fb2-62115be35519,beta_A,treat,quest,0.14274167363089157,True,2026-09-06T14:21:45Z,https://calmforest.cloud,fabd3109-d3f3-463e-b718-f1eb9a7bdeee,2026-09-10 13:21:01.819000+00:00,2026-09-10 13:46:20.512000+00:00,1519,1009,1,True
2026-09-10 13:29:31.586750+00:00,sess-i9z1ag7jkvmtvk2kqf,c-841cf77d-87df-4fcc-8fb2-62115be35519,beta_A,treat,quest,0.14206741044385773,True,2026-09-06T14:21:45Z,https://calmforest.cloud,fabd3109-d3f3-463e-b718-f1eb9a7bdeee,2026-09-10 13:21:01.819000+00:00,2026-09-10 13:46:20.512000+00:00,1519,1008,1,True
2026-09-10 13:29:32.100432+00:00,sess-i9z1ag7jkvmtvk2kqf,c-841cf77d-87df-4fcc-8fb2-62115be35519,beta_A,treat,quest,0.14142140939086675,True,2026-09-06T14:21:45Z,https://calmforest.cloud,fabd3109-d3f3-463e-b718-f1eb9a7bdeee,2026-09-10 13:21:01.819000+00:00,2026-09-10 13:46:20.512000+00:00,1519,1008,1,True
2026-09-10 13:29:34.287924+00:00,sess-i9z1ag7jkvmtvk2kqf,c-841cf77d-87df-4fcc-8fb2-62115be35519,beta_A,treat,quest,0.1706717228290862,True,2026-09-06T14:21:45Z,https://calmforest.cloud,fabd3109-d3f3-463e-b718-f1eb9a7bdeee,2026-09-10 13:21:01.819000+00:00,2026-09-10 13:46:20.512000+00:00,1519,1006,1,True
2026-09-10 13:29:35.206994+00:00,sess-i9z1ag7jkvmtvk2kqf,c-841cf77d-87df-4fcc-8fb2-62115be35519,beta_A,treat,quest,0.1775293227167834,True,2026-09-06T14:21:45Z,https://calmforest.cloud,fabd3109-d3f3-463e-b718-f1eb9a7bdeee,2026-09-10 13:21:01.819000+00:00,2026-09-10 13:46:20.512000+00:00,1519,1005,1,True
2026-09-10 13:29:35.659155+00:00,sess-i9z1ag7jkvmtvk2kqf,c-841cf77d-87df-4fcc-8fb2-62115be35519,beta_A,treat,quest,0.1775293227167834,True,2026-09-06T14:21:45Z,https://calmforest.cloud,fabd3109-d3f3-463e-b718-f1eb9a7bdeee,2026-09-10 13:21:01.819000+00:00,2026-09-10 13:46:20.512000+00:00,1519,1004,1,True
2026-09-10 13:29:36.096117+00:00,sess-i9z1ag7jkvmtvk2kqf,c-841cf77d-87df-4fcc-8fb2-62115be35519,beta_A,treat,quest,0.1775293227167834,True,2026-09-06T14:21:45Z,https://calmforest.cloud,fabd3109-d3f3-463e-b718-f1eb9a7bdeee,2026-09-10 13:21:01.819000+00:00,2026-09-10 13:46:20.512000+00:00,1519,1004,1,True
2026-09-10 13:29:36.543949+00:00,sess-i9z1ag7jkvmtvk2kqf,c-841cf77d-87df-4fcc-8fb2-62115be35519,beta_A,treat,quest,0.1775293227167834,True,2026-09-06T14:21:45Z,https://calmforest.cloud,fabd3109-d3f3-463e-b718-f1eb9a7bdeee,2026-09-10 13:21:01.819000+00:00,2026-09-10 13:46:20.512000+00:00,1519,1003,1,True
2026-09-10 13:29:37.420937+00:00,sess-i9z1ag7jkvmtvk2kqf,c-841cf77d-87df-4fcc-8fb2-62115be35519,beta_A,treat,quest,0.1775293227167834,True,2026-09-06T14:21:45Z,https://calmforest.cloud,fabd3109-d3f3-463e-b718-f1eb9a7bdeee,2026-09-10 13:21:01.819000+00:00,2026-09-10 13:46:20.512000+00:00,1519,1003,1,True
2026-09-10 13:29:47.886863+00:00,sess-i9z1ag7jkvmtvk2kqf,c-841cf77d-87df-4fcc-8fb2-62115be35519,beta_A,treat,quest,0.170661272930248,True,2026-09-06T14:21:45Z,https://calmforest.cloud,fabd3109-d3f3-463e-b718-f1eb9a7bdeee,2026-09-10 13:21:01.819000+00:00,2026-09-10 13:46:20.512000+00:00,1519,992,1,True
2026-09-10 13:29:48.850011+00:00,sess-i9z1ag7jkvmtvk2kqf,c-841cf77d-87df-4fcc-8fb2-62115be35519,beta_A,treat,quest,0.14433539456080788,True,2026-09-06T14:21:45Z,https://calmforest.cloud,fabd3109-d3f3-463e-b718-f1eb9a7bdeee,2026-09-10 13:21:01.819000+00:00,2026-09-10 13:46:20.512000+00:00,1519,991,1,True
2026-09-10 13:30:03.269721+00:00,sess-i9z1ag7jkvmtvk2kqf,c-841cf77d-87df-4fcc-8fb2-62115be35519,beta_A,treat,quest,0.1708244700765516,True,2026-09-06T14:21:45Z,https://calmforest.cloud,fabd3109-d3f3-463e-b718-f1eb9a7bdeee,2026-09-10 13:21:01.819000+00:00,2026-09-10 13:46:20.512000+00:00,1519,977,1,True
2026-09-10 13:30:04.539394+00:00,sess-i9z1ag7jkvmtvk2kqf,c-841cf77d-87df-4fcc-8fb2-62115be35519,beta_A,treat,quest,0.15329064690468838,True,2026-09-06T14:21:45Z,https://calmforest.cloud,fabd3109-d3f3-463e-b718-f1eb9a7bdeee,2026-09-10 13:21:01.819000+00:00,2026-09-10 13:46:20.512000+00:00,1519,975,1,True
2026-09-10 13:30:05.181056+00:00,sess-i9z1ag7jkvmtvk2kqf,c-841cf77d-87df-4fcc-8fb2-62115be35519,beta_A,treat,quest,0.15329064690468838,True,2026-09-06T14:21:45Z,https://calmforest.cloud,fabd3109-d3f3-463e-b718-f1eb9a7bdeee,2026-09-10 13:21:01.819000+00:00,2026-09-10 13:46:20.512000+00:00,1519,975,1,True
2026-09-10 13:30:05.738089+00:00,sess-i9z1ag7jkvmtvk2kqf,c-841cf77d-87df-4fcc-8fb2-62115be35519,beta_A,treat,quest,0.15329064690468838,True,2026-09-06T14:21:45Z,https://calmforest.cloud,fabd3109-d3f3-463e-b718-f1eb9a7bdeee,2026-09-10 13:21:01.819000+00:00,2026-09-10 13:46:20.512000+00:00,1519,974,1,True
2026-09-10 13:30:05.929760+00:00,sess-i9z1ag7jkvmtvk2kqf,c-841cf77d-87df-4fcc-8fb2-62115be35519,beta_A,treat,quest,0.15329064690468838,True,2026-09-06T14:21:45Z,https://calmforest.cloud,fabd3109-d3f3-463e-b718-f1eb9a7bdeee,2026-09-10 13:21:01.819000+00:00,2026-09-10 13:46:20.512000+00:00,1519,974,1,True
2026-09-10 13:30:06.325192+00:00,sess-i9z1ag7jkvmtvk2kqf,c-841cf77d-87df-4fcc-8fb2-62115be35519,beta_A,treat,quest,0.15217592530349947,True,2026-09-06T14:21:45Z,https://calmforest.cloud,fabd3109-d3f3-463e-b718-f1eb9a7bdeee,2026-09-10 13:21:01.819000+00:00,2026-09-10 13:46:20.512000+00:00,1519,974,1,True
2026-09-10 13:30:07.536033+00:00,sess-i9z1ag7jkvmtvk2kqf,c-841cf77d-87df-4fcc-8fb2-62115be35519,beta_A,treat,quest,0.1519336359559066,True,2026-09-06T14:21:45Z,https://calmforest.cloud,fabd3109-d3f3-463e-b718-f1eb9a7bdeee,2026-09-10 13:21:01.819000+00:00,2026-09-10 13:46:20.512000+00:00,1519,972,1,True
2026-09-10 13:30:07.998943+00:00,sess-i9z1ag7jkvmtvk2kqf,c-841cf77d-87df-4fcc-8fb2-62115be35519,beta_A,treat,quest,0.1551654708777367,True,2026-09-06T14:21:45Z,https://calmforest.cloud,fabd3109-d3f3-463e-b718-f1eb9a7bdeee,2026-09-10 13:21:01.819000+00:00,2026-09-10 13:46:20.512000+00:00,1519,972,1,True
2026-09-10 13:30:09.346028+00:00,sess-i9z1ag7jkvmtvk2kqf,c-841cf77d-87df-4fcc-8fb2-62115be35519,beta_A,treat,quest,0.15242131461489167,True,2026-09-06T14:21:45Z,https://calmforest.cloud,fabd3109-d3f3-463e-b718-f1eb9a7bdeee,2026-09-10 13:21:01.819000+00:00,2026-09-10 13:46:20.512000+00:00,1519,971,1,True
2026-09-10 13:30:23.965381+00:00,sess-i9z1ag7jkvmtvk2kqf,c-841cf77d-87df-4fcc-8fb2-62115be35519,beta_A,treat,quest,0.17418646606358765,True,2026-09-06T14:21:45Z,https://calmforest.cloud,fabd3109-d3f3-463e-b718-f1eb9a7bdeee,2026-09-10 13:21:01.819000+00:00,2026-09-10 13:46:20.512000+00:00,1519,956,1,True
2026-09-10 13:30:24.214189+00:00,sess-i9z1ag7jkvmtvk2kqf,c-841cf77d-87df-4fcc-8fb2-62115be35519,beta_A,treat,quest,0.17301748509225376,True,2026-09-06T14:21:45Z,https://calmforest.cloud,fabd3109-d3f3-463e-b718-f1eb9a7bdeee,2026-09-10 13:21:01.819000+00:00,2026-09-10 13:46:20.512000+00:00,1519,956,1,True
2026-09-10 13:30:25.435067+00:00,sess-i9z1ag7jkvmtvk2kqf,c-841cf77d-87df-4fcc-8fb2-62115be35519,beta_A,treat,quest,0.15516003758402389,True,2026-09-06T14:21:45Z,https://calmforest.cloud,fabd3109-d3f3-463e-b718-f1eb9a7bdeee,2026-09-10 13:21:01.819000+00:00,2026-09-10 13:46:20.512000+00:00,1519,955,1,True
2026-09-10 13:30:26.429038+00:00,sess-i9z1ag7jkvmtvk2kqf,c-841cf77d-87df-4fcc-8fb2-62115be35519,beta_A,treat,quest,0.15484832859511988,True,2026-09-06T14:21:45Z,https://calmforest.cloud,fabd3109-d3f3-463e-b718-f1eb9a7bdeee,2026-09-10 13:21:01.819000+00:00,2026-09-10 13:46:20.512000+00:00,1519,954,1,True
2026-09-10 13:30:26.938947+00:00,sess-i9z1ag7jkvmtvk2kqf,c-841cf77d-87df-4fcc-8fb2-62115be35519,beta_A,treat,quest,0.15320508695588234,True,2026-09-06T14:21:45Z,https://calmforest.cloud,fabd3109-d3f3-463e-b718-f1eb9a7bdeee,2026-09-10 13:21:01.819000+00:00,2026-09-10 13:46:20.512000+00:00,1519,953,1,True
2026-09-10 13:30:50.789760+00:00,sess-i9z1ag7jkvmtvk2kqf,c-841cf77d-87df-4fcc-8fb2-62115be35519,beta_A,treat,quest,0.17083744537557002,True,2026-09-06T14:21:45Z,https://calmforest.cloud,fabd3109-d3f3-463e-b718-f1eb9a7bdeee,2026-09-10 13:21:01.819000+00:00,2026-09-10 13:46:20.512000+00:00,1519,929,1,True
2026-09-10 13:31:06.095857+00:00,sess-i9z1ag7jkvmtvk2kqf,c-841cf77d-87df-4fcc-8fb2-62115be35519,beta_A,treat,quest,0.16496596001440436,True,2026-09-06T14:21:45Z,https://calmforest.cloud,fabd3109-d3f3-463e-b718-f1eb9a7bdeee,2026-09-10 13:21:01.819000+00:00,2026-09-10 13:46:20.512000+00:00,1519,914,1,True
2026-09-10 13:31:07.151089+00:00,sess-i9z1ag7jkvmtvk2kqf,c-841cf77d-87df-4fcc-8fb2-62115be35519,beta_A,treat,quest,0.14309707840331154,True,2026-09-06T14:21:45Z,https://calmforest.cloud,fabd3109-d3f3-463e-b718-f1eb9a7bdeee,2026-09-10 13:21:01.819000+00:00,2026-09-10 13:46:20.512000+00:00,1519,913,1,True
2026-09-10 13:31:09.542426+00:00,sess-i9z1ag7jkvmtvk2kqf,c-841cf77d-87df-4fcc-8fb2-62115be35519,beta_A,treat,quest,0.1720725405892859,True,2026-09-06T14:21:45Z,https://calmforest.cloud,fabd3109-d3f3-463e-b718-f1eb9a7bdeee,2026-09-10 13:21:01.819000+00:00,2026-09-10 13:46:20.512000+00:00,1519,910,1,True
2026-09-10 13:31:10.707778+00:00,sess-i9z1ag7jkvmtvk2kqf,c-841cf77d-87df-4fcc-8fb2-62115be35519,beta_A,treat,quest,0.1744154260668652,True,2026-09-06T14:21:45Z,https://calmforest.cloud,fabd3109-d3f3-463e-b718-f1eb9a7bdeee,2026-09-10 13:21:01.819000+00:00,2026-09-10 13:46:20.512000+00:00,1519,909,1,True
2026-09-10 13:31:11.410407+00:00,sess-i9z1ag7jkvmtvk2kqf,c-841cf77d-87df-4fcc-8fb2-62115be35519,beta_A,treat,quest,0.17667414744067786,True,2026-09-06T14:21:45Z,https://calmforest.cloud,fabd3109-d3f3-463e-b718-f1eb9a7bdeee,2026-09-10 13:21:01.819000+00:00,2026-09-10 13:46:20.512000+00:00,1519,909,1,True
2026-09-10 13:31:12.515871+00:00,sess-i9z1ag7jkvmtvk2kqf,c-841cf77d-87df-4fcc-8fb2-62115be35519,beta_A,treat,quest,0.1708108059506615,True,2026-09-06T14:21:45Z,https://calmforest.cloud,fabd3109-d3f3-463e-b718-f1eb9a7bdeee,2026-09-10 13:21:01.819000+00:00,2026-09-10 13:46:20.512000+00:00,1519,907,1,True
2026-09-10 13:32:04.168876+00:00,sess-i9z1ag7jkvmtvk2kqf,c-841cf77d-87df-4fcc-8fb2-62115be35519,beta_A,treat,quest,0.1723655819161904,True,2026-09-06T14:21:45Z,https://calmforest.cloud,fabd3109-d3f3-463e-b718-f1eb9a7bdeee,2026-09-10 13:21:01.819000+00:00,2026-09-10 13:46:20.512000+00:00,1519,856,1,True
2026-09-10 13:32:04.332867+00:00,sess-i9z1ag7jkvmtvk2kqf,c-841cf77d-87df-4fcc-8fb2-62115be35519,beta_A,treat,quest,0.16707114001973064,True,2026-09-06T14:21:45Z,https://calmforest.cloud,fabd3109-d3f3-463e-b718-f1eb9a7bdeee,2026-09-10 13:21:01.819000+00:00,2026-09-10 13:46:20.512000+00:00,1519,856,1,True
2026-09-10 13:32:05.159690+00:00,sess-i9z1ag7jkvmtvk2kqf,c-841cf77d-87df-4fcc-8fb2-62115be35519,beta_A,treat,quest,0.16685909684604994,True,2026-09-06T14:21:45Z,https://calmforest.cloud,fabd3109-d3f3-463e-b718-f1eb9a7bdeee,2026-09-10 13:21:01.819000+00:00,2026-09-10 13:46:20.512000+00:00,1519,855,1,True
2026-09-10 13:32:06.651678+00:00,sess-i9z1ag7jkvmtvk2kqf,c-841cf77d-87df-4fcc-8fb2-62115be35519,beta_A,treat,quest,0.14925615255266797,True,2026-09-06T14:21:45Z,https://calmforest.cloud,fabd3109-d3f3-463e-b718-f1eb9a7bdeee,2026-09-10 13:21:01.819000+00:00,2026-09-10 13:46:20.512000+00:00,1519,853,1,True
2026-09-10 13:32:08.919542+00:00,sess-i9z1ag7jkvmtvk2kqf,c-841cf77d-87df-4fcc-8fb2-62115be35519,beta_A,treat,quest,0.15102136616286,True,2026-09-06T14:21:45Z,https://calmforest.cloud,fabd3109-d3f3-463e-b718-f1eb9a7bdeee,2026-09-10 13:21:01.819000+00:00,2026-09-10 13:46:20.512000+00:00,1519,851,1,True
2026-09-10 13:32:18.250794+00:00,sess-i9z1ag7jkvmtvk2kqf,c-841cf77d-87df-4fcc-8fb2-62115be35519,beta_A,treat,quest,0.17230923226518668,True,2026-09-06T14:21:45Z,https://calmforest.cloud,fabd3109-d3f3-463e-b718-f1eb9a7bdeee,2026-09-10 13:21:01.819000+00:00,2026-09-10 13:46:20.512000+00:00,1519,842,1,True
2026-09-10 13:32:19.080245+00:00,sess-i9z1ag7jkvmtvk2kqf,c-841cf77d-87df-4fcc-8fb2-62115be35519,beta_A,treat,quest,0.16629243998275406,True,2026-09-06T14:21:45Z,https://calmforest.cloud,fabd3109-d3f3-463e-b718-f1eb9a7bdeee,2026-09-10 13:21:01.819000+00:00,2026-09-10 13:46:20.512000+00:00,1519,841,1,True
2026-09-10 13:32:19.712459+00:00,sess-i9z1ag7jkvmtvk2kqf,c-841cf77d-87df-4fcc-8fb2-62115be35519,beta_A,treat,quest,0.16629243998275406,True,2026-09-06T14:21:45Z,https://calmforest.cloud,fabd3109-d3f3-463e-b718-f1eb9a7bdeee,2026-09-10 13:21:01.819000+00:00,2026-09-10 13:46:20.512000+00:00,1519,840,1,True
2026-09-10 13:32:20.543677+00:00,sess-i9z1ag7jkvmtvk2kqf,c-841cf77d-87df-4fcc-8fb2-62115be35519,beta_A,treat,quest,0.16629243998275406,True,2026-09-06T14:21:45Z,https://calmforest.cloud,fabd3109-d3f3-463e-b718-f1eb9a7bdeee,2026-09-10 13:21:01.819000+00:00,2026-09-10 13:46:20.512000+00:00,1519,839,1,True
2026-09-10 13:32:41.870296+00:00,sess-i9z1ag7jkvmtvk2kqf,c-841cf77d-87df-4fcc-8fb2-62115be35519,beta_A,treat,quest,0.17828112392207873,True,2026-09-06T14:21:45Z,https://calmforest.cloud,fabd3109-d3f3-463e-b718-f1eb9a7bdeee,2026-09-10 13:21:01.819000+00:00,2026-09-10 13:46:20.512000+00:00,1519,818,1,True
2026-09-10 13:32:42.971672+00:00,sess-i9z1ag7jkvmtvk2kqf,c-841cf77d-87df-4fcc-8fb2-62115be35519,beta_A,treat,quest,0.177599592354172,True,2026-09-06T14:21:45Z,https://calmforest.cloud,fabd3109-d3f3-463e-b718-f1eb9a7bdeee,2026-09-10 13:21:01.819000+00:00,2026-09-10 13:46:20.512000+00:00,1519,817,1,True
2026-09-10 13:32:43.767912+00:00,sess-i9z1ag7jkvmtvk2kqf,c-841cf77d-87df-4fcc-8fb2-62115be35519,beta_A,treat,quest,0.17696807045737556,True,2026-09-06T14:21:45Z,https://calmforest.cloud,fabd3109-d3f3-463e-b718-f1eb9a7bdeee,2026-09-10 13:21:01.819000+00:00,2026-09-10 13:46:20.512000+00:00,1519,816,1,True
2026-09-10 13:32:44.987197+00:00,sess-i9z1ag7jkvmtvk2kqf,c-841cf77d-87df-4fcc-8fb2-62115be35519,beta_A,treat,quest,0.1767627851711826,True,2026-09-06T14:21:45Z,https://calmforest.cloud,fabd3109-d3f3-463e-b718-f1eb9a7bdeee,2026-09-10 13:21:01.819000+00:00,2026-09-10 13:46:20.512000+00:00,1519,815,1,True
2026-09-10 13:32:49.929630+00:00,sess-i9z1ag7jkvmtvk2kqf,c-841cf77d-87df-4fcc-8fb2-62115be35519,beta_A,treat,quest,0.17502676264258932,True,2026-09-06T14:21:45Z,https://calmforest.cloud,fabd3109-d3f3-463e-b718-f1eb9a7bdeee,2026-09-10 13:21:01.819000+00:00,2026-09-10 13:46:20.512000+00:00,1519,810,1,True
2026-09-10 13:32:50.617885+00:00,sess-i9z1ag7jkvmtvk2kqf,c-841cf77d-87df-4fcc-8fb2-62115be35519,beta_A,treat,quest,0.17339749504287014,True,2026-09-06T14:21:45Z,https://calmforest.cloud,fabd3109-d3f3-463e-b718-f1eb9a7bdeee,2026-09-10 13:21:01.819000+00:00,2026-09-10 13:46:20.512000+00:00,1519,809,1,True
2026-09-10 13:32:51.633281+00:00,sess-i9z1ag7jkvmtvk2kqf,c-841cf77d-87df-4fcc-8fb2-62115be35519,beta_A,treat,quest,0.17153172890637136,True,2026-09-06T14:21:45Z,https://calmforest.cloud,fabd3109-d3f3-463e-b718-f1eb9a7bdeee,2026-09-10 13:21:01.819000+00:00,2026-09-10 13:46:20.512000+00:00,1519,808,1,True
2026-09-10 13:32:52.565882+00:00,sess-i9z1ag7jkvmtvk2kqf,c-841cf77d-87df-4fcc-8fb2-62115be35519,beta_A,treat,quest,0.17120901236967195,True,2026-09-06T14:21:45Z,https://calmforest.cloud,fabd3109-d3f3-463e-b718-f1eb9a7bdeee,2026-09-10 13:21:01.819000+00:00,2026-09-10 13:46:20.512000+00:00,1519,807,1,True
2026-09-10 13:33:23.448613+00:00,sess-i9z1ag7jkvmtvk2kqf,c-841cf77d-87df-4fcc-8fb2-62115be35519,beta_A,treat,quest,0.18294987345124172,True,2026-09-06T14:21:45Z,https://calmforest.cloud,fabd3109-d3f3-463e-b718-f1eb9a7bdeee,2026-09-10 13:21:01.819000+00:00,2026-09-10 13:46:20.512000+00:00,1519,777,1,True
2026-09-10 13:33:24.204390+00:00,sess-i9z1ag7jkvmtvk2kqf,c-841cf77d-87df-4fcc-8fb2-62115be35519,beta_A,treat,quest,0.18215444236787767,True,2026-09-06T14:21:45Z,https://calmforest.cloud,fabd3109-d3f3-463e-b718-f1eb9a7bdeee,2026-09-10 13:21:01.819000+00:00,2026-09-10 13:46:20.512000+00:00,1519,776,1,True
2026-09-10 13:40:25.433509+00:00,sess-bs1gsjq3hh9mtvkr175,c-8fa178a3-df51-4017-afd8-5ed16f887270,beta_A,control,time15,0.12122294006958152,False,2026-09-06T14:21:45Z,https://calmforest.cloud,dba0c17e-cf7b-4fbc-be57-0f88d08029da,2026-09-10 13:40:02.900000+00:00,2026-09-10 13:56:04.402000+00:00,962,938,1,False
2026-09-10 13:40:41.047408+00:00,sess-bs1gsjq3hh9mtvkr175,c-8fa178a3-df51-4017-afd8-5ed16f887270,beta_A,control,quest,0.009172396151397502,False,2026-09-06T14:21:45Z,https://calmforest.cloud,dba0c17e-cf7b-4fbc-be57-0f88d08029da,2026-09-10 13:40:02.900000+00:00,2026-09-10 13:56:04.402000+00:00,962,923,1,False
2026-09-10 13:40:43.252081+00:00,sess-bs1gsjq3hh9mtvkr175,c-8fa178a3-df51-4017-afd8-5ed16f887270,beta_A,control,quest,0.08927695546983026,False,2026-09-06T14:21:45Z,https://calmforest.cloud,dba0c17e-cf7b-4fbc-be57-0f88d08029da,2026-09-10 13:40:02.900000+00:00,2026-09-10 13:56:04.402000+00:00,962,921,1,False
2026-09-10 13:41:29.080261+00:00,sess-0lhyiv889ivmtvksiyj,c-d31b92eb-cce5-4783-a979-2668d6723d6e,beta_A,treat,time15,0.2776706326137994,False,2026-09-06T14:21:45Z,https://calmforest.cloud,d6ccb4ea-a790-4733-89ee-9b78aaa277c7,2026-09-10 13:41:12.575000+00:00,2026-09-10 14:06:32.910000+00:00,1520,1503,1,False
2026-09-10 13:41:31.266293+00:00,sess-0lhyiv889ivmtvksiyj,c-d31b92eb-cce5-4783-a979-2668d6723d6e,beta_A,treat,quest,0.1681928772800445,True,2026-09-06T14:21:45Z,https://calmforest.cloud,d6ccb4ea-a790-4733-89ee-9b78aaa277c7,2026-09-10 13:41:12.575000+00:00,2026-09-10 14:06:32.910000+00:00,1520,1501,1,True
2026-09-10 13:41:32.099936+00:00,sess-0lhyiv889ivmtvksiyj,c-d31b92eb-cce5-4783-a979-2668d6723d6e,beta_A,treat,quest,0.1681928772800445,True,2026-09-06T14:21:45Z,https://calmforest.cloud,d6ccb4ea-a790-4733-89ee-9b78aaa277c7,2026-09-10 13:41:12.575000+00:00,2026-09-10 14:06:32.910000+00:00,1520,1500,1,True
2026-09-10 13:41:49.992279+00:00,sess-bs1gsjq3hh9mtvkr175,c-8fa178a3-df51-4017-afd8-5ed16f887270,beta_A,control,quest,0.13681490177875186,False,2026-09-06T14:21:45Z,https://calmforest.cloud,dba0c17e-cf7b-4fbc-be57-0f88d08029da,2026-09-10 13:40:02.900000+00:00,2026-09-10 13:56:04.402000+00:00,962,854,1,False
2026-09-10 13:41:50.947964+00:00,sess-bs1gsjq3hh9mtvkr175,c-8fa178a3-df51-4017-afd8-5ed16f887270,beta_A,control,quest,0.15429381247317248,True,2026-09-06T14:21:45Z,https://calmforest.cloud,dba0c17e-cf7b-4fbc-be57-0f88d08029da,2026-09-10 13:40:02.900000+00:00,2026-09-10 13:56:04.402000+00:00,962,853,1,True
2026-09-10 13:41:51.397451+00:00,sess-bs1gsjq3hh9mtvkr175,c-8fa178a3-df51-4017-afd8-5ed16f887270,beta_A,control,quest,0.16159793607977552,True,2026-09-06T14:21:45Z,https://calmforest.cloud,dba0c17e-cf7b-4fbc-be57-0f88d08029da,2026-09-10 13:40:02.900000+00:00,2026-09-10 13:56:04.402000+00:00,962,853,1,True
2026-09-10 13:41:51.854290+00:00,sess-bs1gsjq3hh9mtvkr175,c-8fa178a3-df51-4017-afd8-5ed16f887270,beta_A,control,quest,0.15203662790056702,True,2026-09-06T14:21:45Z,https://calmforest.cloud,dba0c17e-cf7b-4fbc-be57-0f88d08029da,2026-09-10 13:40:02.900000+00:00,2026-09-10 13:56:04.402000+00:00,962,852,1,True
2026-09-10 13:41:53.725746+00:00,sess-bs1gsjq3hh9mtvkr175,c-8fa178a3-df51-4017-afd8-5ed16f887270,beta_A,control,quest,0.1643001623223524,True,2026-09-06T14:21:45Z,https://calmforest.cloud,dba0c17e-cf7b-4fbc-be57-0f88d08029da,2026-09-10 13:40:02.900000+00:00,2026-09-10 13:56:04.402000+00:00,962,850,1,True
2026-09-10 13:42:00.190774+00:00,sess-bs1gsjq3hh9mtvkr175,c-8fa178a3-df51-4017-afd8-5ed16f887270,beta_A,control,quest,0.17110227485737406,True,2026-09-06T14:21:45Z,https://calmforest.cloud,dba0c17e-cf7b-4fbc-be57-0f88d08029da,2026-09-10 13:40:02.900000+00:00,2026-09-10 13:56:04.402000+00:00,962,844,1,True
2026-09-10 13:42:01.244821+00:00,sess-bs1gsjq3hh9mtvkr175,c-8fa178a3-df51-4017-afd8-5ed16f887270,beta_A,control,quest,0.17122865869274265,True,2026-09-06T14:21:45Z,https://calmforest.cloud,dba0c17e-cf7b-4fbc-be57-0f88d08029da,2026-09-10 13:40:02.900000+00:00,2026-09-10 13:56:04.402000+00:00,962,843,1,True
2026-09-10 13:42:02.224252+00:00,sess-bs1gsjq3hh9mtvkr175,c-8fa178a3-df51-4017-afd8-5ed16f887270,beta_A,control,quest,0.17122865869274265,True,2026-09-06T14:21:45Z,https://calmforest.cloud,dba0c17e-cf7b-4fbc-be57-0f88d08029da,2026-09-10 13:40:02.900000+00:00,2026-09-10 13:56:04.402000+00:00,962,842,1,True
2026-09-10 13:42:03.540614+00:00,sess-0lhyiv889ivmtvksiyj,c-d31b92eb-cce5-4783-a979-2668d6723d6e,beta_A,treat,quest,0.17117492800091136,True,2026-09-06T14:21:45Z,https://calmforest.cloud,d6ccb4ea-a790-4733-89ee-9b78aaa277c7,2026-09-10 13:41:12.575000+00:00,2026-09-10 14:06:32.910000+00:00,1520,1469,1,True
2026-09-10 13:42:04.414174+00:00,sess-bs1gsjq3hh9mtvkr175,c-8fa178a3-df51-4017-afd8-5ed16f887270,beta_A,control,quest,0.17496555053693527,True,2026-09-06T14:21:45Z,https://calmforest.cloud,dba0c17e-cf7b-4fbc-be57-0f88d08029da,2026-09-10 13:40:02.900000+00:00,2026-09-10 13:56:04.402000+00:00,962,839,1,True
2026-09-10 13:42:04.945277+00:00,sess-0lhyiv889ivmtvksiyj,c-d31b92eb-cce5-4783-a979-2668d6723d6e,beta_A,treat,quest,0.16684996101837984,True,2026-09-06T14:21:45Z,https://calmforest.cloud,d6ccb4ea-a790-4733-89ee-9b78aaa277c7,2026-09-10 13:41:12.575000+00:00,2026-09-10 14:06:32.910000+00:00,1520,1467,1,True
2026-09-10 13:42:05.730533+00:00,sess-0lhyiv889ivmtvksiyj,c-d31b92eb-cce5-4783-a979-2668d6723d6e,beta_A,treat,quest,0.16795400586517512,True,2026-09-06T14:21:45Z,https://calmforest.cloud,d6ccb4ea-a790-4733-89ee-9b78aaa277c7,2026-09-10 13:41:12.575000+00:00,2026-09-10 14:06:32.910000+00:00,1520,1467,1,True
2026-09-10 13:42:06.557165+00:00,sess-0lhyiv889ivmtvksiyj,c-d31b92eb-cce5-4783-a979-2668d6723d6e,beta_A,treat,quest,0.16795400586517512,True,2026-09-06T14:21:45Z,https://calmforest.cloud,d6ccb4ea-a790-4733-89ee-9b78aaa277c7,2026-09-10 13:41:12.575000+00:00,2026-09-10 14:06:32.910000+00:00,1520,1466,1,True
2026-09-10 13:42:10.527656+00:00,sess-0lhyiv889ivmtvksiyj,c-d31b92eb-cce5-4783-a979-2668d6723d6e,beta_A,treat,quest,0.17132971323703375,True,2026-09-06T14:21:45Z,https://calmforest.cloud,d6ccb4ea-a790-4733-89ee-9b78aaa277c7,2026-09-10 13:41:12.575000+00:00,2026-09-10 14:06:32.910000+00:00,1520,1462,1,True
2026-09-10 13:42:11.539921+00:00,sess-0lhyiv889ivmtvksiyj,c-d31b92eb-cce5-4783-a979-2668d6723d6e,beta_A,treat,quest,0.1699379489376409,True,2026-09-06T14:21:45Z,https://calmforest.cloud,d6ccb4ea-a790-4733-89ee-9b78aaa277c7,2026-09-10 13:41:12.575000+00:00,2026-09-10 14:06:32.910000+00:00,1520,1461,1,True
2026-09-10 13:42:14.395823+00:00,sess-0lhyiv889ivmtvksiyj,c-d31b92eb-cce5-4783-a979-2668d6723d6e,beta_A,treat,quest,0.17043869086704533,True,2026-09-06T14:21:45Z,https://calmforest.cloud,d6ccb4ea-a790-4733-89ee-9b78aaa277c7,2026-09-10 13:41:12.575000+00:00,2026-09-10 14:06:32.910000+00:00,1520,1458,1,True
2026-09-10 13:42:15.169209+00:00,sess-0lhyiv889ivmtvksiyj,c-d31b92eb-cce5-4783-a979-2668d6723d6e,beta_A,treat,quest,0.17043869086704533,True,2026-09-06T14:21:45Z,https://calmforest.cloud,d6ccb4ea-a790-4733-89ee-9b78aaa277c7,2026-09-10 13:41:12.575000+00:00,2026-09-10 14:06:32.910000+00:00,1520,1457,1,True
2026-09-10 13:42:17.998840+00:00,sess-0lhyiv889ivmtvksiyj,c-d31b92eb-cce5-4783-a979-2668d6723d6e,beta_A,treat,quest,0.1754410810689402,True,2026-09-06T14:21:45Z,https://calmforest.cloud,d6ccb4ea-a790-4733-89ee-9b78aaa277c7,2026-09-10 13:41:12.575000+00:00,2026-09-10 14:06:32.910000+00:00,1520,1454,1,True
2026-09-10 13:42:18.228179+00:00,sess-0lhyiv889ivmtvksiyj,c-d31b92eb-cce5-4783-a979-2668d6723d6e,beta_A,treat,quest,0.17184295981220704,True,2026-09-06T14:21:45Z,https://calmforest.cloud,d6ccb4ea-a790-4733-89ee-9b78aaa277c7,2026-09-10 13:41:12.575000+00:00,2026-09-10 14:06:32.910000+00:00,1520,1454,1,True
2026-09-10 13:42:18.963776+00:00,sess-0lhyiv889ivmtvksiyj,c-d31b92eb-cce5-4783-a979-2668d6723d6e,beta_A,treat,quest,0.17184295981220704,True,2026-09-06T14:21:45Z,https://calmforest.cloud,d6ccb4ea-a790-4733-89ee-9b78aaa277c7,2026-09-10 13:41:12.575000+00:00,2026-09-10 14:06:32.910000+00:00,1520,1453,1,True
2026-09-10 13:42:19.461316+00:00,sess-0lhyiv889ivmtvksiyj,c-d31b92eb-cce5-4783-a979-2668d6723d6e,beta_A,treat,quest,0.17184295981220704,True,2026-09-06T14:21:45Z,https://calmforest.cloud,d6ccb4ea-a790-4733-89ee-9b78aaa277c7,2026-09-10 13:41:12.575000+00:00,2026-09-10 14:06:32.910000+00:00,1520,1453,1,True
2026-09-10 13:42:20.192904+00:00,sess-0lhyiv889ivmtvksiyj,c-d31b92eb-cce5-4783-a979-2668d6723d6e,beta_A,treat,quest,0.17166157188460507,True,2026-09-06T14:21:45Z,https://calmforest.cloud,d6ccb4ea-a790-4733-89ee-9b78aaa277c7,2026-09-10 13:41:12.575000+00:00,2026-09-10 14:06:32.910000+00:00,1520,1452,1,True
2026-09-10 13:42:20.425709+00:00,sess-0lhyiv889ivmtvksiyj,c-d31b92eb-cce5-4783-a979-2668d6723d6e,beta_A,treat,quest,0.17148436601805472,True,2026-09-06T14:21:45Z,https://calmforest.cloud,d6ccb4ea-a790-4733-89ee-9b78aaa277c7,2026-09-10 13:41:12.575000+00:00,2026-09-10 14:06:32.910000+00:00,1520,1452,1,True
2026-09-10 13:42:21.602227+00:00,sess-0lhyiv889ivmtvksiyj,c-d31b92eb-cce5-4783-a979-2668d6723d6e,beta_A,treat,quest,0.17588682460330043,True,2026-09-06T14:21:45Z,https://calmforest.cloud,d6ccb4ea-a790-4733-89ee-9b78aaa277c7,2026-09-10 13:41:12.575000+00:00,2026-09-10 14:06:32.910000+00:00,1520,1451,1,True
2026-09-10 13:42:22.161980+00:00,sess-0lhyiv889ivmtvksiyj,c-d31b92eb-cce5-4783-a979-2668d6723d6e,beta_A,treat,quest,0.17588682460330043,True,2026-09-06T14:21:45Z,https://calmforest.cloud,d6ccb4ea-a790-4733-89ee-9b78aaa277c7,2026-09-10 13:41:12.575000+00:00,2026-09-10 14:06:32.910000+00:00,1520,1450,1,True
2026-09-10 13:42:22.425103+00:00,sess-0lhyiv889ivmtvksiyj,c-d31b92eb-cce5-4783-a979-2668d6723d6e,beta_A,treat,quest,0.17588682460330043,True,2026-09-06T14:21:45Z,https://calmforest.cloud,d6ccb4ea-a790-4733-89ee-9b78aaa277c7,2026-09-10 13:41:12.575000+00:00,2026-09-10 14:06:32.910000+00:00,1520,1450,1,True
2026-09-10 13:42:29.039019+00:00,sess-bs1gsjq3hh9mtvkr175,c-8fa178a3-df51-4017-afd8-5ed16f887270,beta_A,control,quest,0.1502602284084187,True,2026-09-06T14:21:45Z,https://calmforest.cloud,dba0c17e-cf7b-4fbc-be57-0f88d08029da,2026-09-10 13:40:02.900000+00:00,2026-09-10 13:56:04.402000+00:00,962,815,1,True
2026-09-10 13:42:30.603878+00:00,sess-bs1gsjq3hh9mtvkr175,c-8fa178a3-df51-4017-afd8-5ed16f887270,beta_A,control,quest,0.15797872988552406,True,2026-09-06T14:21:45Z,https://calmforest.cloud,dba0c17e-cf7b-4fbc-be57-0f88d08029da,2026-09-10 13:40:02.900000+00:00,2026-09-10 13:56:04.402000+00:00,962,813,1,True
2026-09-10 13:42:31.763755+00:00,sess-0lhyiv889ivmtvksiyj,c-d31b92eb-cce5-4783-a979-2668d6723d6e,beta_A,treat,quest,0.17245390185538648,True,2026-09-06T14:21:45Z,https://calmforest.cloud,d6ccb4ea-a790-4733-89ee-9b78aaa277c7,2026-09-10 13:41:12.575000+00:00,2026-09-10 14:06:32.910000+00:00,1520,1441,1,True
2026-09-10 13:42:31.994616+00:00,sess-0lhyiv889ivmtvksiyj,c-d31b92eb-cce5-4783-a979-2668d6723d6e,beta_A,treat,quest,0.1724299629725582,True,2026-09-06T14:21:45Z,https://calmforest.cloud,d6ccb4ea-a790-4733-89ee-9b78aaa277c7,2026-09-10 13:41:12.575000+00:00,2026-09-10 14:06:32.910000+00:00,1520,1440,1,True
2026-09-10 13:42:34.021366+00:00,sess-bs1gsjq3hh9mtvkr175,c-8fa178a3-df51-4017-afd8-5ed16f887270,beta_A,control,quest,0.07502375182757891,False,2026-09-06T14:21:45Z,https://calmforest.cloud,dba0c17e-cf7b-4fbc-be57-0f88d08029da,2026-09-10 13:40:02.900000+00:00,2026-09-10 13:56:04.402000+00:00,962,810,1,False
2026-09-10 13:42:34.795775+00:00,sess-0lhyiv889ivmtvksiyj,c-d31b92eb-cce5-4783-a979-2668d6723d6e,beta_A,treat,quest,0.17229939450887286,True,2026-09-06T14:21:45Z,https://calmforest.cloud,d6ccb4ea-a790-4733-89ee-9b78aaa277c7,2026-09-10 13:41:12.575000+00:00,2026-09-10 14:06:32.910000+00:00,1520,1438,1,True
2026-09-10 13:42:35.217592+00:00,sess-bs1gsjq3hh9mtvkr175,c-8fa178a3-df51-4017-afd8-5ed16f887270,beta_A,control,quest,0.0824764722858698,False,2026-09-06T14:21:45Z,https://calmforest.cloud,dba0c17e-cf7b-4fbc-be57-0f88d08029da,2026-09-10 13:40:02.900000+00:00,2026-09-10 13:56:04.402000+00:00,962,809,1,False
2026-09-10 13:42:44.959525+00:00,sess-0lhyiv889ivmtvksiyj,c-d31b92eb-cce5-4783-a979-2668d6723d6e,beta_A,treat,quest,0.1717423785634366,True,2026-09-06T14:21:45Z,https://calmforest.cloud,d6ccb4ea-a790-4733-89ee-9b78aaa277c7,2026-09-10 13:41:12.575000+00:00,2026-09-10 14:06:32.910000+00:00,1520,1427,1,True
2026-09-10 13:42:45.358967+00:00,sess-0lhyiv889ivmtvksiyj,c-d31b92eb-cce5-4783-a979-2668d6723d6e,beta_A,treat,quest,0.17158878045333933,True,2026-09-06T14:21:45Z,https://calmforest.cloud,d6ccb4ea-a790-4733-89ee-9b78aaa277c7,2026-09-10 13:41:12.575000+00:00,2026-09-10 14:06:32.910000+00:00,1520,1427,1,True
2026-09-10 13:43:13.855350+00:00,sess-bs1gsjq3hh9mtvkr175,c-8fa178a3-df51-4017-afd8-5ed16f887270,beta_A,control,quest,0.1717903673047198,True,2026-09-06T14:21:45Z,https://calmforest.cloud,dba0c17e-cf7b-4fbc-be57-0f88d08029da,2026-09-10 13:40:02.900000+00:00,2026-09-10 13:56:04.402000+00:00,962,770,1,True
2026-09-10 13:43:15.266719+00:00,sess-bs1gsjq3hh9mtvkr175,c-8fa178a3-df51-4017-afd8-5ed16f887270,beta_A,control,quest,0.161635336229167,True,2026-09-06T14:21:45Z,https://calmforest.cloud,dba0c17e-cf7b-4fbc-be57-0f88d08029da,2026-09-10 13:40:02.900000+00:00,2026-09-10 13:56:04.402000+00:00,962,769,1,True
2026-09-10 13:43:15.972313+00:00,sess-bs1gsjq3hh9mtvkr175,c-8fa178a3-df51-4017-afd8-5ed16f887270,beta_A,control,quest,0.1636299227879179,True,2026-09-06T14:21:45Z,https://calmforest.cloud,dba0c17e-cf7b-4fbc-be57-0f88d08029da,2026-09-10 13:40:02.900000+00:00,2026-09-10 13:56:04.402000+00:00,962,768,1,True
2026-09-10 13:43:18.143797+00:00,sess-bs1gsjq3hh9mtvkr175,c-8fa178a3-df51-4017-afd8-5ed16f887270,beta_A,control,quest,0.16665063020375173,True,2026-09-06T14:21:45Z,https://calmforest.cloud,dba0c17e-cf7b-4fbc-be57-0f88d08029da,2026-09-10 13:40:02.900000+00:00,2026-09-10 13:56:04.402000+00:00,962,766,1,True
2026-09-10 13:43:29.974059+00:00,sess-bs1gsjq3hh9mtvkr175,c-8fa178a3-df51-4017-afd8-5ed16f887270,beta_A,control,quest,0.16881715064423297,True,2026-09-06T14:21:45Z,https://calmforest.cloud,dba0c17e-cf7b-4fbc-be57-0f88d08029da,2026-09-10 13:40:02.900000+00:00,2026-09-10 13:56:04.402000+00:00,962,754,1,True
2026-09-10 13:43:30.994777+00:00,sess-bs1gsjq3hh9mtvkr175,c-8fa178a3-df51-4017-afd8-5ed16f887270,beta_A,control,quest,0.15639899091329987,True,2026-09-06T14:21:45Z,https://calmforest.cloud,dba0c17e-cf7b-4fbc-be57-0f88d08029da,2026-09-10 13:40:02.900000+00:00,2026-09-10 13:56:04.402000+00:00,962,753,1,True
2026-09-10 13:43:33.407638+00:00,sess-bs1gsjq3hh9mtvkr175,c-8fa178a3-df51-4017-afd8-5ed16f887270,beta_A,control,quest,0.13063925430025206,False,2026-09-06T14:21:45Z,https://calmforest.cloud,dba0c17e-cf7b-4fbc-be57-0f88d08029da,2026-09-10 13:40:02.900000+00:00,2026-09-10 13:56:04.402000+00:00,962,750,1,False
2026-09-10 13:44:14.599987+00:00,sess-bs1gsjq3hh9mtvkr175,c-8fa178a3-df51-4017-afd8-5ed16f887270,beta_A,control,quest,0.18172374588145215,True,2026-09-06T14:21:45Z,https://calmforest.cloud,dba0c17e-cf7b-4fbc-be57-0f88d08029da,2026-09-10 13:40:02.900000+00:00,2026-09-10 13:56:04.402000+00:00,962,709,1,True
2026-09-10 13:44:16.735377+00:00,sess-bs1gsjq3hh9mtvkr175,c-8fa178a3-df51-4017-afd8-5ed16f887270,beta_A,control,quest,0.15196575864997713,True,2026-09-06T14:21:45Z,https://calmforest.cloud,dba0c17e-cf7b-4fbc-be57-0f88d08029da,2026-09-10 13:40:02.900000+00:00,2026-09-10 13:56:04.402000+00:00,962,707,1,True
2026-09-10 13:44:18.408990+00:00,sess-bs1gsjq3hh9mtvkr175,c-8fa178a3-df51-4017-afd8-5ed16f887270,beta_A,control,quest,0.15196575864997713,True,2026-09-06T14:21:45Z,https://calmforest.cloud,dba0c17e-cf7b-4fbc-be57-0f88d08029da,2026-09-10 13:40:02.900000+00:00,2026-09-10 13:56:04.402000+00:00,962,705,1,True
2026-09-10 13:45:09.887850+00:00,sess-bs1gsjq3hh9mtvkr175,c-8fa178a3-df51-4017-afd8-5ed16f887270,beta_A,control,quest,0.07915107641405636,False,2026-09-06T14:21:45Z,https://calmforest.cloud,dba0c17e-cf7b-4fbc-be57-0f88d08029da,2026-09-10 13:40:02.900000+00:00,2026-09-10 13:56:04.402000+00:00,962,654,1,False
2026-09-10 13:45:10.872774+00:00,sess-bs1gsjq3hh9mtvkr175,c-8fa178a3-df51-4017-afd8-5ed16f887270,beta_A,control,quest,0.07982926525625149,False,2026-09-06T14:21:45Z,https://calmforest.cloud,dba0c17e-cf7b-4fbc-be57-0f88d08029da,2026-09-10 13:40:02.900000+00:00,2026-09-10 13:56:04.402000+00:00,962,653,1,False
2026-09-10 13:47:50.946891+00:00,sess-0lhyiv889ivmtvksiyj,c-d31b92eb-cce5-4783-a979-2668d6723d6e,beta_A,treat,quest,0.1723731568234296,True,2026-09-06T14:21:45Z,https://calmforest.cloud,d6ccb4ea-a790-4733-89ee-9b78aaa277c7,2026-09-10 13:41:12.575000+00:00,2026-09-10 14:06:32.910000+00:00,1520,1121,1,True
2026-09-10 13:47:50.947064+00:00,sess-0lhyiv889ivmtvksiyj,c-d31b92eb-cce5-4783-a979-2668d6723d6e,beta_A,treat,quest,0.17274978360757254,True,2026-09-06T14:21:45Z,https://calmforest.cloud,d6ccb4ea-a790-4733-89ee-9b78aaa277c7,2026-09-10 13:41:12.575000+00:00,2026-09-10 14:06:32.910000+00:00,1520,1121,1,True
2026-09-10 13:47:51.465023+00:00,sess-0lhyiv889ivmtvksiyj,c-d31b92eb-cce5-4783-a979-2668d6723d6e,beta_A,treat,quest,0.1723731568234296,True,2026-09-06T14:21:45Z,https://calmforest.cloud,d6ccb4ea-a790-4733-89ee-9b78aaa277c7,2026-09-10 13:41:12.575000+00:00,2026-09-10 14:06:32.910000+00:00,1520,1121,1,True
2026-09-10 13:48:38.235867+00:00,sess-0lhyiv889ivmtvksiyj,c-d31b92eb-cce5-4783-a979-2668d6723d6e,beta_A,treat,quest,0.17119022739246817,True,2026-09-06T14:21:45Z,https://calmforest.cloud,d6ccb4ea-a790-4733-89ee-9b78aaa277c7,2026-09-10 13:41:12.575000+00:00,2026-09-10 14:06:32.910000+00:00,1520,1074,1,True
2026-09-10 13:48:42.759635+00:00,sess-0lhyiv889ivmtvksiyj,c-d31b92eb-cce5-4783-a979-2668d6723d6e,beta_A,treat,quest,0.17138468189563794,True,2026-09-06T14:21:45Z,https://calmforest.cloud,d6ccb4ea-a790-4733-89ee-9b78aaa277c7,2026-09-10 13:41:12.575000+00:00,2026-09-10 14:06:32.910000+00:00,1520,1070,1,True
2026-09-10 13:48:44.088575+00:00,sess-0lhyiv889ivmtvksiyj,c-d31b92eb-cce5-4783-a979-2668d6723d6e,beta_A,treat,quest,0.167381108705928,True,2026-09-06T14:21:45Z,https://calmforest.cloud,d6ccb4ea-a790-4733-89ee-9b78aaa277c7,2026-09-10 13:41:12.575000+00:00,2026-09-10 14:06:32.910000+00:00,1520,1068,1,True
2026-09-10 13:52:03.204231+00:00,sess-bs1gsjq3hh9mtvkr175,c-8fa178a3-df51-4017-afd8-5ed16f887270,beta_A,control,quest,0.16668010269908262,True,2026-09-06T14:21:45Z,https://calmforest.cloud,dba0c17e-cf7b-4fbc-be57-0f88d08029da,2026-09-10 13:40:02.900000+00:00,2026-09-10 13:56:04.402000+00:00,962,241,1,True
2026-09-10 13:52:03.443862+00:00,sess-bs1gsjq3hh9mtvkr175,c-8fa178a3-df51-4017-afd8-5ed16f887270,beta_A,control,quest,0.15242286174523015,True,2026-09-06T14:21:45Z,https://calmforest.cloud,dba0c17e-cf7b-4fbc-be57-0f88d08029da,2026-09-10 13:40:02.900000+00:00,2026-09-10 13:56:04.402000+00:00,962,240,1,True
2026-09-10 13:52:05.431067+00:00,sess-bs1gsjq3hh9mtvkr175,c-8fa178a3-df51-4017-afd8-5ed16f887270,beta_A,control,quest,0.148484993291303,True,2026-09-06T14:21:45Z,https://calmforest.cloud,dba0c17e-cf7b-4fbc-be57-0f88d08029da,2026-09-10 13:40:02.900000+00:00,2026-09-10 13:56:04.402000+00:00,962,238,1,True
2026-09-10 13:52:06.452505+00:00,sess-bs1gsjq3hh9mtvkr175,c-8fa178a3-df51-4017-afd8-5ed16f887270,beta_A,control,quest,0.14908932905831268,True,2026-09-06T14:21:45Z,https://calmforest.cloud,dba0c17e-cf7b-4fbc-be57-0f88d08029da,2026-09-10 13:40:02.900000+00:00,2026-09-10 13:56:04.402000+00:00,962,237,1,True
2026-09-10 13:52:07.966651+00:00,sess-bs1gsjq3hh9mtvkr175,c-8fa178a3-df51-4017-afd8-5ed16f887270,beta_A,control,quest,0.13761708362601302,False,2026-09-06T14:21:45Z,https://calmforest.cloud,dba0c17e-cf7b-4fbc-be57-0f88d08029da,2026-09-10 13:40:02.900000+00:00,2026-09-10 13:56:04.402000+00:00,962,236,1,False
2026-09-10 13:52:08.724476+00:00,sess-bs1gsjq3hh9mtvkr175,c-8fa178a3-df51-4017-afd8-5ed16f887270,beta_A,control,quest,0.12886306859192997,False,2026-09-06T14:21:45Z,https://calmforest.cloud,dba0c17e-cf7b-4fbc-be57-0f88d08029da,2026-09-10 13:40:02.900000+00:00,2026-09-10 13:56:04.402000+00:00,962,235,1,False
2026-09-10 13:52:11.856540+00:00,sess-bs1gsjq3hh9mtvkr175,c-8fa178a3-df51-4017-afd8-5ed16f887270,beta_A,control,quest,0.15488282817760415,True,2026-09-06T14:21:45Z,https://calmforest.cloud,dba0c17e-cf7b-4fbc-be57-0f88d08029da,2026-09-10 13:40:02.900000+00:00,2026-09-10 13:56:04.402000+00:00,962,232,1,True
2026-09-10 13:53:51.090468+00:00,sess-0lhyiv889ivmtvksiyj,c-d31b92eb-cce5-4783-a979-2668d6723d6e,beta_A,treat,quest,0.17313033727100688,True,2026-09-06T14:21:45Z,https://calmforest.cloud,d6ccb4ea-a790-4733-89ee-9b78aaa277c7,2026-09-10 13:41:12.575000+00:00,2026-09-10 14:06:32.910000+00:00,1520,761,1,True
2026-09-10 13:53:51.090541+00:00,sess-0lhyiv889ivmtvksiyj,c-d31b92eb-cce5-4783-a979-2668d6723d6e,beta_A,treat,quest,0.17286738411330324,True,2026-09-06T14:21:45Z,https://calmforest.cloud,d6ccb4ea-a790-4733-89ee-9b78aaa277c7,2026-09-10 13:41:12.575000+00:00,2026-09-10 14:06:32.910000+00:00,1520,761,1,True
2026-09-10 13:53:51.916804+00:00,sess-0lhyiv889ivmtvksiyj,c-d31b92eb-cce5-4783-a979-2668d6723d6e,beta_A,treat,quest,0.1678490643445496,True,2026-09-06T14:21:45Z,https://calmforest.cloud,d6ccb4ea-a790-4733-89ee-9b78aaa277c7,2026-09-10 13:41:12.575000+00:00,2026-09-10 14:06:32.910000+00:00,1520,760,1,True
2026-09-10 13:53:53.284457+00:00,sess-0lhyiv889ivmtvksiyj,c-d31b92eb-cce5-4783-a979-2668d6723d6e,beta_A,treat,quest,0.16728882212951512,True,2026-09-06T14:21:45Z,https://calmforest.cloud,d6ccb4ea-a790-4733-89ee-9b78aaa277c7,2026-09-10 13:41:12.575000+00:00,2026-09-10 14:06:32.910000+00:00,1520,759,1,True
2026-09-10 13:53:53.287729+00:00,sess-0lhyiv889ivmtvksiyj,c-d31b92eb-cce5-4783-a979-2668d6723d6e,beta_A,treat,quest,0.16742451820860133,True,2026-09-06T14:21:45Z,https://calmforest.cloud,d6ccb4ea-a790-4733-89ee-9b78aaa277c7,2026-09-10 13:41:12.575000+00:00,2026-09-10 14:06:32.910000+00:00,1520,759,1,True
2026-09-10 13:53:54.164903+00:00,sess-0lhyiv889ivmtvksiyj,c-d31b92eb-cce5-4783-a979-2668d6723d6e,beta_A,treat,quest,0.16728882212951512,True,2026-09-06T14:21:45Z,https://calmforest.cloud,d6ccb4ea-a790-4733-89ee-9b78aaa277c7,2026-09-10 13:41:12.575000+00:00,2026-09-10 14:06:32.910000+00:00,1520,758,1,True
2026-09-10 13:56:19.499526+00:00,sess-0lhyiv889ivmtvksiyj,c-d31b92eb-cce5-4783-a979-2668d6723d6e,beta_A,treat,quest,0.1418313104387858,True,2026-09-06T14:21:45Z,https://calmforest.cloud,d6ccb4ea-a790-4733-89ee-9b78aaa277c7,2026-09-10 13:41:12.575000+00:00,2026-09-10 14:06:32.910000+00:00,1520,613,1,True
2026-09-10 13:56:19.500361+00:00,sess-0lhyiv889ivmtvksiyj,c-d31b92eb-cce5-4783-a979-2668d6723d6e,beta_A,treat,quest,0.14221598780619063,True,2026-09-06T14:21:45Z,https://calmforest.cloud,d6ccb4ea-a790-4733-89ee-9b78aaa277c7,2026-09-10 13:41:12.575000+00:00,2026-09-10 14:06:32.910000+00:00,1520,613,1,True
2026-09-10 13:56:21.447094+00:00,sess-0lhyiv889ivmtvksiyj,c-d31b92eb-cce5-4783-a979-2668d6723d6e,beta_A,treat,quest,0.17103686833121573,True,2026-09-06T14:21:45Z,https://calmforest.cloud,d6ccb4ea-a790-4733-89ee-9b78aaa277c7,2026-09-10 13:41:12.575000+00:00,2026-09-10 14:06:32.910000+00:00,1520,611,1,True
2026-09-10 13:56:21.569428+00:00,sess-0lhyiv889ivmtvksiyj,c-d31b92eb-cce5-4783-a979-2668d6723d6e,beta_A,treat,quest,0.1705446799426219,True,2026-09-06T14:21:45Z,https://calmforest.cloud,d6ccb4ea-a790-4733-89ee-9b78aaa277c7,2026-09-10 13:41:12.575000+00:00,2026-09-10 14:06:32.910000+00:00,1520,611,1,True
2026-09-10 13:57:02.646557+00:00,sess-0lhyiv889ivmtvksiyj,c-d31b92eb-cce5-4783-a979-2668d6723d6e,beta_A,treat,quest,0.17470413928289966,True,2026-09-06T14:21:45Z,https://calmforest.cloud,d6ccb4ea-a790-4733-89ee-9b78aaa277c7,2026-09-10 13:41:12.575000+00:00,2026-09-10 14:06:32.910000+00:00,1520,570,1,True
2026-09-10 13:57:02.860183+00:00,sess-0lhyiv889ivmtvksiyj,c-d31b92eb-cce5-4783-a979-2668d6723d6e,beta_A,treat,quest,0.17470413928289966,True,2026-09-06T14:21:45Z,https://calmforest.cloud,d6ccb4ea-a790-4733-89ee-9b78aaa277c7,2026-09-10 13:41:12.575000+00:00,2026-09-10 14:06:32.910000+00:00,1520,570,1,True
2026-09-10 13:58:05.243929+00:00,sess-0lhyiv889ivmtvksiyj,c-d31b92eb-cce5-4783-a979-2668d6723d6e,beta_A,treat,quest,0.1735241458816855,True,2026-09-06T14:21:45Z,https://calmforest.cloud,d6ccb4ea-a790-4733-89ee-9b78aaa277c7,2026-09-10 13:41:12.575000+00:00,2026-09-10 14:06:32.910000+00:00,1520,507,1,True
2026-09-10 13:58:05.246941+00:00,sess-0lhyiv889ivmtvksiyj,c-d31b92eb-cce5-4783-a979-2668d6723d6e,beta_A,treat,quest,0.17317304512574008,True,2026-09-06T14:21:45Z,https://calmforest.cloud,d6ccb4ea-a790-4733-89ee-9b78aaa277c7,2026-09-10 13:41:12.575000+00:00,2026-09-10 14:06:32.910000+00:00,1520,507,1,True
2026-09-10 13:58:19.209977+00:00,sess-0lhyiv889ivmtvksiyj,c-d31b92eb-cce5-4783-a979-2668d6723d6e,beta_A,treat,quest,0.1735795028406609,True,2026-09-06T14:21:45Z,https://calmforest.cloud,d6ccb4ea-a790-4733-89ee-9b78aaa277c7,2026-09-10 13:41:12.575000+00:00,2026-09-10 14:06:32.910000+00:00,1520,493,1,True
2026-09-10 13:58:19.359866+00:00,sess-0lhyiv889ivmtvksiyj,c-d31b92eb-cce5-4783-a979-2668d6723d6e,beta_A,treat,quest,0.17438862232581662,True,2026-09-06T14:21:45Z,https://calmforest.cloud,d6ccb4ea-a790-4733-89ee-9b78aaa277c7,2026-09-10 13:41:12.575000+00:00,2026-09-10 14:06:32.910000+00:00,1520,493,1,True
2026-09-10 13:58:20.962794+00:00,sess-0lhyiv889ivmtvksiyj,c-d31b92eb-cce5-4783-a979-2668d6723d6e,beta_A,treat,quest,0.17399272403751975,True,2026-09-06T14:21:45Z,https://calmforest.cloud,d6ccb4ea-a790-4733-89ee-9b78aaa277c7,2026-09-10 13:41:12.575000+00:00,2026-09-10 14:06:32.910000+00:00,1520,491,1,True
2026-09-10 13:58:25.863183+00:00,sess-0lhyiv889ivmtvksiyj,c-d31b92eb-cce5-4783-a979-2668d6723d6e,beta_A,treat,quest,0.17429809463992357,True,2026-09-06T14:21:45Z,https://calmforest.cloud,d6ccb4ea-a790-4733-89ee-9b78aaa277c7,2026-09-10 13:41:12.575000+00:00,2026-09-10 14:06:32.910000+00:00,1520,487,1,True
2026-09-10 13:58:26.904335+00:00,sess-0lhyiv889ivmtvksiyj,c-d31b92eb-cce5-4783-a979-2668d6723d6e,beta_A,treat,quest,0.17320816983598716,True,2026-09-06T14:21:45Z,https://calmforest.cloud,d6ccb4ea-a790-4733-89ee-9b78aaa277c7,2026-09-10 13:41:12.575000+00:00,2026-09-10 14:06:32.910000+00:00,1520,486,1,True
2026-09-10 14:00:36.393251+00:00,sess-0lhyiv889ivmtvksiyj,c-d31b92eb-cce5-4783-a979-2668d6723d6e,beta_A,treat,quest,0.17515127788066998,True,2026-09-06T14:21:45Z,https://calmforest.cloud,d6ccb4ea-a790-4733-89ee-9b78aaa277c7,2026-09-10 13:41:12.575000+00:00,2026-09-10 14:06:32.910000+00:00,1520,356,1,True
2026-09-10 14:00:37.162935+00:00,sess-0lhyiv889ivmtvksiyj,c-d31b92eb-cce5-4783-a979-2668d6723d6e,beta_A,treat,quest,0.15004057719814803,True,2026-09-06T14:21:45Z,https://calmforest.cloud,d6ccb4ea-a790-4733-89ee-9b78aaa277c7,2026-09-10 13:41:12.575000+00:00,2026-09-10 14:06:32.910000+00:00,1520,355,1,True
2026-09-10 14:00:37.927958+00:00,sess-0lhyiv889ivmtvksiyj,c-d31b92eb-cce5-4783-a979-2668d6723d6e,beta_A,treat,quest,0.15004057719814803,True,2026-09-06T14:21:45Z,https://calmforest.cloud,d6ccb4ea-a790-4733-89ee-9b78aaa277c7,2026-09-10 13:41:12.575000+00:00,2026-09-10 14:06:32.910000+00:00,1520,354,1,True
2026-09-10 14:00:39.029673+00:00,sess-0lhyiv889ivmtvksiyj,c-d31b92eb-cce5-4783-a979-2668d6723d6e,beta_A,treat,quest,0.15004057719814803,True,2026-09-06T14:21:45Z,https://calmforest.cloud,d6ccb4ea-a790-4733-89ee-9b78aaa277c7,2026-09-10 13:41:12.575000+00:00,2026-09-10 14:06:32.910000+00:00,1520,353,1,True
2026-09-10 14:00:58.094577+00:00,sess-0lhyiv889ivmtvksiyj,c-d31b92eb-cce5-4783-a979-2668d6723d6e,beta_A,treat,quest,0.1794543291261224,True,2026-09-06T14:21:45Z,https://calmforest.cloud,d6ccb4ea-a790-4733-89ee-9b78aaa277c7,2026-09-10 13:41:12.575000+00:00,2026-09-10 14:06:32.910000+00:00,1520,334,1,True
2026-09-10 14:00:58.912492+00:00,sess-0lhyiv889ivmtvksiyj,c-d31b92eb-cce5-4783-a979-2668d6723d6e,beta_A,treat,quest,0.1788145981765776,True,2026-09-06T14:21:45Z,https://calmforest.cloud,d6ccb4ea-a790-4733-89ee-9b78aaa277c7,2026-09-10 13:41:12.575000+00:00,2026-09-10 14:06:32.910000+00:00,1520,333,1,True
2026-09-10 14:02:12.216221+00:00,sess-0lhyiv889ivmtvksiyj,c-d31b92eb-cce5-4783-a979-2668d6723d6e,beta_A,treat,quest,0.17169900639213087,True,2026-09-06T14:21:45Z,https://calmforest.cloud,d6ccb4ea-a790-4733-89ee-9b78aaa277c7,2026-09-10 13:41:12.575000+00:00,2026-09-10 14:06:32.910000+00:00,1520,260,1,True
2026-09-10 14:02:13.713595+00:00,sess-0lhyiv889ivmtvksiyj,c-d31b92eb-cce5-4783-a979-2668d6723d6e,beta_A,treat,quest,0.1368042141217227,False,2026-09-06T14:21:45Z,https://calmforest.cloud,d6ccb4ea-a790-4733-89ee-9b78aaa277c7,2026-09-10 13:41:12.575000+00:00,2026-09-10 14:06:32.910000+00:00,1520,259,1,False
2026-09-10 14:02:15.919326+00:00,sess-0lhyiv889ivmtvksiyj,c-d31b92eb-cce5-4783-a979-2668d6723d6e,beta_A,treat,quest,0.14766866488403899,True,2026-09-06T14:21:45Z,https://calmforest.cloud,d6ccb4ea-a790-4733-89ee-9b78aaa277c7,2026-09-10 13:41:12.575000+00:00,2026-09-10 14:06:32.910000+00:00,1520,256,1,True
2026-09-10 14:02:19.360217+00:00,sess-0lhyiv889ivmtvksiyj,c-d31b92eb-cce5-4783-a979-2668d6723d6e,beta_A,treat,quest,0.14766866488403899,True,2026-09-06T14:21:45Z,https://calmforest.cloud,d6ccb4ea-a790-4733-89ee-9b78aaa277c7,2026-09-10 13:41:12.575000+00:00,2026-09-10 14:06:32.910000+00:00,1520,253,1,True
2026-09-11 00:28:01.835613+00:00,sess-9m7usvba4zlmtw7vyi4,c-5d35e9ca-a59a-4dfd-9c12-1ea1cdb99554,beta_B,treat,time15,0.5061234936223982,True,2026-09-06T14:21:45Z,https://calmforest.cloud,62b2b0ac-deaf-4e16-81c9-4983aee910c9,2026-09-11 00:27:43.855000+00:00,2026-09-11 00:42:45.431000+00:00,902,883,1,True
2026-09-11 00:35:03.247803+00:00,sess-9m7usvba4zlmtw7vyi4,c-5d35e9ca-a59a-4dfd-9c12-1ea1cdb99554,beta_B,treat,quest,0.19309688270804298,True,2026-09-06T14:21:45Z,https://calmforest.cloud,62b2b0ac-deaf-4e16-81c9-4983aee910c9,2026-09-11 00:27:43.855000+00:00,2026-09-11 00:42:45.431000+00:00,902,462,1,True
2026-09-11 00:36:52.245455+00:00,sess-9m7usvba4zlmtw7vyi4,c-5d35e9ca-a59a-4dfd-9c12-1ea1cdb99554,beta_B,treat,quest,0.07842908101289062,False,2026-09-06T14:21:45Z,https://calmforest.cloud,62b2b0ac-deaf-4e16-81c9-4983aee910c9,2026-09-11 00:27:43.855000+00:00,2026-09-11 00:42:45.431000+00:00,902,353,1,False
2026-09-11 00:36:58.072686+00:00,sess-9m7usvba4zlmtw7vyi4,c-5d35e9ca-a59a-4dfd-9c12-1ea1cdb99554,beta_B,treat,quest,0.18378486714106526,True,2026-09-06T14:21:45Z,https://calmforest.cloud,62b2b0ac-deaf-4e16-81c9-4983aee910c9,2026-09-11 00:27:43.855000+00:00,2026-09-11 00:42:45.431000+00:00,902,347,1,True
2026-09-11 00:37:05.010759+00:00,sess-9m7usvba4zlmtw7vyi4,c-5d35e9ca-a59a-4dfd-9c12-1ea1cdb99554,beta_B,treat,quest,0.12640513002522838,False,2026-09-06T14:21:45Z,https://calmforest.cloud,62b2b0ac-deaf-4e16-81c9-4983aee910c9,2026-09-11 00:27:43.855000+00:00,2026-09-11 00:42:45.431000+00:00,902,340,1,False
2026-09-11 00:37:13.413965+00:00,sess-9m7usvba4zlmtw7vyi4,c-5d35e9ca-a59a-4dfd-9c12-1ea1cdb99554,beta_B,treat,quest,0.19717719913927248,True,2026-09-06T14:21:45Z,https://calmforest.cloud,62b2b0ac-deaf-4e16-81c9-4983aee910c9,2026-09-11 00:27:43.855000+00:00,2026-09-11 00:42:45.431000+00:00,902,332,1,True
2026-09-11 01:00:52.047963+00:00,sess-qyo60ctziomtw90yrn,c-6c0f3dda-eb43-42ac-8324-ec1895c78ee4,beta_A,control,quest,0.16589492629694524,True,2026-09-06T14:21:45Z,https://calmforest.cloud,d7fa8f5f-3fd5-45fb-93c4-16c35e8af6fd,2026-09-11 00:59:37.095000+00:00,2026-09-11 01:20:16.943000+00:00,1240,1164,1,True
2026-09-11 01:01:17.611699+00:00,sess-qyo60ctziomtw90yrn,c-6c0f3dda-eb43-42ac-8324-ec1895c78ee4,beta_A,control,quest,0.16511740269386851,True,2026-09-06T14:21:45Z,https://calmforest.cloud,d7fa8f5f-3fd5-45fb-93c4-16c35e8af6fd,2026-09-11 00:59:37.095000+00:00,2026-09-11 01:20:16.943000+00:00,1240,1139,1,True
2026-09-11 01:04:47.566396+00:00,sess-qyo60ctziomtw90yrn,c-6c0f3dda-eb43-42ac-8324-ec1895c78ee4,beta_A,control,quest,0.10577862640481608,False,2026-09-06T14:21:45Z,https://calmforest.cloud,d7fa8f5f-3fd5-45fb-93c4-16c35e8af6fd,2026-09-11 00:59:37.095000+00:00,2026-09-11 01:20:16.943000+00:00,1240,929,1,False
2026-09-11 01:04:48.051078+00:00,sess-qyo60ctziomtw90yrn,c-6c0f3dda-eb43-42ac-8324-ec1895c78ee4,beta_A,control,quest,0.12284636260105236,False,2026-09-06T14:21:45Z,https://calmforest.cloud,d7fa8f5f-3fd5-45fb-93c4-16c35e8af6fd,2026-09-11 00:59:37.095000+00:00,2026-09-11 01:20:16.943000+00:00,1240,928,1,False
2026-09-11 01:04:53.609195+00:00,sess-qyo60ctziomtw90yrn,c-6c0f3dda-eb43-42ac-8324-ec1895c78ee4,beta_A,control,quest,0.1489491784034456,True,2026-09-06T14:21:45Z,https://calmforest.cloud,d7fa8f5f-3fd5-45fb-93c4-16c35e8af6fd,2026-09-11 00:59:37.095000+00:00,2026-09-11 01:20:16.943000+00:00,1240,923,1,True
2026-09-11 01:04:54.988747+00:00,sess-qyo60ctziomtw90yrn,c-6c0f3dda-eb43-42ac-8324-ec1895c78ee4,beta_A,control,quest,0.1428215441909105,True,2026-09-06T14:21:45Z,https://calmforest.cloud,d7fa8f5f-3fd5-45fb-93c4-16c35e8af6fd,2026-09-11 00:59:37.095000+00:00,2026-09-11 01:20:16.943000+00:00,1240,921,1,True
2026-09-11 01:07:42.187006+00:00,sess-qyo60ctziomtw90yrn,c-6c0f3dda-eb43-42ac-8324-ec1895c78ee4,beta_A,control,quest,0.12777481216788852,False,2026-09-06T14:21:45Z,https://calmforest.cloud,d7fa8f5f-3fd5-45fb-93c4-16c35e8af6fd,2026-09-11 00:59:37.095000+00:00,2026-09-11 01:20:16.943000+00:00,1240,754,1,False
2026-09-11 01:07:42.935599+00:00,sess-qyo60ctziomtw90yrn,c-6c0f3dda-eb43-42ac-8324-ec1895c78ee4,beta_A,control,quest,0.1423554874889244,True,2026-09-06T14:21:45Z,https://calmforest.cloud,d7fa8f5f-3fd5-45fb-93c4-16c35e8af6fd,2026-09-11 00:59:37.095000+00:00,2026-09-11 01:20:16.943000+00:00,1240,754,1,True
2026-09-11 01:07:43.389061+00:00,sess-qyo60ctziomtw90yrn,c-6c0f3dda-eb43-42ac-8324-ec1895c78ee4,beta_A,control,quest,0.1423554874889244,True,2026-09-06T14:21:45Z,https://calmforest.cloud,d7fa8f5f-3fd5-45fb-93c4-16c35e8af6fd,2026-09-11 00:59:37.095000+00:00,2026-09-11 01:20:16.943000+00:00,1240,753,1,True
2026-09-11 01:07:44.033162+00:00,sess-qyo60ctziomtw90yrn,c-6c0f3dda-eb43-42ac-8324-ec1895c78ee4,beta_A,control,quest,0.1423554874889244,True,2026-09-06T14:21:45Z,https://calmforest.cloud,d7fa8f5f-3fd5-45fb-93c4-16c35e8af6fd,2026-09-11 00:59:37.095000+00:00,2026-09-11 01:20:16.943000+00:00,1240,752,1,True
2026-09-11 01:07:45.024938+00:00,sess-qyo60ctziomtw90yrn,c-6c0f3dda-eb43-42ac-8324-ec1895c78ee4,beta_A,control,quest,0.14421765882633686,True,2026-09-06T14:21:45Z,https://calmforest.cloud,d7fa8f5f-3fd5-45fb-93c4-16c35e8af6fd,2026-09-11 00:59:37.095000+00:00,2026-09-11 01:20:16.943000+00:00,1240,751,1,True
2026-09-11 01:07:47.133081+00:00,sess-qyo60ctziomtw90yrn,c-6c0f3dda-eb43-42ac-8324-ec1895c78ee4,beta_A,control,quest,0.14852027496306588,True,2026-09-06T14:21:45Z,https://calmforest.cloud,d7fa8f5f-3fd5-45fb-93c4-16c35e8af6fd,2026-09-11 00:59:37.095000+00:00,2026-09-11 01:20:16.943000+00:00,1240,749,1,True
2026-09-11 01:07:49.385465+00:00,sess-qyo60ctziomtw90yrn,c-6c0f3dda-eb43-42ac-8324-ec1895c78ee4,beta_A,control,quest,0.17147310470975657,True,2026-09-06T14:21:45Z,https://calmforest.cloud,d7fa8f5f-3fd5-45fb-93c4-16c35e8af6fd,2026-09-11 00:59:37.095000+00:00,2026-09-11 01:20:16.943000+00:00,1240,747,1,True
2026-09-11 01:10:46.884700+00:00,sess-qyo60ctziomtw90yrn,c-6c0f3dda-eb43-42ac-8324-ec1895c78ee4,beta_A,control,quest,0.15124199651164957,True,2026-09-06T14:21:45Z,https://calmforest.cloud,d7fa8f5f-3fd5-45fb-93c4-16c35e8af6fd,2026-09-11 00:59:37.095000+00:00,2026-09-11 01:20:16.943000+00:00,1240,570,1,True
2026-09-11 01:10:47.285833+00:00,sess-qyo60ctziomtw90yrn,c-6c0f3dda-eb43-42ac-8324-ec1895c78ee4,beta_A,control,quest,0.1493401239760441,True,2026-09-06T14:21:45Z,https://calmforest.cloud,d7fa8f5f-3fd5-45fb-93c4-16c35e8af6fd,2026-09-11 00:59:37.095000+00:00,2026-09-11 01:20:16.943000+00:00,1240,569,1,True
2026-09-11 01:10:47.543092+00:00,sess-qyo60ctziomtw90yrn,c-6c0f3dda-eb43-42ac-8324-ec1895c78ee4,beta_A,control,quest,0.14760047720557143,True,2026-09-06T14:21:45Z,https://calmforest.cloud,d7fa8f5f-3fd5-45fb-93c4-16c35e8af6fd,2026-09-11 00:59:37.095000+00:00,2026-09-11 01:20:16.943000+00:00,1240,569,1,True
2026-09-11 01:10:49.788615+00:00,sess-qyo60ctziomtw90yrn,c-6c0f3dda-eb43-42ac-8324-ec1895c78ee4,beta_A,control,quest,0.1472422743461685,True,2026-09-06T14:21:45Z,https://calmforest.cloud,d7fa8f5f-3fd5-45fb-93c4-16c35e8af6fd,2026-09-11 00:59:37.095000+00:00,2026-09-11 01:20:16.943000+00:00,1240,567,1,True
2026-09-11 01:12:21.220264+00:00,sess-qyo60ctziomtw90yrn,c-6c0f3dda-eb43-42ac-8324-ec1895c78ee4,beta_A,control,quest,0.1711259907734419,True,2026-09-06T14:21:45Z,https://calmforest.cloud,d7fa8f5f-3fd5-45fb-93c4-16c35e8af6fd,2026-09-11 00:59:37.095000+00:00,2026-09-11 01:20:16.943000+00:00,1240,475,1,True
2026-09-11 01:12:21.239767+00:00,sess-qyo60ctziomtw90yrn,c-6c0f3dda-eb43-42ac-8324-ec1895c78ee4,beta_A,control,quest,0.17099162583581626,True,2026-09-06T14:21:45Z,https://calmforest.cloud,d7fa8f5f-3fd5-45fb-93c4-16c35e8af6fd,2026-09-11 00:59:37.095000+00:00,2026-09-11 01:20:16.943000+00:00,1240,475,1,True
2026-09-11 01:12:21.556619+00:00,sess-qyo60ctziomtw90yrn,c-6c0f3dda-eb43-42ac-8324-ec1895c78ee4,beta_A,control,quest,0.15637420591406676,True,2026-09-06T14:21:45Z,https://calmforest.cloud,d7fa8f5f-3fd5-45fb-93c4-16c35e8af6fd,2026-09-11 00:59:37.095000+00:00,2026-09-11 01:20:16.943000+00:00,1240,475,1,True
2026-09-11 01:12:22.262561+00:00,sess-qyo60ctziomtw90yrn,c-6c0f3dda-eb43-42ac-8324-ec1895c78ee4,beta_A,control,quest,0.15637420591406676,True,2026-09-06T14:21:45Z,https://calmforest.cloud,d7fa8f5f-3fd5-45fb-93c4-16c35e8af6fd,2026-09-11 00:59:37.095000+00:00,2026-09-11 01:20:16.943000+00:00,1240,474,1,True
2026-09-11 01:12:24.964407+00:00,sess-qyo60ctziomtw90yrn,c-6c0f3dda-eb43-42ac-8324-ec1895c78ee4,beta_A,control,quest,0.16015752545011522,True,2026-09-06T14:21:45Z,https://calmforest.cloud,d7fa8f5f-3fd5-45fb-93c4-16c35e8af6fd,2026-09-11 00:59:37.095000+00:00,2026-09-11 01:20:16.943000+00:00,1240,471,1,True
2026-09-11 01:12:32.025112+00:00,sess-qyo60ctziomtw90yrn,c-6c0f3dda-eb43-42ac-8324-ec1895c78ee4,beta_A,control,quest,0.16001009762359578,True,2026-09-06T14:21:45Z,https://calmforest.cloud,d7fa8f5f-3fd5-45fb-93c4-16c35e8af6fd,2026-09-11 00:59:37.095000+00:00,2026-09-11 01:20:16.943000+00:00,1240,464,1,True
2026-09-11 01:12:32.601747+00:00,sess-qyo60ctziomtw90yrn,c-6c0f3dda-eb43-42ac-8324-ec1895c78ee4,beta_A,control,quest,0.15147683588880456,True,2026-09-06T14:21:45Z,https://calmforest.cloud,d7fa8f5f-3fd5-45fb-93c4-16c35e8af6fd,2026-09-11 00:59:37.095000+00:00,2026-09-11 01:20:16.943000+00:00,1240,464,1,True
2026-09-11 01:12:33.484928+00:00,sess-qyo60ctziomtw90yrn,c-6c0f3dda-eb43-42ac-8324-ec1895c78ee4,beta_A,control,quest,0.14102955388563307,True,2026-09-06T14:21:45Z,https://calmforest.cloud,d7fa8f5f-3fd5-45fb-93c4-16c35e8af6fd,2026-09-11 00:59:37.095000+00:00,2026-09-11 01:20:16.943000+00:00,1240,463,1,True
2026-09-11 01:12:34.530985+00:00,sess-qyo60ctziomtw90yrn,c-6c0f3dda-eb43-42ac-8324-ec1895c78ee4,beta_A,control,quest,0.13843978064871595,False,2026-09-06T14:21:45Z,https://calmforest.cloud,d7fa8f5f-3fd5-45fb-93c4-16c35e8af6fd,2026-09-11 00:59:37.095000+00:00,2026-09-11 01:20:16.943000+00:00,1240,462,1,False
2026-09-11 01:12:56.333483+00:00,sess-qyo60ctziomtw90yrn,c-6c0f3dda-eb43-42ac-8324-ec1895c78ee4,beta_A,control,quest,0.17108237211085361,True,2026-09-06T14:21:45Z,https://calmforest.cloud,d7fa8f5f-3fd5-45fb-93c4-16c35e8af6fd,2026-09-11 00:59:37.095000+00:00,2026-09-11 01:20:16.943000+00:00,1240,440,1,True
2026-09-11 01:12:56.692955+00:00,sess-qyo60ctziomtw90yrn,c-6c0f3dda-eb43-42ac-8324-ec1895c78ee4,beta_A,control,quest,0.17102379349150051,True,2026-09-06T14:21:45Z,https://calmforest.cloud,d7fa8f5f-3fd5-45fb-93c4-16c35e8af6fd,2026-09-11 00:59:37.095000+00:00,2026-09-11 01:20:16.943000+00:00,1240,440,1,True
2026-09-11 01:12:57.568965+00:00,sess-qyo60ctziomtw90yrn,c-6c0f3dda-eb43-42ac-8324-ec1895c78ee4,beta_A,control,quest,0.16965614364077686,True,2026-09-06T14:21:45Z,https://calmforest.cloud,d7fa8f5f-3fd5-45fb-93c4-16c35e8af6fd,2026-09-11 00:59:37.095000+00:00,2026-09-11 01:20:16.943000+00:00,1240,439,1,True
2026-09-11 01:15:16.056863+00:00,sess-qyo60ctziomtw90yrn,c-6c0f3dda-eb43-42ac-8324-ec1895c78ee4,beta_A,control,quest,0.17122364275398577,True,2026-09-06T14:21:45Z,https://calmforest.cloud,d7fa8f5f-3fd5-45fb-93c4-16c35e8af6fd,2026-09-11 00:59:37.095000+00:00,2026-09-11 01:20:16.943000+00:00,1240,300,1,True
2026-09-11 01:15:16.400389+00:00,sess-qyo60ctziomtw90yrn,c-6c0f3dda-eb43-42ac-8324-ec1895c78ee4,beta_A,control,quest,0.16062338847881807,True,2026-09-06T14:21:45Z,https://calmforest.cloud,d7fa8f5f-3fd5-45fb-93c4-16c35e8af6fd,2026-09-11 00:59:37.095000+00:00,2026-09-11 01:20:16.943000+00:00,1240,300,1,True
2026-09-11 01:18:53.459153+00:00,sess-qyo60ctziomtw90yrn,c-6c0f3dda-eb43-42ac-8324-ec1895c78ee4,beta_A,control,quest,0.1495138961643432,True,2026-09-06T14:21:45Z,https://calmforest.cloud,d7fa8f5f-3fd5-45fb-93c4-16c35e8af6fd,2026-09-11 00:59:37.095000+00:00,2026-09-11 01:20:16.943000+00:00,1240,83,1,True
2026-09-11 01:18:55.629309+00:00,sess-qyo60ctziomtw90yrn,c-6c0f3dda-eb43-42ac-8324-ec1895c78ee4,beta_A,control,quest,0.1469103872218553,True,2026-09-06T14:21:45Z,https://calmforest.cloud,d7fa8f5f-3fd5-45fb-93c4-16c35e8af6fd,2026-09-11 00:59:37.095000+00:00,2026-09-11 01:20:16.943000+00:00,1240,81,1,True
2026-09-11 01:18:56.063129+00:00,sess-qyo60ctziomtw90yrn,c-6c0f3dda-eb43-42ac-8324-ec1895c78ee4,beta_A,control,quest,0.156001612160763,True,2026-09-06T14:21:45Z,https://calmforest.cloud,d7fa8f5f-3fd5-45fb-93c4-16c35e8af6fd,2026-09-11 00:59:37.095000+00:00,2026-09-11 01:20:16.943000+00:00,1240,80,1,True
2026-09-11 01:18:58.134621+00:00,sess-qyo60ctziomtw90yrn,c-6c0f3dda-eb43-42ac-8324-ec1895c78ee4,beta_A,control,quest,0.16326641540112893,True,2026-09-06T14:21:45Z,https://calmforest.cloud,d7fa8f5f-3fd5-45fb-93c4-16c35e8af6fd,2026-09-11 00:59:37.095000+00:00,2026-09-11 01:20:16.943000+00:00,1240,78,1,True
2026-09-11 01:18:59.591068+00:00,sess-qyo60ctziomtw90yrn,c-6c0f3dda-eb43-42ac-8324-ec1895c78ee4,beta_A,control,quest,0.1582244907561444,True,2026-09-06T14:21:45Z,https://calmforest.cloud,d7fa8f5f-3fd5-45fb-93c4-16c35e8af6fd,2026-09-11 00:59:37.095000+00:00,2026-09-11 01:20:16.943000+00:00,1240,77,1,True
2026-09-11 01:19:00.774987+00:00,sess-qyo60ctziomtw90yrn,c-6c0f3dda-eb43-42ac-8324-ec1895c78ee4,beta_A,control,quest,0.15708500315729518,True,2026-09-06T14:21:45Z,https://calmforest.cloud,d7fa8f5f-3fd5-45fb-93c4-16c35e8af6fd,2026-09-11 00:59:37.095000+00:00,2026-09-11 01:20:16.943000+00:00,1240,76,1,True
2026-09-11 01:19:01.834480+00:00,sess-qyo60ctziomtw90yrn,c-6c0f3dda-eb43-42ac-8324-ec1895c78ee4,beta_A,control,quest,0.16033255496691026,True,2026-09-06T14:21:45Z,https://calmforest.cloud,d7fa8f5f-3fd5-45fb-93c4-16c35e8af6fd,2026-09-11 00:59:37.095000+00:00,2026-09-11 01:20:16.943000+00:00,1240,75,1,True
2026-09-11 01:19:02.905481+00:00,sess-qyo60ctziomtw90yrn,c-6c0f3dda-eb43-42ac-8324-ec1895c78ee4,beta_A,control,quest,0.16115747029641495,True,2026-09-06T14:21:45Z,https://calmforest.cloud,d7fa8f5f-3fd5-45fb-93c4-16c35e8af6fd,2026-09-11 00:59:37.095000+00:00,2026-09-11 01:20:16.943000+00:00,1240,74,1,True
2026-09-11 01:19:04.003321+00:00,sess-qyo60ctziomtw90yrn,c-6c0f3dda-eb43-42ac-8324-ec1895c78ee4,beta_A,control,quest,0.15845643444362176,True,2026-09-06T14:21:45Z,https://calmforest.cloud,d7fa8f5f-3fd5-45fb-93c4-16c35e8af6fd,2026-09-11 00:59:37.095000+00:00,2026-09-11 01:20:16.943000+00:00,1240,72,1,True
2026-09-11 01:19:05.001991+00:00,sess-qyo60ctziomtw90yrn,c-6c0f3dda-eb43-42ac-8324-ec1895c78ee4,beta_A,control,quest,0.15684357632594734,True,2026-09-06T14:21:45Z,https://calmforest.cloud,d7fa8f5f-3fd5-45fb-93c4-16c35e8af6fd,2026-09-11 00:59:37.095000+00:00,2026-09-11 01:20:16.943000+00:00,1240,71,1,True
2026-09-11 01:19:05.951157+00:00,sess-qyo60ctziomtw90yrn,c-6c0f3dda-eb43-42ac-8324-ec1895c78ee4,beta_A,control,quest,0.16450897852884966,True,2026-09-06T14:21:45Z,https://calmforest.cloud,d7fa8f5f-3fd5-45fb-93c4-16c35e8af6fd,2026-09-11 00:59:37.095000+00:00,2026-09-11 01:20:16.943000+00:00,1240,70,1,True
2026-09-11 01:19:06.936011+00:00,sess-qyo60ctziomtw90yrn,c-6c0f3dda-eb43-42ac-8324-ec1895c78ee4,beta_A,control,quest,0.1659294379562136,True,2026-09-06T14:21:45Z,https://calmforest.cloud,d7fa8f5f-3fd5-45fb-93c4-16c35e8af6fd,2026-09-11 00:59:37.095000+00:00,2026-09-11 01:20:16.943000+00:00,1240,70,1,True
2026-09-11 06:09:01.552917+00:00,sess-u0exhfazrmtwk2fq4,c-d0173dd9-8e73-43f0-9c3b-016844ffa5a6,beta_B,control,time15,0.3849449187022221,False,2026-09-06T14:21:45Z,https://calmforest.cloud,96ce06d2-f9f0-4eaa-ae7e-f85a84b100b5,2026-09-11 06:08:41.511000+00:00,2026-09-11 07:37:08.802000+00:00,5307,5287,1,False
2026-09-11 06:09:44.902418+00:00,sess-u0exhfazrmtwk2fq4,c-d0173dd9-8e73-43f0-9c3b-016844ffa5a6,beta_B,control,quest,0.1703978528482312,True,2026-09-06T14:21:45Z,https://calmforest.cloud,96ce06d2-f9f0-4eaa-ae7e-f85a84b100b5,2026-09-11 06:08:41.511000+00:00,2026-09-11 07:37:08.802000+00:00,5307,5243,1,True
2026-09-11 06:10:12.213932+00:00,sess-u0exhfazrmtwk2fq4,c-d0173dd9-8e73-43f0-9c3b-016844ffa5a6,beta_B,control,quest,0.11880437771303647,False,2026-09-06T14:21:45Z,https://calmforest.cloud,96ce06d2-f9f0-4eaa-ae7e-f85a84b100b5,2026-09-11 06:08:41.511000+00:00,2026-09-11 07:37:08.802000+00:00,5307,5216,1,False
2026-09-11 06:10:16.461335+00:00,sess-u0exhfazrmtwk2fq4,c-d0173dd9-8e73-43f0-9c3b-016844ffa5a6,beta_B,control,quest,0.1454245028797927,True,2026-09-06T14:21:45Z,https://calmforest.cloud,96ce06d2-f9f0-4eaa-ae7e-f85a84b100b5,2026-09-11 06:08:41.511000+00:00,2026-09-11 07:37:08.802000+00:00,5307,5212,1,True
2026-09-11 06:19:40.526323+00:00,sess-u0exhfazrmtwk2fq4,c-d0173dd9-8e73-43f0-9c3b-016844ffa5a6,beta_B,control,quest,0.14798659924961735,True,2026-09-06T14:21:45Z,https://calmforest.cloud,96ce06d2-f9f0-4eaa-ae7e-f85a84b100b5,2026-09-11 06:08:41.511000+00:00,2026-09-11 07:37:08.802000+00:00,5307,4648,1,True
2026-09-11 06:19:41.218618+00:00,sess-u0exhfazrmtwk2fq4,c-d0173dd9-8e73-43f0-9c3b-016844ffa5a6,beta_B,control,quest,0.1412873098202424,True,2026-09-06T14:21:45Z,https://calmforest.cloud,96ce06d2-f9f0-4eaa-ae7e-f85a84b100b5,2026-09-11 06:08:41.511000+00:00,2026-09-11 07:37:08.802000+00:00,5307,4647,1,True
2026-09-11 06:20:07.099374+00:00,sess-u0exhfazrmtwk2fq4,c-d0173dd9-8e73-43f0-9c3b-016844ffa5a6,beta_B,control,quest,0.1367199629451122,False,2026-09-06T14:21:45Z,https://calmforest.cloud,96ce06d2-f9f0-4eaa-ae7e-f85a84b100b5,2026-09-11 06:08:41.511000+00:00,2026-09-11 07:37:08.802000+00:00,5307,4621,1,False
2026-09-11 06:20:10.167219+00:00,sess-u0exhfazrmtwk2fq4,c-d0173dd9-8e73-43f0-9c3b-016844ffa5a6,beta_B,control,quest,0.13922828849710606,True,2026-09-06T14:21:45Z,https://calmforest.cloud,96ce06d2-f9f0-4eaa-ae7e-f85a84b100b5,2026-09-11 06:08:41.511000+00:00,2026-09-11 07:37:08.802000+00:00,5307,4618,1,True
2026-09-11 06:20:35.756914+00:00,sess-u0exhfazrmtwk2fq4,c-d0173dd9-8e73-43f0-9c3b-016844ffa5a6,beta_B,control,quest,0.1692105212231489,True,2026-09-06T14:21:45Z,https://calmforest.cloud,96ce06d2-f9f0-4eaa-ae7e-f85a84b100b5,2026-09-11 06:08:41.511000+00:00,2026-09-11 07:37:08.802000+00:00,5307,4593,1,True
2026-09-11 06:20:36.498923+00:00,sess-u0exhfazrmtwk2fq4,c-d0173dd9-8e73-43f0-9c3b-016844ffa5a6,beta_B,control,quest,0.16603140500143537,True,2026-09-06T14:21:45Z,https://calmforest.cloud,96ce06d2-f9f0-4eaa-ae7e-f85a84b100b5,2026-09-11 06:08:41.511000+00:00,2026-09-11 07:37:08.802000+00:00,5307,4592,1,True
2026-09-11 06:20:37.680318+00:00,sess-u0exhfazrmtwk2fq4,c-d0173dd9-8e73-43f0-9c3b-016844ffa5a6,beta_B,control,quest,0.16259214259405033,True,2026-09-06T14:21:45Z,https://calmforest.cloud,96ce06d2-f9f0-4eaa-ae7e-f85a84b100b5,2026-09-11 06:08:41.511000+00:00,2026-09-11 07:37:08.802000+00:00,5307,4591,1,True
2026-09-11 06:20:41.515302+00:00,sess-u0exhfazrmtwk2fq4,c-d0173dd9-8e73-43f0-9c3b-016844ffa5a6,beta_B,control,quest,0.16007500790387105,True,2026-09-06T14:21:45Z,https://calmforest.cloud,96ce06d2-f9f0-4eaa-ae7e-f85a84b100b5,2026-09-11 06:08:41.511000+00:00,2026-09-11 07:37:08.802000+00:00,5307,4587,1,True
2026-09-11 06:20:47.314821+00:00,sess-u0exhfazrmtwk2fq4,c-d0173dd9-8e73-43f0-9c3b-016844ffa5a6,beta_B,control,quest,0.1747650252294545,True,2026-09-06T14:21:45Z,https://calmforest.cloud,96ce06d2-f9f0-4eaa-ae7e-f85a84b100b5,2026-09-11 06:08:41.511000+00:00,2026-09-11 07:37:08.802000+00:00,5307,4581,1,True
2026-09-11 06:21:00.273923+00:00,sess-u0exhfazrmtwk2fq4,c-d0173dd9-8e73-43f0-9c3b-016844ffa5a6,beta_B,control,quest,0.1632592863857799,True,2026-09-06T14:21:45Z,https://calmforest.cloud,96ce06d2-f9f0-4eaa-ae7e-f85a84b100b5,2026-09-11 06:08:41.511000+00:00,2026-09-11 07:37:08.802000+00:00,5307,4568,1,True
2026-09-11 06:21:01.270403+00:00,sess-u0exhfazrmtwk2fq4,c-d0173dd9-8e73-43f0-9c3b-016844ffa5a6,beta_B,control,quest,0.16756329421092556,True,2026-09-06T14:21:45Z,https://calmforest.cloud,96ce06d2-f9f0-4eaa-ae7e-f85a84b100b5,2026-09-11 06:08:41.511000+00:00,2026-09-11 07:37:08.802000+00:00,5307,4567,1,True
2026-09-11 06:21:04.341737+00:00,sess-u0exhfazrmtwk2fq4,c-d0173dd9-8e73-43f0-9c3b-016844ffa5a6,beta_B,control,quest,0.17273821762897837,True,2026-09-06T14:21:45Z,https://calmforest.cloud,96ce06d2-f9f0-4eaa-ae7e-f85a84b100b5,2026-09-11 06:08:41.511000+00:00,2026-09-11 07:37:08.802000+00:00,5307,4564,1,True
2026-09-11 06:21:09.335014+00:00,sess-u0exhfazrmtwk2fq4,c-d0173dd9-8e73-43f0-9c3b-016844ffa5a6,beta_B,control,quest,0.15890870710764804,True,2026-09-06T14:21:45Z,https://calmforest.cloud,96ce06d2-f9f0-4eaa-ae7e-f85a84b100b5,2026-09-11 06:08:41.511000+00:00,2026-09-11 07:37:08.802000+00:00,5307,4559,1,True
2026-09-11 06:22:40.383788+00:00,sess-u0exhfazrmtwk2fq4,c-d0173dd9-8e73-43f0-9c3b-016844ffa5a6,beta_B,control,quest,0.16256321059829967,True,2026-09-06T14:21:45Z,https://calmforest.cloud,96ce06d2-f9f0-4eaa-ae7e-f85a84b100b5,2026-09-11 06:08:41.511000+00:00,2026-09-11 07:37:08.802000+00:00,5307,4468,1,True
2026-09-11 06:22:41.367073+00:00,sess-u0exhfazrmtwk2fq4,c-d0173dd9-8e73-43f0-9c3b-016844ffa5a6,beta_B,control,quest,0.14740660421607543,True,2026-09-06T14:21:45Z,https://calmforest.cloud,96ce06d2-f9f0-4eaa-ae7e-f85a84b100b5,2026-09-11 06:08:41.511000+00:00,2026-09-11 07:37:08.802000+00:00,5307,4467,1,True
2026-09-11 07:00:19.981437+00:00,sess-qfph4gtswvcmtv7guf0,c-530d5746-aad0-4dd7-b3f4-50abb3ad39a5,beta_B,treat,quest,0.19397264549026136,True,2026-09-06T14:21:45Z,https://calmforest.cloud,e9e102ad-dc26-4d4f-9aab-0c8b2df0e925,2026-09-10 07:28:12.551000+00:00,2026-09-11 08:41:46.550000+00:00,90814,6086,1,True
2026-09-11 07:00:20.434444+00:00,sess-qfph4gtswvcmtv7guf0,c-530d5746-aad0-4dd7-b3f4-50abb3ad39a5,beta_B,treat,quest,0.17451544089275578,True,2026-09-06T14:21:45Z,https://calmforest.cloud,e9e102ad-dc26-4d4f-9aab-0c8b2df0e925,2026-09-10 07:28:12.551000+00:00,2026-09-11 08:41:46.550000+00:00,90814,6086,1,True
2026-09-11 07:00:20.488494+00:00,sess-qfph4gtswvcmtv7guf0,c-530d5746-aad0-4dd7-b3f4-50abb3ad39a5,beta_B,treat,quest,0.17451544089275578,True,2026-09-06T14:21:45Z,https://calmforest.cloud,e9e102ad-dc26-4d4f-9aab-0c8b2df0e925,2026-09-10 07:28:12.551000+00:00,2026-09-11 08:41:46.550000+00:00,90814,6086,1,True
2026-09-11 07:00:27.009535+00:00,sess-qfph4gtswvcmtv7guf0,c-530d5746-aad0-4dd7-b3f4-50abb3ad39a5,beta_B,treat,quest,0.17135176241236433,True,2026-09-06T14:21:45Z,https://calmforest.cloud,e9e102ad-dc26-4d4f-9aab-0c8b2df0e925,2026-09-10 07:28:12.551000+00:00,2026-09-11 08:41:46.550000+00:00,90814,6079,1,True
2026-09-11 07:00:30.703661+00:00,sess-qfph4gtswvcmtv7guf0,c-530d5746-aad0-4dd7-b3f4-50abb3ad39a5,beta_B,treat,quest,0.1713472391323404,True,2026-09-06T14:21:45Z,https://calmforest.cloud,e9e102ad-dc26-4d4f-9aab-0c8b2df0e925,2026-09-10 07:28:12.551000+00:00,2026-09-11 08:41:46.550000+00:00,90814,6075,1,True
2026-09-11 07:00:35.436929+00:00,sess-qfph4gtswvcmtv7guf0,c-530d5746-aad0-4dd7-b3f4-50abb3ad39a5,beta_B,treat,quest,0.17136687747605137,True,2026-09-06T14:21:45Z,https://calmforest.cloud,e9e102ad-dc26-4d4f-9aab-0c8b2df0e925,2026-09-10 07:28:12.551000+00:00,2026-09-11 08:41:46.550000+00:00,90814,6071,1,True
2026-09-11 07:06:58.761145+00:00,sess-oh7gqrcaidamtwm502y,c-9bc15435-eaca-4508-8743-6f7076b4c2ae,beta_A,control,time15,0.4258858692298013,False,2026-09-06T14:21:45Z,https://calmforest.cloud,e449a249-1fea-49e0-9cda-615810f132ca,2026-09-11 07:06:40.435000+00:00,2026-09-11 07:38:12.045000+00:00,1892,1873,1,False
2026-09-11 07:08:55.492041+00:00,sess-oh7gqrcaidamtwm502y,c-9bc15435-eaca-4508-8743-6f7076b4c2ae,beta_A,control,quest,0.17114421238418356,True,2026-09-06T14:21:45Z,https://calmforest.cloud,e449a249-1fea-49e0-9cda-615810f132ca,2026-09-11 07:06:40.435000+00:00,2026-09-11 07:38:12.045000+00:00,1892,1756,1,True
2026-09-11 07:09:00.070586+00:00,sess-oh7gqrcaidamtwm502y,c-9bc15435-eaca-4508-8743-6f7076b4c2ae,beta_A,control,quest,0.16719287765170854,True,2026-09-06T14:21:45Z,https://calmforest.cloud,e449a249-1fea-49e0-9cda-615810f132ca,2026-09-11 07:06:40.435000+00:00,2026-09-11 07:38:12.045000+00:00,1892,1751,1,True
2026-09-11 07:09:01.478772+00:00,sess-oh7gqrcaidamtwm502y,c-9bc15435-eaca-4508-8743-6f7076b4c2ae,beta_A,control,quest,0.17384231468497305,True,2026-09-06T14:21:45Z,https://calmforest.cloud,e449a249-1fea-49e0-9cda-615810f132ca,2026-09-11 07:06:40.435000+00:00,2026-09-11 07:38:12.045000+00:00,1892,1750,1,True
2026-09-11 07:09:05.751622+00:00,sess-oh7gqrcaidamtwm502y,c-9bc15435-eaca-4508-8743-6f7076b4c2ae,beta_A,control,quest,0.16761461889483567,True,2026-09-06T14:21:45Z,https://calmforest.cloud,e449a249-1fea-49e0-9cda-615810f132ca,2026-09-11 07:06:40.435000+00:00,2026-09-11 07:38:12.045000+00:00,1892,1746,1,True
2026-09-11 07:09:07.163704+00:00,sess-oh7gqrcaidamtwm502y,c-9bc15435-eaca-4508-8743-6f7076b4c2ae,beta_A,control,quest,0.16536231740776586,True,2026-09-06T14:21:45Z,https://calmforest.cloud,e449a249-1fea-49e0-9cda-615810f132ca,2026-09-11 07:06:40.435000+00:00,2026-09-11 07:38:12.045000+00:00,1892,1744,1,True
2026-09-11 07:09:09.325184+00:00,sess-oh7gqrcaidamtwm502y,c-9bc15435-eaca-4508-8743-6f7076b4c2ae,beta_A,control,quest,0.16521698115728153,True,2026-09-06T14:21:45Z,https://calmforest.cloud,e449a249-1fea-49e0-9cda-615810f132ca,2026-09-11 07:06:40.435000+00:00,2026-09-11 07:38:12.045000+00:00,1892,1742,1,True
2026-09-11 07:09:10.494827+00:00,sess-oh7gqrcaidamtwm502y,c-9bc15435-eaca-4508-8743-6f7076b4c2ae,beta_A,control,quest,0.16523084182069478,True,2026-09-06T14:21:45Z,https://calmforest.cloud,e449a249-1fea-49e0-9cda-615810f132ca,2026-09-11 07:06:40.435000+00:00,2026-09-11 07:38:12.045000+00:00,1892,1741,1,True
2026-09-11 07:09:12.745328+00:00,sess-oh7gqrcaidamtwm502y,c-9bc15435-eaca-4508-8743-6f7076b4c2ae,beta_A,control,quest,0.17412201384415238,True,2026-09-06T14:21:45Z,https://calmforest.cloud,e449a249-1fea-49e0-9cda-615810f132ca,2026-09-11 07:06:40.435000+00:00,2026-09-11 07:38:12.045000+00:00,1892,1739,1,True
2026-09-11 07:09:14.846675+00:00,sess-oh7gqrcaidamtwm502y,c-9bc15435-eaca-4508-8743-6f7076b4c2ae,beta_A,control,quest,0.17135573867373147,True,2026-09-06T14:21:45Z,https://calmforest.cloud,e449a249-1fea-49e0-9cda-615810f132ca,2026-09-11 07:06:40.435000+00:00,2026-09-11 07:38:12.045000+00:00,1892,1737,1,True
2026-09-11 07:09:16.276367+00:00,sess-oh7gqrcaidamtwm502y,c-9bc15435-eaca-4508-8743-6f7076b4c2ae,beta_A,control,quest,0.16796910804436946,True,2026-09-06T14:21:45Z,https://calmforest.cloud,e449a249-1fea-49e0-9cda-615810f132ca,2026-09-11 07:06:40.435000+00:00,2026-09-11 07:38:12.045000+00:00,1892,1735,1,True
2026-09-11 07:09:31.681674+00:00,sess-oh7gqrcaidamtwm502y,c-9bc15435-eaca-4508-8743-6f7076b4c2ae,beta_A,control,quest,0.17112475178385264,True,2026-09-06T14:21:45Z,https://calmforest.cloud,e449a249-1fea-49e0-9cda-615810f132ca,2026-09-11 07:06:40.435000+00:00,2026-09-11 07:38:12.045000+00:00,1892,1720,1,True
2026-09-11 07:09:33.058267+00:00,sess-oh7gqrcaidamtwm502y,c-9bc15435-eaca-4508-8743-6f7076b4c2ae,beta_A,control,quest,0.177866105386912,True,2026-09-06T14:21:45Z,https://calmforest.cloud,e449a249-1fea-49e0-9cda-615810f132ca,2026-09-11 07:06:40.435000+00:00,2026-09-11 07:38:12.045000+00:00,1892,1718,1,True
2026-09-11 07:09:35.283220+00:00,sess-oh7gqrcaidamtwm502y,c-9bc15435-eaca-4508-8743-6f7076b4c2ae,beta_A,control,quest,0.17085543534241426,True,2026-09-06T14:21:45Z,https://calmforest.cloud,e449a249-1fea-49e0-9cda-615810f132ca,2026-09-11 07:06:40.435000+00:00,2026-09-11 07:38:12.045000+00:00,1892,1716,1,True
2026-09-11 07:09:36.103415+00:00,sess-oh7gqrcaidamtwm502y,c-9bc15435-eaca-4508-8743-6f7076b4c2ae,beta_A,control,quest,0.17296660105107006,True,2026-09-06T14:21:45Z,https://calmforest.cloud,e449a249-1fea-49e0-9cda-615810f132ca,2026-09-11 07:06:40.435000+00:00,2026-09-11 07:38:12.045000+00:00,1892,1715,1,True
2026-09-11 07:09:39.662612+00:00,sess-oh7gqrcaidamtwm502y,c-9bc15435-eaca-4508-8743-6f7076b4c2ae,beta_A,control,quest,0.1713545088821551,True,2026-09-06T14:21:45Z,https://calmforest.cloud,e449a249-1fea-49e0-9cda-615810f132ca,2026-09-11 07:06:40.435000+00:00,2026-09-11 07:38:12.045000+00:00,1892,1712,1,True
2026-09-11 07:09:40.270224+00:00,sess-oh7gqrcaidamtwm502y,c-9bc15435-eaca-4508-8743-6f7076b4c2ae,beta_A,control,quest,0.17381155292439107,True,2026-09-06T14:21:45Z,https://calmforest.cloud,e449a249-1fea-49e0-9cda-615810f132ca,2026-09-11 07:06:40.435000+00:00,2026-09-11 07:38:12.045000+00:00,1892,1711,1,True
2026-09-11 07:09:42.314045+00:00,sess-oh7gqrcaidamtwm502y,c-9bc15435-eaca-4508-8743-6f7076b4c2ae,beta_A,control,quest,0.17460762487270787,True,2026-09-06T14:21:45Z,https://calmforest.cloud,e449a249-1fea-49e0-9cda-615810f132ca,2026-09-11 07:06:40.435000+00:00,2026-09-11 07:38:12.045000+00:00,1892,1709,1,True
2026-09-11 07:09:44.243381+00:00,sess-oh7gqrcaidamtwm502y,c-9bc15435-eaca-4508-8743-6f7076b4c2ae,beta_A,control,quest,0.17682377071519564,True,2026-09-06T14:21:45Z,https://calmforest.cloud,e449a249-1fea-49e0-9cda-615810f132ca,2026-09-11 07:06:40.435000+00:00,2026-09-11 07:38:12.045000+00:00,1892,1707,1,True
2026-09-11 07:10:10.017207+00:00,sess-oh7gqrcaidamtwm502y,c-9bc15435-eaca-4508-8743-6f7076b4c2ae,beta_A,control,quest,0.1711171196531273,True,2026-09-06T14:21:45Z,https://calmforest.cloud,e449a249-1fea-49e0-9cda-615810f132ca,2026-09-11 07:06:40.435000+00:00,2026-09-11 07:38:12.045000+00:00,1892,1682,1,True
2026-09-11 07:10:16.131344+00:00,sess-oh7gqrcaidamtwm502y,c-9bc15435-eaca-4508-8743-6f7076b4c2ae,beta_A,control,quest,0.17140937977018578,True,2026-09-06T14:21:45Z,https://calmforest.cloud,e449a249-1fea-49e0-9cda-615810f132ca,2026-09-11 07:06:40.435000+00:00,2026-09-11 07:38:12.045000+00:00,1892,1675,1,True
2026-09-11 07:10:17.402326+00:00,sess-oh7gqrcaidamtwm502y,c-9bc15435-eaca-4508-8743-6f7076b4c2ae,beta_A,control,quest,0.1522125355879055,True,2026-09-06T14:21:45Z,https://calmforest.cloud,e449a249-1fea-49e0-9cda-615810f132ca,2026-09-11 07:06:40.435000+00:00,2026-09-11 07:38:12.045000+00:00,1892,1674,1,True
2026-09-11 07:10:20.930702+00:00,sess-oh7gqrcaidamtwm502y,c-9bc15435-eaca-4508-8743-6f7076b4c2ae,beta_A,control,quest,0.17109712282210904,True,2026-09-06T14:21:45Z,https://calmforest.cloud,e449a249-1fea-49e0-9cda-615810f132ca,2026-09-11 07:06:40.435000+00:00,2026-09-11 07:38:12.045000+00:00,1892,1671,1,True
2026-09-11 07:10:22.226535+00:00,sess-oh7gqrcaidamtwm502y,c-9bc15435-eaca-4508-8743-6f7076b4c2ae,beta_A,control,quest,0.17307304918658656,True,2026-09-06T14:21:45Z,https://calmforest.cloud,e449a249-1fea-49e0-9cda-615810f132ca,2026-09-11 07:06:40.435000+00:00,2026-09-11 07:38:12.045000+00:00,1892,1669,1,True
2026-09-11 07:10:23.912099+00:00,sess-oh7gqrcaidamtwm502y,c-9bc15435-eaca-4508-8743-6f7076b4c2ae,beta_A,control,quest,0.17298567337803927,True,2026-09-06T14:21:45Z,https://calmforest.cloud,e449a249-1fea-49e0-9cda-615810f132ca,2026-09-11 07:06:40.435000+00:00,2026-09-11 07:38:12.045000+00:00,1892,1668,1,True
2026-09-11 07:10:24.550443+00:00,sess-oh7gqrcaidamtwm502y,c-9bc15435-eaca-4508-8743-6f7076b4c2ae,beta_A,control,quest,0.08129627511910147,False,2026-09-06T14:21:45Z,https://calmforest.cloud,e449a249-1fea-49e0-9cda-615810f132ca,2026-09-11 07:06:40.435000+00:00,2026-09-11 07:38:12.045000+00:00,1892,1667,1,False
2026-09-11 07:10:26.694163+00:00,sess-oh7gqrcaidamtwm502y,c-9bc15435-eaca-4508-8743-6f7076b4c2ae,beta_A,control,quest,0.17136663007448527,True,2026-09-06T14:21:45Z,https://calmforest.cloud,e449a249-1fea-49e0-9cda-615810f132ca,2026-09-11 07:06:40.435000+00:00,2026-09-11 07:38:12.045000+00:00,1892,1665,1,True
2026-09-11 07:10:28.424611+00:00,sess-oh7gqrcaidamtwm502y,c-9bc15435-eaca-4508-8743-6f7076b4c2ae,beta_A,control,quest,0.16894655973867123,True,2026-09-06T14:21:45Z,https://calmforest.cloud,e449a249-1fea-49e0-9cda-615810f132ca,2026-09-11 07:06:40.435000+00:00,2026-09-11 07:38:12.045000+00:00,1892,1663,1,True
2026-09-11 07:10:31.163478+00:00,sess-oh7gqrcaidamtwm502y,c-9bc15435-eaca-4508-8743-6f7076b4c2ae,beta_A,control,quest,0.16794650024087168,True,2026-09-06T14:21:45Z,https://calmforest.cloud,e449a249-1fea-49e0-9cda-615810f132ca,2026-09-11 07:06:40.435000+00:00,2026-09-11 07:38:12.045000+00:00,1892,1660,1,True
2026-09-11 07:10:33.233507+00:00,sess-oh7gqrcaidamtwm502y,c-9bc15435-eaca-4508-8743-6f7076b4c2ae,beta_A,control,quest,0.17073169136631952,True,2026-09-06T14:21:45Z,https://calmforest.cloud,e449a249-1fea-49e0-9cda-615810f132ca,2026-09-11 07:06:40.435000+00:00,2026-09-11 07:38:12.045000+00:00,1892,1658,1,True
2026-09-11 07:13:19.503552+00:00,sess-oh7gqrcaidamtwm502y,c-9bc15435-eaca-4508-8743-6f7076b4c2ae,beta_A,control,quest,0.231192945739685,True,2026-09-06T14:21:45Z,https://calmforest.cloud,e449a249-1fea-49e0-9cda-615810f132ca,2026-09-11 07:06:40.435000+00:00,2026-09-11 07:38:12.045000+00:00,1892,1492,1,True
2026-09-11 07:13:20.853103+00:00,sess-oh7gqrcaidamtwm502y,c-9bc15435-eaca-4508-8743-6f7076b4c2ae,beta_A,control,quest,0.15384834376019443,True,2026-09-06T14:21:45Z,https://calmforest.cloud,e449a249-1fea-49e0-9cda-615810f132ca,2026-09-11 07:06:40.435000+00:00,2026-09-11 07:38:12.045000+00:00,1892,1491,1,True
2026-09-11 07:13:21.686130+00:00,sess-oh7gqrcaidamtwm502y,c-9bc15435-eaca-4508-8743-6f7076b4c2ae,beta_A,control,quest,0.15263711974711786,True,2026-09-06T14:21:45Z,https://calmforest.cloud,e449a249-1fea-49e0-9cda-615810f132ca,2026-09-11 07:06:40.435000+00:00,2026-09-11 07:38:12.045000+00:00,1892,1490,1,True
2026-09-11 07:13:23.353991+00:00,sess-oh7gqrcaidamtwm502y,c-9bc15435-eaca-4508-8743-6f7076b4c2ae,beta_A,control,quest,0.1742615000270733,True,2026-09-06T14:21:45Z,https://calmforest.cloud,e449a249-1fea-49e0-9cda-615810f132ca,2026-09-11 07:06:40.435000+00:00,2026-09-11 07:38:12.045000+00:00,1892,1488,1,True
2026-09-11 07:13:33.155370+00:00,sess-oh7gqrcaidamtwm502y,c-9bc15435-eaca-4508-8743-6f7076b4c2ae,beta_A,control,quest,0.17092991358725101,True,2026-09-06T14:21:45Z,https://calmforest.cloud,e449a249-1fea-49e0-9cda-615810f132ca,2026-09-11 07:06:40.435000+00:00,2026-09-11 07:38:12.045000+00:00,1892,1478,1,True
2026-09-11 07:13:33.910250+00:00,sess-oh7gqrcaidamtwm502y,c-9bc15435-eaca-4508-8743-6f7076b4c2ae,beta_A,control,quest,0.17236716800184365,True,2026-09-06T14:21:45Z,https://calmforest.cloud,e449a249-1fea-49e0-9cda-615810f132ca,2026-09-11 07:06:40.435000+00:00,2026-09-11 07:38:12.045000+00:00,1892,1478,1,True
2026-09-11 07:13:34.852105+00:00,sess-oh7gqrcaidamtwm502y,c-9bc15435-eaca-4508-8743-6f7076b4c2ae,beta_A,control,quest,0.17236716800184365,True,2026-09-06T14:21:45Z,https://calmforest.cloud,e449a249-1fea-49e0-9cda-615810f132ca,2026-09-11 07:06:40.435000+00:00,2026-09-11 07:38:12.045000+00:00,1892,1477,1,True
2026-09-11 07:13:37.781613+00:00,sess-oh7gqrcaidamtwm502y,c-9bc15435-eaca-4508-8743-6f7076b4c2ae,beta_A,control,quest,0.17407148467632466,True,2026-09-06T14:21:45Z,https://calmforest.cloud,e449a249-1fea-49e0-9cda-615810f132ca,2026-09-11 07:06:40.435000+00:00,2026-09-11 07:38:12.045000+00:00,1892,1474,1,True
2026-09-11 07:13:40.903319+00:00,sess-oh7gqrcaidamtwm502y,c-9bc15435-eaca-4508-8743-6f7076b4c2ae,beta_A,control,quest,0.1577638583637598,True,2026-09-06T14:21:45Z,https://calmforest.cloud,e449a249-1fea-49e0-9cda-615810f132ca,2026-09-11 07:06:40.435000+00:00,2026-09-11 07:38:12.045000+00:00,1892,1471,1,True
2026-09-11 07:14:05.040800+00:00,sess-oh7gqrcaidamtwm502y,c-9bc15435-eaca-4508-8743-6f7076b4c2ae,beta_A,control,quest,0.1644450826198015,True,2026-09-06T14:21:45Z,https://calmforest.cloud,e449a249-1fea-49e0-9cda-615810f132ca,2026-09-11 07:06:40.435000+00:00,2026-09-11 07:38:12.045000+00:00,1892,1447,1,True
2026-09-11 07:14:05.870270+00:00,sess-oh7gqrcaidamtwm502y,c-9bc15435-eaca-4508-8743-6f7076b4c2ae,beta_A,control,quest,0.15855472953226935,True,2026-09-06T14:21:45Z,https://calmforest.cloud,e449a249-1fea-49e0-9cda-615810f132ca,2026-09-11 07:06:40.435000+00:00,2026-09-11 07:38:12.045000+00:00,1892,1446,1,True
2026-09-11 07:14:08.452293+00:00,sess-oh7gqrcaidamtwm502y,c-9bc15435-eaca-4508-8743-6f7076b4c2ae,beta_A,control,quest,0.16895991970365776,True,2026-09-06T14:21:45Z,https://calmforest.cloud,e449a249-1fea-49e0-9cda-615810f132ca,2026-09-11 07:06:40.435000+00:00,2026-09-11 07:38:12.045000+00:00,1892,1443,1,True
2026-09-11 07:14:09.162616+00:00,sess-oh7gqrcaidamtwm502y,c-9bc15435-eaca-4508-8743-6f7076b4c2ae,beta_A,control,quest,0.17437059977696373,True,2026-09-06T14:21:45Z,https://calmforest.cloud,e449a249-1fea-49e0-9cda-615810f132ca,2026-09-11 07:06:40.435000+00:00,2026-09-11 07:38:12.045000+00:00,1892,1442,1,True
2026-09-11 07:14:12.269381+00:00,sess-oh7gqrcaidamtwm502y,c-9bc15435-eaca-4508-8743-6f7076b4c2ae,beta_A,control,quest,0.17267960523029943,True,2026-09-06T14:21:45Z,https://calmforest.cloud,e449a249-1fea-49e0-9cda-615810f132ca,2026-09-11 07:06:40.435000+00:00,2026-09-11 07:38:12.045000+00:00,1892,1439,1,True
2026-09-11 07:14:14.747325+00:00,sess-oh7gqrcaidamtwm502y,c-9bc15435-eaca-4508-8743-6f7076b4c2ae,beta_A,control,quest,0.1751225057622597,True,2026-09-06T14:21:45Z,https://calmforest.cloud,e449a249-1fea-49e0-9cda-615810f132ca,2026-09-11 07:06:40.435000+00:00,2026-09-11 07:38:12.045000+00:00,1892,1437,1,True
2026-09-11 07:14:38.176046+00:00,sess-oh7gqrcaidamtwm502y,c-9bc15435-eaca-4508-8743-6f7076b4c2ae,beta_A,control,quest,0.17115972293594586,True,2026-09-06T14:21:45Z,https://calmforest.cloud,e449a249-1fea-49e0-9cda-615810f132ca,2026-09-11 07:06:40.435000+00:00,2026-09-11 07:38:12.045000+00:00,1892,1413,1,True
2026-09-11 07:14:39.073972+00:00,sess-oh7gqrcaidamtwm502y,c-9bc15435-eaca-4508-8743-6f7076b4c2ae,beta_A,control,quest,0.16918073350346205,True,2026-09-06T14:21:45Z,https://calmforest.cloud,e449a249-1fea-49e0-9cda-615810f132ca,2026-09-11 07:06:40.435000+00:00,2026-09-11 07:38:12.045000+00:00,1892,1412,1,True
2026-09-11 07:15:17.842128+00:00,sess-oh7gqrcaidamtwm502y,c-9bc15435-eaca-4508-8743-6f7076b4c2ae,beta_A,control,quest,0.17056289032027602,True,2026-09-06T14:21:45Z,https://calmforest.cloud,e449a249-1fea-49e0-9cda-615810f132ca,2026-09-11 07:06:40.435000+00:00,2026-09-11 07:38:12.045000+00:00,1892,1374,1,True
2026-09-11 07:15:18.775080+00:00,sess-oh7gqrcaidamtwm502y,c-9bc15435-eaca-4508-8743-6f7076b4c2ae,beta_A,control,quest,0.1586193425706333,True,2026-09-06T14:21:45Z,https://calmforest.cloud,e449a249-1fea-49e0-9cda-615810f132ca,2026-09-11 07:06:40.435000+00:00,2026-09-11 07:38:12.045000+00:00,1892,1373,1,True
2026-09-11 07:15:20.186147+00:00,sess-oh7gqrcaidamtwm502y,c-9bc15435-eaca-4508-8743-6f7076b4c2ae,beta_A,control,quest,0.15103947485830205,True,2026-09-06T14:21:45Z,https://calmforest.cloud,e449a249-1fea-49e0-9cda-615810f132ca,2026-09-11 07:06:40.435000+00:00,2026-09-11 07:38:12.045000+00:00,1892,1371,1,True
2026-09-11 07:15:22.226252+00:00,sess-oh7gqrcaidamtwm502y,c-9bc15435-eaca-4508-8743-6f7076b4c2ae,beta_A,control,quest,0.15550480915562517,True,2026-09-06T14:21:45Z,https://calmforest.cloud,e449a249-1fea-49e0-9cda-615810f132ca,2026-09-11 07:06:40.435000+00:00,2026-09-11 07:38:12.045000+00:00,1892,1369,1,True
2026-09-11 07:15:24.650071+00:00,sess-oh7gqrcaidamtwm502y,c-9bc15435-eaca-4508-8743-6f7076b4c2ae,beta_A,control,quest,0.16941348000998308,True,2026-09-06T14:21:45Z,https://calmforest.cloud,e449a249-1fea-49e0-9cda-615810f132ca,2026-09-11 07:06:40.435000+00:00,2026-09-11 07:38:12.045000+00:00,1892,1367,1,True
2026-09-11 07:27:13.794086+00:00,sess-oh7gqrcaidamtwm502y,c-9bc15435-eaca-4508-8743-6f7076b4c2ae,beta_A,control,quest,0.15520581805245937,True,2026-09-06T14:21:45Z,https://calmforest.cloud,e449a249-1fea-49e0-9cda-615810f132ca,2026-09-11 07:06:40.435000+00:00,2026-09-11 07:38:12.045000+00:00,1892,658,1,True
2026-09-11 07:27:13.963939+00:00,sess-oh7gqrcaidamtwm502y,c-9bc15435-eaca-4508-8743-6f7076b4c2ae,beta_A,control,quest,0.16108675799533959,True,2026-09-06T14:21:45Z,https://calmforest.cloud,e449a249-1fea-49e0-9cda-615810f132ca,2026-09-11 07:06:40.435000+00:00,2026-09-11 07:38:12.045000+00:00,1892,658,1,True
2026-09-11 07:27:22.391790+00:00,sess-oh7gqrcaidamtwm502y,c-9bc15435-eaca-4508-8743-6f7076b4c2ae,beta_A,control,quest,0.17283154865059652,True,2026-09-06T14:21:45Z,https://calmforest.cloud,e449a249-1fea-49e0-9cda-615810f132ca,2026-09-11 07:06:40.435000+00:00,2026-09-11 07:38:12.045000+00:00,1892,649,1,True
2026-09-11 07:27:25.199659+00:00,sess-oh7gqrcaidamtwm502y,c-9bc15435-eaca-4508-8743-6f7076b4c2ae,beta_A,control,quest,0.16842253692905104,True,2026-09-06T14:21:45Z,https://calmforest.cloud,e449a249-1fea-49e0-9cda-615810f132ca,2026-09-11 07:06:40.435000+00:00,2026-09-11 07:38:12.045000+00:00,1892,646,1,True
2026-09-11 07:27:53.766144+00:00,sess-oh7gqrcaidamtwm502y,c-9bc15435-eaca-4508-8743-6f7076b4c2ae,beta_A,control,quest,0.1682546430769294,True,2026-09-06T14:21:45Z,https://calmforest.cloud,e449a249-1fea-49e0-9cda-615810f132ca,2026-09-11 07:06:40.435000+00:00,2026-09-11 07:38:12.045000+00:00,1892,618,1,True
2026-09-11 07:27:55.069158+00:00,sess-oh7gqrcaidamtwm502y,c-9bc15435-eaca-4508-8743-6f7076b4c2ae,beta_A,control,quest,0.152929668135672,True,2026-09-06T14:21:45Z,https://calmforest.cloud,e449a249-1fea-49e0-9cda-615810f132ca,2026-09-11 07:06:40.435000+00:00,2026-09-11 07:38:12.045000+00:00,1892,616,1,True
2026-09-11 07:27:55.506926+00:00,sess-oh7gqrcaidamtwm502y,c-9bc15435-eaca-4508-8743-6f7076b4c2ae,beta_A,control,quest,0.1549269819045106,True,2026-09-06T14:21:45Z,https://calmforest.cloud,e449a249-1fea-49e0-9cda-615810f132ca,2026-09-11 07:06:40.435000+00:00,2026-09-11 07:38:12.045000+00:00,1892,616,1,True
2026-09-11 07:27:57.131874+00:00,sess-oh7gqrcaidamtwm502y,c-9bc15435-eaca-4508-8743-6f7076b4c2ae,beta_A,control,quest,0.15228015640845197,True,2026-09-06T14:21:45Z,https://calmforest.cloud,e449a249-1fea-49e0-9cda-615810f132ca,2026-09-11 07:06:40.435000+00:00,2026-09-11 07:38:12.045000+00:00,1892,614,1,True
2026-09-11 07:27:57.744867+00:00,sess-oh7gqrcaidamtwm502y,c-9bc15435-eaca-4508-8743-6f7076b4c2ae,beta_A,control,quest,0.1514711833373581,True,2026-09-06T14:21:45Z,https://calmforest.cloud,e449a249-1fea-49e0-9cda-615810f132ca,2026-09-11 07:06:40.435000+00:00,2026-09-11 07:38:12.045000+00:00,1892,614,1,True
2026-09-11 07:28:14.241106+00:00,sess-oh7gqrcaidamtwm502y,c-9bc15435-eaca-4508-8743-6f7076b4c2ae,beta_A,control,quest,0.16118806921330608,True,2026-09-06T14:21:45Z,https://calmforest.cloud,e449a249-1fea-49e0-9cda-615810f132ca,2026-09-11 07:06:40.435000+00:00,2026-09-11 07:38:12.045000+00:00,1892,597,1,True
2026-09-11 07:28:15.203309+00:00,sess-oh7gqrcaidamtwm502y,c-9bc15435-eaca-4508-8743-6f7076b4c2ae,beta_A,control,quest,0.1353349467593461,False,2026-09-06T14:21:45Z,https://calmforest.cloud,e449a249-1fea-49e0-9cda-615810f132ca,2026-09-11 07:06:40.435000+00:00,2026-09-11 07:38:12.045000+00:00,1892,596,1,False
2026-09-11 07:28:15.561940+00:00,sess-oh7gqrcaidamtwm502y,c-9bc15435-eaca-4508-8743-6f7076b4c2ae,beta_A,control,quest,0.1353349467593461,False,2026-09-06T14:21:45Z,https://calmforest.cloud,e449a249-1fea-49e0-9cda-615810f132ca,2026-09-11 07:06:40.435000+00:00,2026-09-11 07:38:12.045000+00:00,1892,596,1,False
2026-09-11 07:28:17.269899+00:00,sess-oh7gqrcaidamtwm502y,c-9bc15435-eaca-4508-8743-6f7076b4c2ae,beta_A,control,quest,0.14337902306287598,True,2026-09-06T14:21:45Z,https://calmforest.cloud,e449a249-1fea-49e0-9cda-615810f132ca,2026-09-11 07:06:40.435000+00:00,2026-09-11 07:38:12.045000+00:00,1892,594,1,True
2026-09-11 07:29:04.749178+00:00,sess-oh7gqrcaidamtwm502y,c-9bc15435-eaca-4508-8743-6f7076b4c2ae,beta_A,control,quest,0.14676599147849034,True,2026-09-06T14:21:45Z,https://calmforest.cloud,e449a249-1fea-49e0-9cda-615810f132ca,2026-09-11 07:06:40.435000+00:00,2026-09-11 07:38:12.045000+00:00,1892,547,1,True
2026-09-11 07:29:05.045576+00:00,sess-oh7gqrcaidamtwm502y,c-9bc15435-eaca-4508-8743-6f7076b4c2ae,beta_A,control,quest,0.16103152133751983,True,2026-09-06T14:21:45Z,https://calmforest.cloud,e449a249-1fea-49e0-9cda-615810f132ca,2026-09-11 07:06:40.435000+00:00,2026-09-11 07:38:12.045000+00:00,1892,546,1,True
2026-09-11 07:29:06.828572+00:00,sess-oh7gqrcaidamtwm502y,c-9bc15435-eaca-4508-8743-6f7076b4c2ae,beta_A,control,quest,0.15127687891783673,True,2026-09-06T14:21:45Z,https://calmforest.cloud,e449a249-1fea-49e0-9cda-615810f132ca,2026-09-11 07:06:40.435000+00:00,2026-09-11 07:38:12.045000+00:00,1892,545,1,True
2026-09-11 07:29:08.959790+00:00,sess-oh7gqrcaidamtwm502y,c-9bc15435-eaca-4508-8743-6f7076b4c2ae,beta_A,control,quest,0.16594935528382787,True,2026-09-06T14:21:45Z,https://calmforest.cloud,e449a249-1fea-49e0-9cda-615810f132ca,2026-09-11 07:06:40.435000+00:00,2026-09-11 07:38:12.045000+00:00,1892,543,1,True
2026-09-11 07:29:38.062798+00:00,sess-oh7gqrcaidamtwm502y,c-9bc15435-eaca-4508-8743-6f7076b4c2ae,beta_A,control,quest,0.1512644185831319,True,2026-09-06T14:21:45Z,https://calmforest.cloud,e449a249-1fea-49e0-9cda-615810f132ca,2026-09-11 07:06:40.435000+00:00,2026-09-11 07:38:12.045000+00:00,1892,513,1,True
2026-09-11 07:29:38.665823+00:00,sess-oh7gqrcaidamtwm502y,c-9bc15435-eaca-4508-8743-6f7076b4c2ae,beta_A,control,quest,0.16470351931450103,True,2026-09-06T14:21:45Z,https://calmforest.cloud,e449a249-1fea-49e0-9cda-615810f132ca,2026-09-11 07:06:40.435000+00:00,2026-09-11 07:38:12.045000+00:00,1892,513,1,True
2026-09-11 07:29:59.782425+00:00,sess-oh7gqrcaidamtwm502y,c-9bc15435-eaca-4508-8743-6f7076b4c2ae,beta_A,control,quest,0.17120495433115118,True,2026-09-06T14:21:45Z,https://calmforest.cloud,e449a249-1fea-49e0-9cda-615810f132ca,2026-09-11 07:06:40.435000+00:00,2026-09-11 07:38:12.045000+00:00,1892,492,1,True
2026-09-11 07:30:00.595110+00:00,sess-oh7gqrcaidamtwm502y,c-9bc15435-eaca-4508-8743-6f7076b4c2ae,beta_A,control,quest,0.17121419952434483,True,2026-09-06T14:21:45Z,https://calmforest.cloud,e449a249-1fea-49e0-9cda-615810f132ca,2026-09-11 07:06:40.435000+00:00,2026-09-11 07:38:12.045000+00:00,1892,491,1,True
2026-09-11 07:30:01.812393+00:00,sess-oh7gqrcaidamtwm502y,c-9bc15435-eaca-4508-8743-6f7076b4c2ae,beta_A,control,quest,0.1503819306485866,True,2026-09-06T14:21:45Z,https://calmforest.cloud,e449a249-1fea-49e0-9cda-615810f132ca,2026-09-11 07:06:40.435000+00:00,2026-09-11 07:38:12.045000+00:00,1892,490,1,True
2026-09-11 07:30:38.595717+00:00,sess-oh7gqrcaidamtwm502y,c-9bc15435-eaca-4508-8743-6f7076b4c2ae,beta_A,control,quest,0.17853722501028546,True,2026-09-06T14:21:45Z,https://calmforest.cloud,e449a249-1fea-49e0-9cda-615810f132ca,2026-09-11 07:06:40.435000+00:00,2026-09-11 07:38:12.045000+00:00,1892,453,1,True
2026-09-11 07:30:40.403547+00:00,sess-oh7gqrcaidamtwm502y,c-9bc15435-eaca-4508-8743-6f7076b4c2ae,beta_A,control,quest,0.15560205670368119,True,2026-09-06T14:21:45Z,https://calmforest.cloud,e449a249-1fea-49e0-9cda-615810f132ca,2026-09-11 07:06:40.435000+00:00,2026-09-11 07:38:12.045000+00:00,1892,451,1,True
2026-09-11 07:31:16.743658+00:00,sess-oh7gqrcaidamtwm502y,c-9bc15435-eaca-4508-8743-6f7076b4c2ae,beta_A,control,quest,0.157423699690628,True,2026-09-06T14:21:45Z,https://calmforest.cloud,e449a249-1fea-49e0-9cda-615810f132ca,2026-09-11 07:06:40.435000+00:00,2026-09-11 07:38:12.045000+00:00,1892,415,1,True
2026-09-11 07:31:17.506236+00:00,sess-oh7gqrcaidamtwm502y,c-9bc15435-eaca-4508-8743-6f7076b4c2ae,beta_A,control,quest,0.15255800221833318,True,2026-09-06T14:21:45Z,https://calmforest.cloud,e449a249-1fea-49e0-9cda-615810f132ca,2026-09-11 07:06:40.435000+00:00,2026-09-11 07:38:12.045000+00:00,1892,414,1,True
2026-09-11 07:31:18.050653+00:00,sess-oh7gqrcaidamtwm502y,c-9bc15435-eaca-4508-8743-6f7076b4c2ae,beta_A,control,quest,0.16167980407323773,True,2026-09-06T14:21:45Z,https://calmforest.cloud,e449a249-1fea-49e0-9cda-615810f132ca,2026-09-11 07:06:40.435000+00:00,2026-09-11 07:38:12.045000+00:00,1892,413,1,True
2026-09-11 07:31:19.164461+00:00,sess-oh7gqrcaidamtwm502y,c-9bc15435-eaca-4508-8743-6f7076b4c2ae,beta_A,control,quest,0.162557071191419,True,2026-09-06T14:21:45Z,https://calmforest.cloud,e449a249-1fea-49e0-9cda-615810f132ca,2026-09-11 07:06:40.435000+00:00,2026-09-11 07:38:12.045000+00:00,1892,412,1,True
2026-09-11 07:31:29.159117+00:00,sess-oh7gqrcaidamtwm502y,c-9bc15435-eaca-4508-8743-6f7076b4c2ae,beta_A,control,quest,0.1546604949929537,True,2026-09-06T14:21:45Z,https://calmforest.cloud,e449a249-1fea-49e0-9cda-615810f132ca,2026-09-11 07:06:40.435000+00:00,2026-09-11 07:38:12.045000+00:00,1892,402,1,True
2026-09-11 07:31:30.022450+00:00,sess-oh7gqrcaidamtwm502y,c-9bc15435-eaca-4508-8743-6f7076b4c2ae,beta_A,control,quest,0.14010012494662527,True,2026-09-06T14:21:45Z,https://calmforest.cloud,e449a249-1fea-49e0-9cda-615810f132ca,2026-09-11 07:06:40.435000+00:00,2026-09-11 07:38:12.045000+00:00,1892,402,1,True
2026-09-11 08:42:28.615791+00:00,sess-o2gvp2v15pmtwpjrdl,c-530d5746-aad0-4dd7-b3f4-50abb3ad39a5,beta_B,control,time15,0.4778845681653939,True,2026-09-06T14:21:45Z,https://calmforest.cloud,e9e102ad-dc26-4d4f-9aab-0c8b2df0e925,2026-09-11 08:42:07.861000+00:00,2026-09-11 08:52:26.772000+00:00,619,598,1,True
2026-09-11 08:42:29.035620+00:00,sess-o2gvp2v15pmtwpjrdl,c-530d5746-aad0-4dd7-b3f4-50abb3ad39a5,beta_B,control,quest,0.1714992067083628,True,2026-09-06T14:21:45Z,https://calmforest.cloud,e9e102ad-dc26-4d4f-9aab-0c8b2df0e925,2026-09-11 08:42:07.861000+00:00,2026-09-11 08:52:26.772000+00:00,619,597,1,True
2026-09-11 08:42:35.773408+00:00,sess-o2gvp2v15pmtwpjrdl,c-530d5746-aad0-4dd7-b3f4-50abb3ad39a5,beta_B,control,quest,0.15929660841169074,True,2026-09-06T14:21:45Z,https://calmforest.cloud,e9e102ad-dc26-4d4f-9aab-0c8b2df0e925,2026-09-11 08:42:07.861000+00:00,2026-09-11 08:52:26.772000+00:00,619,590,1,True
2026-09-11 08:42:40.267044+00:00,sess-o2gvp2v15pmtwpjrdl,c-530d5746-aad0-4dd7-b3f4-50abb3ad39a5,beta_B,control,quest,0.1716486669188947,True,2026-09-06T14:21:45Z,https://calmforest.cloud,e9e102ad-dc26-4d4f-9aab-0c8b2df0e925,2026-09-11 08:42:07.861000+00:00,2026-09-11 08:52:26.772000+00:00,619,586,1,True
2026-09-11 08:43:36.572932+00:00,sess-o2gvp2v15pmtwpjrdl,c-530d5746-aad0-4dd7-b3f4-50abb3ad39a5,beta_B,control,quest,0.1711913396835741,True,2026-09-06T14:21:45Z,https://calmforest.cloud,e9e102ad-dc26-4d4f-9aab-0c8b2df0e925,2026-09-11 08:42:07.861000+00:00,2026-09-11 08:52:26.772000+00:00,619,530,1,True
2026-09-11 08:43:40.604447+00:00,sess-o2gvp2v15pmtwpjrdl,c-530d5746-aad0-4dd7-b3f4-50abb3ad39a5,beta_B,control,quest,0.10925738723434819,False,2026-09-06T14:21:45Z,https://calmforest.cloud,e9e102ad-dc26-4d4f-9aab-0c8b2df0e925,2026-09-11 08:42:07.861000+00:00,2026-09-11 08:52:26.772000+00:00,619,526,1,False
2026-09-11 08:43:42.173774+00:00,sess-o2gvp2v15pmtwpjrdl,c-530d5746-aad0-4dd7-b3f4-50abb3ad39a5,beta_B,control,quest,0.10925738723434819,False,2026-09-06T14:21:45Z,https://calmforest.cloud,e9e102ad-dc26-4d4f-9aab-0c8b2df0e925,2026-09-11 08:42:07.861000+00:00,2026-09-11 08:52:26.772000+00:00,619,524,1,False
2026-09-11 08:43:45.402407+00:00,sess-o2gvp2v15pmtwpjrdl,c-530d5746-aad0-4dd7-b3f4-50abb3ad39a5,beta_B,control,quest,0.13589145200248184,False,2026-09-06T14:21:45Z,https://calmforest.cloud,e9e102ad-dc26-4d4f-9aab-0c8b2df0e925,2026-09-11 08:42:07.861000+00:00,2026-09-11 08:52:26.772000+00:00,619,521,1,False
2026-09-11 08:44:00.606002+00:00,sess-o2gvp2v15pmtwpjrdl,c-530d5746-aad0-4dd7-b3f4-50abb3ad39a5,beta_B,control,quest,0.1746756529637467,True,2026-09-06T14:21:45Z,https://calmforest.cloud,e9e102ad-dc26-4d4f-9aab-0c8b2df0e925,2026-09-11 08:42:07.861000+00:00,2026-09-11 08:52:26.772000+00:00,619,506,1,True
2026-09-11 08:44:02.112405+00:00,sess-o2gvp2v15pmtwpjrdl,c-530d5746-aad0-4dd7-b3f4-50abb3ad39a5,beta_B,control,quest,0.17889163916828246,True,2026-09-06T14:21:45Z,https://calmforest.cloud,e9e102ad-dc26-4d4f-9aab-0c8b2df0e925,2026-09-11 08:42:07.861000+00:00,2026-09-11 08:52:26.772000+00:00,619,504,1,True
2026-09-11 08:44:03.021746+00:00,sess-o2gvp2v15pmtwpjrdl,c-530d5746-aad0-4dd7-b3f4-50abb3ad39a5,beta_B,control,quest,0.17889163916828246,True,2026-09-06T14:21:45Z,https://calmforest.cloud,e9e102ad-dc26-4d4f-9aab-0c8b2df0e925,2026-09-11 08:42:07.861000+00:00,2026-09-11 08:52:26.772000+00:00,619,503,1,True
2026-09-11 08:44:08.100480+00:00,sess-o2gvp2v15pmtwpjrdl,c-530d5746-aad0-4dd7-b3f4-50abb3ad39a5,beta_B,control,quest,0.17831177140531826,True,2026-09-06T14:21:45Z,https://calmforest.cloud,e9e102ad-dc26-4d4f-9aab-0c8b2df0e925,2026-09-11 08:42:07.861000+00:00,2026-09-11 08:52:26.772000+00:00,619,498,1,True
2026-09-11 08:44:12.723752+00:00,sess-o2gvp2v15pmtwpjrdl,c-530d5746-aad0-4dd7-b3f4-50abb3ad39a5,beta_B,control,quest,0.17063998447634743,True,2026-09-06T14:21:45Z,https://calmforest.cloud,e9e102ad-dc26-4d4f-9aab-0c8b2df0e925,2026-09-11 08:42:07.861000+00:00,2026-09-11 08:52:26.772000+00:00,619,494,1,True
2026-09-11 08:44:29.184899+00:00,sess-o2gvp2v15pmtwpjrdl,c-530d5746-aad0-4dd7-b3f4-50abb3ad39a5,beta_B,control,quest,0.17091470993527969,True,2026-09-06T14:21:45Z,https://calmforest.cloud,e9e102ad-dc26-4d4f-9aab-0c8b2df0e925,2026-09-11 08:42:07.861000+00:00,2026-09-11 08:52:26.772000+00:00,619,477,1,True
2026-09-11 08:44:32.405209+00:00,sess-o2gvp2v15pmtwpjrdl,c-530d5746-aad0-4dd7-b3f4-50abb3ad39a5,beta_B,control,quest,0.07709684814279072,False,2026-09-06T14:21:45Z,https://calmforest.cloud,e9e102ad-dc26-4d4f-9aab-0c8b2df0e925,2026-09-11 08:42:07.861000+00:00,2026-09-11 08:52:26.772000+00:00,619,474,1,False
2026-09-11 08:44:34.032123+00:00,sess-o2gvp2v15pmtwpjrdl,c-530d5746-aad0-4dd7-b3f4-50abb3ad39a5,beta_B,control,quest,0.07590695591839954,False,2026-09-06T14:21:45Z,https://calmforest.cloud,e9e102ad-dc26-4d4f-9aab-0c8b2df0e925,2026-09-11 08:42:07.861000+00:00,2026-09-11 08:52:26.772000+00:00,619,472,1,False
2026-09-11 08:44:37.032871+00:00,sess-o2gvp2v15pmtwpjrdl,c-530d5746-aad0-4dd7-b3f4-50abb3ad39a5,beta_B,control,quest,0.09549391216320897,False,2026-09-06T14:21:45Z,https://calmforest.cloud,e9e102ad-dc26-4d4f-9aab-0c8b2df0e925,2026-09-11 08:42:07.861000+00:00,2026-09-11 08:52:26.772000+00:00,619,469,1,False
2026-09-11 08:44:59.145554+00:00,sess-o2gvp2v15pmtwpjrdl,c-530d5746-aad0-4dd7-b3f4-50abb3ad39a5,beta_B,control,quest,0.17101018965592907,True,2026-09-06T14:21:45Z,https://calmforest.cloud,e9e102ad-dc26-4d4f-9aab-0c8b2df0e925,2026-09-11 08:42:07.861000+00:00,2026-09-11 08:52:26.772000+00:00,619,447,1,True
2026-09-11 08:45:00.654003+00:00,sess-o2gvp2v15pmtwpjrdl,c-530d5746-aad0-4dd7-b3f4-50abb3ad39a5,beta_B,control,quest,0.1712316475717286,True,2026-09-06T14:21:45Z,https://calmforest.cloud,e9e102ad-dc26-4d4f-9aab-0c8b2df0e925,2026-09-11 08:42:07.861000+00:00,2026-09-11 08:52:26.772000+00:00,619,446,1,True
2026-09-11 08:46:04.144522+00:00,sess-y4zne6obnmpmtwpofq0,c-d0173dd9-8e73-43f0-9c3b-016844ffa5a6,beta_B,treat,time15,0.469397870754013,True,2026-09-06T14:21:45Z,https://calmforest.cloud,96ce06d2-f9f0-4eaa-ae7e-f85a84b100b5,2026-09-11 08:45:46.017000+00:00,2026-09-11 08:54:33.763000+00:00,528,509,1,True
2026-09-11 08:51:04.394640+00:00,sess-y4zne6obnmpmtwpofq0,c-d0173dd9-8e73-43f0-9c3b-016844ffa5a6,beta_B,treat,quest,0.1575219170619956,True,2026-09-06T14:21:45Z,https://calmforest.cloud,96ce06d2-f9f0-4eaa-ae7e-f85a84b100b5,2026-09-11 08:45:46.017000+00:00,2026-09-11 08:54:33.763000+00:00,528,209,1,True
2026-09-11 13:54:21.732489+00:00,sess-0rfw4gzz4obqmtx0ox9k,c-80cc6d4c-d405-4e16-898a-f6c1e4f17a52,beta_B,control,time15,0.39208258280056674,False,2026-09-06T14:21:45Z,https://calmforest.cloud,867ef5fa-448b-44e3-9b48-a2738234b6f7,2026-09-11 13:54:04.525000+00:00,2026-09-11 16:29:05.569000+00:00,9301,9283,1,False
2026-09-11 13:56:19.440157+00:00,sess-0rfw4gzz4obqmtx0ox9k,c-80cc6d4c-d405-4e16-898a-f6c1e4f17a52,beta_B,control,quest,0.10733895168185147,False,2026-09-06T14:21:45Z,https://calmforest.cloud,867ef5fa-448b-44e3-9b48-a2738234b6f7,2026-09-11 13:54:04.525000+00:00,2026-09-11 16:29:05.569000+00:00,9301,9166,1,False
2026-09-11 13:57:11.936646+00:00,sess-0rfw4gzz4obqmtx0ox9k,c-80cc6d4c-d405-4e16-898a-f6c1e4f17a52,beta_B,control,quest,0.19270676119726693,True,2026-09-06T14:21:45Z,https://calmforest.cloud,867ef5fa-448b-44e3-9b48-a2738234b6f7,2026-09-11 13:54:04.525000+00:00,2026-09-11 16:29:05.569000+00:00,9301,9113,1,True
2026-09-11 13:57:17.706336+00:00,sess-0rfw4gzz4obqmtx0ox9k,c-80cc6d4c-d405-4e16-898a-f6c1e4f17a52,beta_B,control,quest,0.18667162850962316,True,2026-09-06T14:21:45Z,https://calmforest.cloud,867ef5fa-448b-44e3-9b48-a2738234b6f7,2026-09-11 13:54:04.525000+00:00,2026-09-11 16:29:05.569000+00:00,9301,9107,1,True
2026-09-11 13:57:17.857572+00:00,sess-0rfw4gzz4obqmtx0ox9k,c-80cc6d4c-d405-4e16-898a-f6c1e4f17a52,beta_B,control,quest,0.18928498872229774,True,2026-09-06T14:21:45Z,https://calmforest.cloud,867ef5fa-448b-44e3-9b48-a2738234b6f7,2026-09-11 13:54:04.525000+00:00,2026-09-11 16:29:05.569000+00:00,9301,9107,1,True
2026-09-11 13:57:57.655672+00:00,sess-0rfw4gzz4obqmtx0ox9k,c-80cc6d4c-d405-4e16-898a-f6c1e4f17a52,beta_B,control,quest,0.19666904527797488,True,2026-09-06T14:21:45Z,https://calmforest.cloud,867ef5fa-448b-44e3-9b48-a2738234b6f7,2026-09-11 13:54:04.525000+00:00,2026-09-11 16:29:05.569000+00:00,9301,9067,1,True
2026-09-11 13:57:59.525687+00:00,sess-0rfw4gzz4obqmtx0ox9k,c-80cc6d4c-d405-4e16-898a-f6c1e4f17a52,beta_B,control,quest,0.18978380064599112,True,2026-09-06T14:21:45Z,https://calmforest.cloud,867ef5fa-448b-44e3-9b48-a2738234b6f7,2026-09-11 13:54:04.525000+00:00,2026-09-11 16:29:05.569000+00:00,9301,9066,1,True
2026-09-11 13:58:03.044759+00:00,sess-0rfw4gzz4obqmtx0ox9k,c-80cc6d4c-d405-4e16-898a-f6c1e4f17a52,beta_B,control,quest,0.19298224195641275,True,2026-09-06T14:21:45Z,https://calmforest.cloud,867ef5fa-448b-44e3-9b48-a2738234b6f7,2026-09-11 13:54:04.525000+00:00,2026-09-11 16:29:05.569000+00:00,9301,9062,1,True
2026-09-11 13:58:03.778952+00:00,sess-0rfw4gzz4obqmtx0ox9k,c-80cc6d4c-d405-4e16-898a-f6c1e4f17a52,beta_B,control,quest,0.18896515808284445,True,2026-09-06T14:21:45Z,https://calmforest.cloud,867ef5fa-448b-44e3-9b48-a2738234b6f7,2026-09-11 13:54:04.525000+00:00,2026-09-11 16:29:05.569000+00:00,9301,9061,1,True
2026-09-11 13:58:05.015828+00:00,sess-0rfw4gzz4obqmtx0ox9k,c-80cc6d4c-d405-4e16-898a-f6c1e4f17a52,beta_B,control,quest,0.1904414343443394,True,2026-09-06T14:21:45Z,https://calmforest.cloud,867ef5fa-448b-44e3-9b48-a2738234b6f7,2026-09-11 13:54:04.525000+00:00,2026-09-11 16:29:05.569000+00:00,9301,9060,1,True
2026-09-11 13:58:20.027130+00:00,sess-0rfw4gzz4obqmtx0ox9k,c-80cc6d4c-d405-4e16-898a-f6c1e4f17a52,beta_B,control,quest,0.19300364138003498,True,2026-09-06T14:21:45Z,https://calmforest.cloud,867ef5fa-448b-44e3-9b48-a2738234b6f7,2026-09-11 13:54:04.525000+00:00,2026-09-11 16:29:05.569000+00:00,9301,9045,1,True
2026-09-11 13:58:23.062421+00:00,sess-0rfw4gzz4obqmtx0ox9k,c-80cc6d4c-d405-4e16-898a-f6c1e4f17a52,beta_B,control,quest,0.10472970749135303,False,2026-09-06T14:21:45Z,https://calmforest.cloud,867ef5fa-448b-44e3-9b48-a2738234b6f7,2026-09-11 13:54:04.525000+00:00,2026-09-11 16:29:05.569000+00:00,9301,9042,1,False
2026-09-11 13:58:32.751397+00:00,sess-0rfw4gzz4obqmtx0ox9k,c-80cc6d4c-d405-4e16-898a-f6c1e4f17a52,beta_B,control,quest,0.15152551948625056,True,2026-09-06T14:21:45Z,https://calmforest.cloud,867ef5fa-448b-44e3-9b48-a2738234b6f7,2026-09-11 13:54:04.525000+00:00,2026-09-11 16:29:05.569000+00:00,9301,9032,1,True
2026-09-11 13:58:33.985477+00:00,sess-0rfw4gzz4obqmtx0ox9k,c-80cc6d4c-d405-4e16-898a-f6c1e4f17a52,beta_B,control,quest,0.16775361662671992,True,2026-09-06T14:21:45Z,https://calmforest.cloud,867ef5fa-448b-44e3-9b48-a2738234b6f7,2026-09-11 13:54:04.525000+00:00,2026-09-11 16:29:05.569000+00:00,9301,9031,1,True
2026-09-11 13:58:38.075071+00:00,sess-0rfw4gzz4obqmtx0ox9k,c-80cc6d4c-d405-4e16-898a-f6c1e4f17a52,beta_B,control,quest,0.19276768960010268,True,2026-09-06T14:21:45Z,https://calmforest.cloud,867ef5fa-448b-44e3-9b48-a2738234b6f7,2026-09-11 13:54:04.525000+00:00,2026-09-11 16:29:05.569000+00:00,9301,9027,1,True
2026-09-11 13:58:39.209759+00:00,sess-0rfw4gzz4obqmtx0ox9k,c-80cc6d4c-d405-4e16-898a-f6c1e4f17a52,beta_B,control,quest,0.1837967323816208,True,2026-09-06T14:21:45Z,https://calmforest.cloud,867ef5fa-448b-44e3-9b48-a2738234b6f7,2026-09-11 13:54:04.525000+00:00,2026-09-11 16:29:05.569000+00:00,9301,9026,1,True
2026-09-11 13:58:45.822007+00:00,sess-0rfw4gzz4obqmtx0ox9k,c-80cc6d4c-d405-4e16-898a-f6c1e4f17a52,beta_B,control,quest,0.193400382895787,True,2026-09-06T14:21:45Z,https://calmforest.cloud,867ef5fa-448b-44e3-9b48-a2738234b6f7,2026-09-11 13:54:04.525000+00:00,2026-09-11 16:29:05.569000+00:00,9301,9019,1,True
2026-09-11 13:58:49.994406+00:00,sess-0rfw4gzz4obqmtx0ox9k,c-80cc6d4c-d405-4e16-898a-f6c1e4f17a52,beta_B,control,quest,0.18796223378891866,True,2026-09-06T14:21:45Z,https://calmforest.cloud,867ef5fa-448b-44e3-9b48-a2738234b6f7,2026-09-11 13:54:04.525000+00:00,2026-09-11 16:29:05.569000+00:00,9301,9015,1,True
2026-09-11 13:59:46.242320+00:00,sess-0rfw4gzz4obqmtx0ox9k,c-80cc6d4c-d405-4e16-898a-f6c1e4f17a52,beta_B,control,quest,0.19279063995964993,True,2026-09-06T14:21:45Z,https://calmforest.cloud,867ef5fa-448b-44e3-9b48-a2738234b6f7,2026-09-11 13:54:04.525000+00:00,2026-09-11 16:29:05.569000+00:00,9301,8959,1,True
2026-09-11 13:59:47.759558+00:00,sess-0rfw4gzz4obqmtx0ox9k,c-80cc6d4c-d405-4e16-898a-f6c1e4f17a52,beta_B,control,quest,0.19279063995964993,True,2026-09-06T14:21:45Z,https://calmforest.cloud,867ef5fa-448b-44e3-9b48-a2738234b6f7,2026-09-11 13:54:04.525000+00:00,2026-09-11 16:29:05.569000+00:00,9301,8957,1,True
2026-09-11 14:00:28.351295+00:00,sess-0rfw4gzz4obqmtx0ox9k,c-80cc6d4c-d405-4e16-898a-f6c1e4f17a52,beta_B,control,quest,0.19254596840701854,True,2026-09-06T14:21:45Z,https://calmforest.cloud,867ef5fa-448b-44e3-9b48-a2738234b6f7,2026-09-11 13:54:04.525000+00:00,2026-09-11 16:29:05.569000+00:00,9301,8917,1,True
2026-09-11 14:00:33.537428+00:00,sess-0rfw4gzz4obqmtx0ox9k,c-80cc6d4c-d405-4e16-898a-f6c1e4f17a52,beta_B,control,quest,0.17014706349097494,True,2026-09-06T14:21:45Z,https://calmforest.cloud,867ef5fa-448b-44e3-9b48-a2738234b6f7,2026-09-11 13:54:04.525000+00:00,2026-09-11 16:29:05.569000+00:00,9301,8912,1,True
2026-09-11 14:02:21.488347+00:00,sess-0rfw4gzz4obqmtx0ox9k,c-80cc6d4c-d405-4e16-898a-f6c1e4f17a52,beta_B,control,quest,0.19263135482618196,True,2026-09-06T14:21:45Z,https://calmforest.cloud,867ef5fa-448b-44e3-9b48-a2738234b6f7,2026-09-11 13:54:04.525000+00:00,2026-09-11 16:29:05.569000+00:00,9301,8804,1,True
2026-09-11 14:02:23.524473+00:00,sess-0rfw4gzz4obqmtx0ox9k,c-80cc6d4c-d405-4e16-898a-f6c1e4f17a52,beta_B,control,quest,0.16658466723414941,True,2026-09-06T14:21:45Z,https://calmforest.cloud,867ef5fa-448b-44e3-9b48-a2738234b6f7,2026-09-11 13:54:04.525000+00:00,2026-09-11 16:29:05.569000+00:00,9301,8802,1,True
2026-09-11 14:21:54.052365+00:00,sess-9wlruev4mzkmtx1owjo,c-841cf77d-87df-4fcc-8fb2-62115be35519,beta_A,control,time15,0.4680947790716234,True,2026-09-06T14:21:45Z,https://calmforest.cloud,fabd3109-d3f3-463e-b718-f1eb9a7bdeee,2026-09-11 14:22:03.207000+00:00,2026-09-11 14:30:20.188000+00:00,497,506,1,True
2026-09-11 14:22:06.578132+00:00,sess-9wlruev4mzkmtx1owjo,c-841cf77d-87df-4fcc-8fb2-62115be35519,beta_A,control,quest,0.1709275919756384,True,2026-09-06T14:21:45Z,https://calmforest.cloud,fabd3109-d3f3-463e-b718-f1eb9a7bdeee,2026-09-11 14:22:03.207000+00:00,2026-09-11 14:30:20.188000+00:00,497,493,1,True
2026-09-11 14:22:07.926915+00:00,sess-9wlruev4mzkmtx1owjo,c-841cf77d-87df-4fcc-8fb2-62115be35519,beta_A,control,quest,0.15663797050847736,True,2026-09-06T14:21:45Z,https://calmforest.cloud,fabd3109-d3f3-463e-b718-f1eb9a7bdeee,2026-09-11 14:22:03.207000+00:00,2026-09-11 14:30:20.188000+00:00,497,492,1,True
2026-09-11 14:22:10.136516+00:00,sess-9wlruev4mzkmtx1owjo,c-841cf77d-87df-4fcc-8fb2-62115be35519,beta_A,control,quest,0.16781657485699067,True,2026-09-06T14:21:45Z,https://calmforest.cloud,fabd3109-d3f3-463e-b718-f1eb9a7bdeee,2026-09-11 14:22:03.207000+00:00,2026-09-11 14:30:20.188000+00:00,497,490,1,True
2026-09-11 14:22:23.860476+00:00,sess-9wlruev4mzkmtx1owjo,c-841cf77d-87df-4fcc-8fb2-62115be35519,beta_A,control,quest,0.17106887641893645,True,2026-09-06T14:21:45Z,https://calmforest.cloud,fabd3109-d3f3-463e-b718-f1eb9a7bdeee,2026-09-11 14:22:03.207000+00:00,2026-09-11 14:30:20.188000+00:00,497,476,1,True
2026-09-11 14:22:24.644378+00:00,sess-9wlruev4mzkmtx1owjo,c-841cf77d-87df-4fcc-8fb2-62115be35519,beta_A,control,quest,0.1703649226571443,True,2026-09-06T14:21:45Z,https://calmforest.cloud,fabd3109-d3f3-463e-b718-f1eb9a7bdeee,2026-09-11 14:22:03.207000+00:00,2026-09-11 14:30:20.188000+00:00,497,475,1,True
2026-09-11 14:23:07.640909+00:00,sess-9wlruev4mzkmtx1owjo,c-841cf77d-87df-4fcc-8fb2-62115be35519,beta_A,control,quest,0.17092251389461344,True,2026-09-06T14:21:45Z,https://calmforest.cloud,fabd3109-d3f3-463e-b718-f1eb9a7bdeee,2026-09-11 14:22:03.207000+00:00,2026-09-11 14:30:20.188000+00:00,497,432,1,True
2026-09-11 14:23:08.173627+00:00,sess-9wlruev4mzkmtx1owjo,c-841cf77d-87df-4fcc-8fb2-62115be35519,beta_A,control,quest,0.17341367892375292,True,2026-09-06T14:21:45Z,https://calmforest.cloud,fabd3109-d3f3-463e-b718-f1eb9a7bdeee,2026-09-11 14:22:03.207000+00:00,2026-09-11 14:30:20.188000+00:00,497,432,1,True
2026-09-12 04:45:35.391157+00:00,sess-0vlu7ivilivmtxwj3ym,c-d31b92eb-cce5-4783-a979-2668d6723d6e,beta_A,control,quest,0.1726678385124555,True,2026-09-06T14:21:45Z,https://calmforest.cloud,d6ccb4ea-a790-4733-89ee-9b78aaa277c7,2026-09-12 04:45:20.980000+00:00,2026-09-12 05:04:53.930000+00:00,1173,1158,1,True
2026-09-12 04:45:35.513331+00:00,sess-0vlu7ivilivmtxwj3ym,c-d31b92eb-cce5-4783-a979-2668d6723d6e,beta_A,control,quest,0.1726678385124555,True,2026-09-06T14:21:45Z,https://calmforest.cloud,d6ccb4ea-a790-4733-89ee-9b78aaa277c7,2026-09-12 04:45:20.980000+00:00,2026-09-12 05:04:53.930000+00:00,1173,1158,1,True
2026-09-12 04:45:38.152287+00:00,sess-0vlu7ivilivmtxwj3ym,c-d31b92eb-cce5-4783-a979-2668d6723d6e,beta_A,control,time15,0.4669048034798719,True,2026-09-06T14:21:45Z,https://calmforest.cloud,d6ccb4ea-a790-4733-89ee-9b78aaa277c7,2026-09-12 04:45:20.980000+00:00,2026-09-12 05:04:53.930000+00:00,1173,1155,1,True
2026-09-12 04:45:39.109942+00:00,sess-0vlu7ivilivmtxwj3ym,c-d31b92eb-cce5-4783-a979-2668d6723d6e,beta_A,control,quest,0.1724876442554751,True,2026-09-06T14:21:45Z,https://calmforest.cloud,d6ccb4ea-a790-4733-89ee-9b78aaa277c7,2026-09-12 04:45:20.980000+00:00,2026-09-12 05:04:53.930000+00:00,1173,1154,1,True
2026-09-12 04:45:39.281846+00:00,sess-0vlu7ivilivmtxwj3ym,c-d31b92eb-cce5-4783-a979-2668d6723d6e,beta_A,control,quest,0.17240405291577962,True,2026-09-06T14:21:45Z,https://calmforest.cloud,d6ccb4ea-a790-4733-89ee-9b78aaa277c7,2026-09-12 04:45:20.980000+00:00,2026-09-12 05:04:53.930000+00:00,1173,1154,1,True
2026-09-12 04:47:22.936158+00:00,sess-0vlu7ivilivmtxwj3ym,c-d31b92eb-cce5-4783-a979-2668d6723d6e,beta_A,control,quest,0.1723246246125668,True,2026-09-06T14:21:45Z,https://calmforest.cloud,d6ccb4ea-a790-4733-89ee-9b78aaa277c7,2026-09-12 04:45:20.980000+00:00,2026-09-12 05:04:53.930000+00:00,1173,1050,1,True
2026-09-12 04:47:22.968663+00:00,sess-0vlu7ivilivmtxwj3ym,c-d31b92eb-cce5-4783-a979-2668d6723d6e,beta_A,control,quest,0.17204583171863327,True,2026-09-06T14:21:45Z,https://calmforest.cloud,d6ccb4ea-a790-4733-89ee-9b78aaa277c7,2026-09-12 04:45:20.980000+00:00,2026-09-12 05:04:53.930000+00:00,1173,1050,1,True
2026-09-12 04:47:24.101944+00:00,sess-0vlu7ivilivmtxwj3ym,c-d31b92eb-cce5-4783-a979-2668d6723d6e,beta_A,control,quest,0.17011572165155325,True,2026-09-06T14:21:45Z,https://calmforest.cloud,d6ccb4ea-a790-4733-89ee-9b78aaa277c7,2026-09-12 04:45:20.980000+00:00,2026-09-12 05:04:53.930000+00:00,1173,1049,1,True
2026-09-12 04:47:25.075095+00:00,sess-0vlu7ivilivmtxwj3ym,c-d31b92eb-cce5-4783-a979-2668d6723d6e,beta_A,control,quest,0.16908363114839295,True,2026-09-06T14:21:45Z,https://calmforest.cloud,d6ccb4ea-a790-4733-89ee-9b78aaa277c7,2026-09-12 04:45:20.980000+00:00,2026-09-12 05:04:53.930000+00:00,1173,1048,1,True
2026-09-12 04:49:34.284187+00:00,sess-0vlu7ivilivmtxwj3ym,c-d31b92eb-cce5-4783-a979-2668d6723d6e,beta_A,control,quest,0.15168344348340693,True,2026-09-06T14:21:45Z,https://calmforest.cloud,d6ccb4ea-a790-4733-89ee-9b78aaa277c7,2026-09-12 04:45:20.980000+00:00,2026-09-12 05:04:53.930000+00:00,1173,919,1,True
2026-09-12 04:49:38.583907+00:00,sess-0vlu7ivilivmtxwj3ym,c-d31b92eb-cce5-4783-a979-2668d6723d6e,beta_A,control,quest,0.17177142963986552,True,2026-09-06T14:21:45Z,https://calmforest.cloud,d6ccb4ea-a790-4733-89ee-9b78aaa277c7,2026-09-12 04:45:20.980000+00:00,2026-09-12 05:04:53.930000+00:00,1173,915,1,True
2026-09-12 04:49:39.681890+00:00,sess-0vlu7ivilivmtxwj3ym,c-d31b92eb-cce5-4783-a979-2668d6723d6e,beta_A,control,quest,0.17151750013701447,True,2026-09-06T14:21:45Z,https://calmforest.cloud,d6ccb4ea-a790-4733-89ee-9b78aaa277c7,2026-09-12 04:45:20.980000+00:00,2026-09-12 05:04:53.930000+00:00,1173,914,1,True
2026-09-12 04:49:48.065999+00:00,sess-0vlu7ivilivmtxwj3ym,c-d31b92eb-cce5-4783-a979-2668d6723d6e,beta_A,control,quest,0.1716634029529317,True,2026-09-06T14:21:45Z,https://calmforest.cloud,d6ccb4ea-a790-4733-89ee-9b78aaa277c7,2026-09-12 04:45:20.980000+00:00,2026-09-12 05:04:53.930000+00:00,1173,905,1,True
2026-09-12 04:49:49.189099+00:00,sess-0vlu7ivilivmtxwj3ym,c-d31b92eb-cce5-4783-a979-2668d6723d6e,beta_A,control,quest,0.17153584228483132,True,2026-09-06T14:21:45Z,https://calmforest.cloud,d6ccb4ea-a790-4733-89ee-9b78aaa277c7,2026-09-12 04:45:20.980000+00:00,2026-09-12 05:04:53.930000+00:00,1173,904,1,True
2026-09-12 04:50:51.613794+00:00,sess-0vlu7ivilivmtxwj3ym,c-d31b92eb-cce5-4783-a979-2668d6723d6e,beta_A,control,quest,0.17534552065000364,True,2026-09-06T14:21:45Z,https://calmforest.cloud,d6ccb4ea-a790-4733-89ee-9b78aaa277c7,2026-09-12 04:45:20.980000+00:00,2026-09-12 05:04:53.930000+00:00,1173,842,1,True
2026-09-12 04:50:52.168448+00:00,sess-0vlu7ivilivmtxwj3ym,c-d31b92eb-cce5-4783-a979-2668d6723d6e,beta_A,control,quest,0.17778488028525988,True,2026-09-06T14:21:45Z,https://calmforest.cloud,d6ccb4ea-a790-4733-89ee-9b78aaa277c7,2026-09-12 04:45:20.980000+00:00,2026-09-12 05:04:53.930000+00:00,1173,841,1,True
2026-09-12 04:51:58.066758+00:00,sess-0vlu7ivilivmtxwj3ym,c-d31b92eb-cce5-4783-a979-2668d6723d6e,beta_A,control,quest,0.17913152535916188,True,2026-09-06T14:21:45Z,https://calmforest.cloud,d6ccb4ea-a790-4733-89ee-9b78aaa277c7,2026-09-12 04:45:20.980000+00:00,2026-09-12 05:04:53.930000+00:00,1173,775,1,True
2026-09-12 04:51:58.639167+00:00,sess-0vlu7ivilivmtxwj3ym,c-d31b92eb-cce5-4783-a979-2668d6723d6e,beta_A,control,quest,0.1738436530823055,True,2026-09-06T14:21:45Z,https://calmforest.cloud,d6ccb4ea-a790-4733-89ee-9b78aaa277c7,2026-09-12 04:45:20.980000+00:00,2026-09-12 05:04:53.930000+00:00,1173,775,1,True
2026-09-12 04:51:59.327603+00:00,sess-0vlu7ivilivmtxwj3ym,c-d31b92eb-cce5-4783-a979-2668d6723d6e,beta_A,control,quest,0.16696892571468328,True,2026-09-06T14:21:45Z,https://calmforest.cloud,d6ccb4ea-a790-4733-89ee-9b78aaa277c7,2026-09-12 04:45:20.980000+00:00,2026-09-12 05:04:53.930000+00:00,1173,774,1,True
2026-09-12 04:52:02.902474+00:00,sess-0vlu7ivilivmtxwj3ym,c-d31b92eb-cce5-4783-a979-2668d6723d6e,beta_A,control,quest,0.1708851593740986,True,2026-09-06T14:21:45Z,https://calmforest.cloud,d6ccb4ea-a790-4733-89ee-9b78aaa277c7,2026-09-12 04:45:20.980000+00:00,2026-09-12 05:04:53.930000+00:00,1173,771,1,True
2026-09-12 04:52:03.983450+00:00,sess-0vlu7ivilivmtxwj3ym,c-d31b92eb-cce5-4783-a979-2668d6723d6e,beta_A,control,quest,0.1689084845668321,True,2026-09-06T14:21:45Z,https://calmforest.cloud,d6ccb4ea-a790-4733-89ee-9b78aaa277c7,2026-09-12 04:45:20.980000+00:00,2026-09-12 05:04:53.930000+00:00,1173,769,1,True
2026-09-12 04:52:06.889629+00:00,sess-0vlu7ivilivmtxwj3ym,c-d31b92eb-cce5-4783-a979-2668d6723d6e,beta_A,control,quest,0.1709691704511814,True,2026-09-06T14:21:45Z,https://calmforest.cloud,d6ccb4ea-a790-4733-89ee-9b78aaa277c7,2026-09-12 04:45:20.980000+00:00,2026-09-12 05:04:53.930000+00:00,1173,767,1,True
2026-09-12 04:52:07.695882+00:00,sess-0vlu7ivilivmtxwj3ym,c-d31b92eb-cce5-4783-a979-2668d6723d6e,beta_A,control,quest,0.17276811375243675,True,2026-09-06T14:21:45Z,https://calmforest.cloud,d6ccb4ea-a790-4733-89ee-9b78aaa277c7,2026-09-12 04:45:20.980000+00:00,2026-09-12 05:04:53.930000+00:00,1173,766,1,True
2026-09-12 04:54:59.124948+00:00,sess-0vlu7ivilivmtxwj3ym,c-d31b92eb-cce5-4783-a979-2668d6723d6e,beta_A,control,quest,0.17243004191335512,True,2026-09-06T14:21:45Z,https://calmforest.cloud,d6ccb4ea-a790-4733-89ee-9b78aaa277c7,2026-09-12 04:45:20.980000+00:00,2026-09-12 05:04:53.930000+00:00,1173,594,1,True
2026-09-12 04:54:59.954069+00:00,sess-0vlu7ivilivmtxwj3ym,c-d31b92eb-cce5-4783-a979-2668d6723d6e,beta_A,control,quest,0.16537813031359822,True,2026-09-06T14:21:45Z,https://calmforest.cloud,d6ccb4ea-a790-4733-89ee-9b78aaa277c7,2026-09-12 04:45:20.980000+00:00,2026-09-12 05:04:53.930000+00:00,1173,593,1,True
2026-09-12 04:56:03.821916+00:00,sess-0vlu7ivilivmtxwj3ym,c-d31b92eb-cce5-4783-a979-2668d6723d6e,beta_A,control,quest,0.1710320348459637,True,2026-09-06T14:21:45Z,https://calmforest.cloud,d6ccb4ea-a790-4733-89ee-9b78aaa277c7,2026-09-12 04:45:20.980000+00:00,2026-09-12 05:04:53.930000+00:00,1173,530,1,True
2026-09-12 04:56:10.661843+00:00,sess-0vlu7ivilivmtxwj3ym,c-d31b92eb-cce5-4783-a979-2668d6723d6e,beta_A,control,quest,0.17504828458383467,True,2026-09-06T14:21:45Z,https://calmforest.cloud,d6ccb4ea-a790-4733-89ee-9b78aaa277c7,2026-09-12 04:45:20.980000+00:00,2026-09-12 05:04:53.930000+00:00,1173,523,1,True
2026-09-12 04:56:29.102150+00:00,sess-0vlu7ivilivmtxwj3ym,c-d31b92eb-cce5-4783-a979-2668d6723d6e,beta_A,control,quest,0.17056213079920382,True,2026-09-06T14:21:45Z,https://calmforest.cloud,d6ccb4ea-a790-4733-89ee-9b78aaa277c7,2026-09-12 04:45:20.980000+00:00,2026-09-12 05:04:53.930000+00:00,1173,504,1,True
2026-09-12 04:56:30.568412+00:00,sess-0vlu7ivilivmtxwj3ym,c-d31b92eb-cce5-4783-a979-2668d6723d6e,beta_A,control,quest,0.14533553969554652,True,2026-09-06T14:21:45Z,https://calmforest.cloud,d6ccb4ea-a790-4733-89ee-9b78aaa277c7,2026-09-12 04:45:20.980000+00:00,2026-09-12 05:04:53.930000+00:00,1173,503,1,True
2026-09-12 04:56:31.370039+00:00,sess-0vlu7ivilivmtxwj3ym,c-d31b92eb-cce5-4783-a979-2668d6723d6e,beta_A,control,quest,0.14178391162160156,True,2026-09-06T14:21:45Z,https://calmforest.cloud,d6ccb4ea-a790-4733-89ee-9b78aaa277c7,2026-09-12 04:45:20.980000+00:00,2026-09-12 05:04:53.930000+00:00,1173,502,1,True
2026-09-12 04:56:32.674449+00:00,sess-0vlu7ivilivmtxwj3ym,c-d31b92eb-cce5-4783-a979-2668d6723d6e,beta_A,control,quest,0.13906222339436614,True,2026-09-06T14:21:45Z,https://calmforest.cloud,d6ccb4ea-a790-4733-89ee-9b78aaa277c7,2026-09-12 04:45:20.980000+00:00,2026-09-12 05:04:53.930000+00:00,1173,501,1,True
2026-09-12 04:56:45.755547+00:00,sess-0vlu7ivilivmtxwj3ym,c-d31b92eb-cce5-4783-a979-2668d6723d6e,beta_A,control,quest,0.17115630392690045,True,2026-09-06T14:21:45Z,https://calmforest.cloud,d6ccb4ea-a790-4733-89ee-9b78aaa277c7,2026-09-12 04:45:20.980000+00:00,2026-09-12 05:04:53.930000+00:00,1173,488,1,True
2026-09-12 04:56:46.427553+00:00,sess-0vlu7ivilivmtxwj3ym,c-d31b92eb-cce5-4783-a979-2668d6723d6e,beta_A,control,quest,0.17325138471344456,True,2026-09-06T14:21:45Z,https://calmforest.cloud,d6ccb4ea-a790-4733-89ee-9b78aaa277c7,2026-09-12 04:45:20.980000+00:00,2026-09-12 05:04:53.930000+00:00,1173,487,1,True
2026-09-12 04:56:47.152114+00:00,sess-0vlu7ivilivmtxwj3ym,c-d31b92eb-cce5-4783-a979-2668d6723d6e,beta_A,control,quest,0.17325138471344456,True,2026-09-06T14:21:45Z,https://calmforest.cloud,d6ccb4ea-a790-4733-89ee-9b78aaa277c7,2026-09-12 04:45:20.980000+00:00,2026-09-12 05:04:53.930000+00:00,1173,486,1,True
2026-09-12 04:56:47.824177+00:00,sess-0vlu7ivilivmtxwj3ym,c-d31b92eb-cce5-4783-a979-2668d6723d6e,beta_A,control,quest,0.17384555925915138,True,2026-09-06T14:21:45Z,https://calmforest.cloud,d6ccb4ea-a790-4733-89ee-9b78aaa277c7,2026-09-12 04:45:20.980000+00:00,2026-09-12 05:04:53.930000+00:00,1173,486,1,True
2026-09-12 04:57:13.252519+00:00,sess-0vlu7ivilivmtxwj3ym,c-d31b92eb-cce5-4783-a979-2668d6723d6e,beta_A,control,quest,0.17108835752348955,True,2026-09-06T14:21:45Z,https://calmforest.cloud,d6ccb4ea-a790-4733-89ee-9b78aaa277c7,2026-09-12 04:45:20.980000+00:00,2026-09-12 05:04:53.930000+00:00,1173,460,1,True
2026-09-12 04:57:14.310039+00:00,sess-0vlu7ivilivmtxwj3ym,c-d31b92eb-cce5-4783-a979-2668d6723d6e,beta_A,control,quest,0.17318963965169987,True,2026-09-06T14:21:45Z,https://calmforest.cloud,d6ccb4ea-a790-4733-89ee-9b78aaa277c7,2026-09-12 04:45:20.980000+00:00,2026-09-12 05:04:53.930000+00:00,1173,459,1,True
2026-09-12 04:57:15.087622+00:00,sess-0vlu7ivilivmtxwj3ym,c-d31b92eb-cce5-4783-a979-2668d6723d6e,beta_A,control,quest,0.17318963965169987,True,2026-09-06T14:21:45Z,https://calmforest.cloud,d6ccb4ea-a790-4733-89ee-9b78aaa277c7,2026-09-12 04:45:20.980000+00:00,2026-09-12 05:04:53.930000+00:00,1173,458,1,True
2026-09-12 04:57:15.809714+00:00,sess-0vlu7ivilivmtxwj3ym,c-d31b92eb-cce5-4783-a979-2668d6723d6e,beta_A,control,quest,0.17318963965169987,True,2026-09-06T14:21:45Z,https://calmforest.cloud,d6ccb4ea-a790-4733-89ee-9b78aaa277c7,2026-09-12 04:45:20.980000+00:00,2026-09-12 05:04:53.930000+00:00,1173,458,1,True
2026-09-12 05:00:42.304312+00:00,sess-0vlu7ivilivmtxwj3ym,c-d31b92eb-cce5-4783-a979-2668d6723d6e,beta_A,control,quest,0.17106862592094174,True,2026-09-06T14:21:45Z,https://calmforest.cloud,d6ccb4ea-a790-4733-89ee-9b78aaa277c7,2026-09-12 04:45:20.980000+00:00,2026-09-12 05:04:53.930000+00:00,1173,251,1,True
2026-09-12 05:00:43.257916+00:00,sess-0vlu7ivilivmtxwj3ym,c-d31b92eb-cce5-4783-a979-2668d6723d6e,beta_A,control,quest,0.16724875158426383,True,2026-09-06T14:21:45Z,https://calmforest.cloud,d6ccb4ea-a790-4733-89ee-9b78aaa277c7,2026-09-12 04:45:20.980000+00:00,2026-09-12 05:04:53.930000+00:00,1173,250,1,True
2026-09-12 06:02:52.146137+00:00,sess-vwuwimfdddmtxz8qcg,c-0bc35e21-5386-4b56-9b01-55824c1fcc5c,beta_B,treat,quest,0.13241863169481638,False,2026-09-06T14:21:45Z,https://calmforest.cloud,867ef5fa-448b-44e3-9b48-a2738234b6f7,2026-09-12 06:01:15.623000+00:00,2026-09-12 06:16:18.780000+00:00,903,806,1,False
2026-09-12 06:02:53.463013+00:00,sess-vwuwimfdddmtxz8qcg,c-0bc35e21-5386-4b56-9b01-55824c1fcc5c,beta_B,treat,quest,0.13296401503881086,False,2026-09-06T14:21:45Z,https://calmforest.cloud,867ef5fa-448b-44e3-9b48-a2738234b6f7,2026-09-12 06:01:15.623000+00:00,2026-09-12 06:16:18.780000+00:00,903,805,1,False
2026-09-12 06:03:54.674825+00:00,sess-vwuwimfdddmtxz8qcg,c-0bc35e21-5386-4b56-9b01-55824c1fcc5c,beta_B,treat,quest,0.1055389867107823,False,2026-09-06T14:21:45Z,https://calmforest.cloud,867ef5fa-448b-44e3-9b48-a2738234b6f7,2026-09-12 06:01:15.623000+00:00,2026-09-12 06:16:18.780000+00:00,903,744,1,False
2026-09-12 06:03:55.857899+00:00,sess-vwuwimfdddmtxz8qcg,c-0bc35e21-5386-4b56-9b01-55824c1fcc5c,beta_B,treat,quest,0.10638800838517855,False,2026-09-06T14:21:45Z,https://calmforest.cloud,867ef5fa-448b-44e3-9b48-a2738234b6f7,2026-09-12 06:01:15.623000+00:00,2026-09-12 06:16:18.780000+00:00,903,742,1,False
2026-09-12 06:04:56.732614+00:00,sess-vwuwimfdddmtxz8qcg,c-0bc35e21-5386-4b56-9b01-55824c1fcc5c,beta_B,treat,quest,0.13404298033765763,False,2026-09-06T14:21:45Z,https://calmforest.cloud,867ef5fa-448b-44e3-9b48-a2738234b6f7,2026-09-12 06:01:15.623000+00:00,2026-09-12 06:16:18.780000+00:00,903,682,1,False
2026-09-12 06:04:57.374475+00:00,sess-vwuwimfdddmtxz8qcg,c-0bc35e21-5386-4b56-9b01-55824c1fcc5c,beta_B,treat,quest,0.13336150632876925,False,2026-09-06T14:21:45Z,https://calmforest.cloud,867ef5fa-448b-44e3-9b48-a2738234b6f7,2026-09-12 06:01:15.623000+00:00,2026-09-12 06:16:18.780000+00:00,903,681,1,False
2026-09-12 06:05:36.042287+00:00,sess-vwuwimfdddmtxz8qcg,c-0bc35e21-5386-4b56-9b01-55824c1fcc5c,beta_B,treat,quest,0.1534084587439605,True,2026-09-06T14:21:45Z,https://calmforest.cloud,867ef5fa-448b-44e3-9b48-a2738234b6f7,2026-09-12 06:01:15.623000+00:00,2026-09-12 06:16:18.780000+00:00,903,642,1,True
2026-09-12 06:05:45.277865+00:00,sess-vwuwimfdddmtxz8qcg,c-0bc35e21-5386-4b56-9b01-55824c1fcc5c,beta_B,treat,quest,0.1524096537760703,True,2026-09-06T14:21:45Z,https://calmforest.cloud,867ef5fa-448b-44e3-9b48-a2738234b6f7,2026-09-12 06:01:15.623000+00:00,2026-09-12 06:16:18.780000+00:00,903,633,1,True
2026-09-12 06:05:50.476303+00:00,sess-vwuwimfdddmtxz8qcg,c-0bc35e21-5386-4b56-9b01-55824c1fcc5c,beta_B,treat,quest,0.07627229575413388,False,2026-09-06T14:21:45Z,https://calmforest.cloud,867ef5fa-448b-44e3-9b48-a2738234b6f7,2026-09-12 06:01:15.623000+00:00,2026-09-12 06:16:18.780000+00:00,903,628,1,False
2026-09-12 06:05:51.455861+00:00,sess-vwuwimfdddmtxz8qcg,c-0bc35e21-5386-4b56-9b01-55824c1fcc5c,beta_B,treat,quest,0.06927026003568362,False,2026-09-06T14:21:45Z,https://calmforest.cloud,867ef5fa-448b-44e3-9b48-a2738234b6f7,2026-09-12 06:01:15.623000+00:00,2026-09-12 06:16:18.780000+00:00,903,627,1,False
2026-09-12 06:05:52.236786+00:00,sess-vwuwimfdddmtxz8qcg,c-0bc35e21-5386-4b56-9b01-55824c1fcc5c,beta_B,treat,quest,0.1269881173334777,False,2026-09-06T14:21:45Z,https://calmforest.cloud,867ef5fa-448b-44e3-9b48-a2738234b6f7,2026-09-12 06:01:15.623000+00:00,2026-09-12 06:16:18.780000+00:00,903,626,1,False
2026-09-12 06:05:58.419416+00:00,sess-vwuwimfdddmtxz8qcg,c-0bc35e21-5386-4b56-9b01-55824c1fcc5c,beta_B,treat,quest,0.13314418477697476,False,2026-09-06T14:21:45Z,https://calmforest.cloud,867ef5fa-448b-44e3-9b48-a2738234b6f7,2026-09-12 06:01:15.623000+00:00,2026-09-12 06:16:18.780000+00:00,903,620,1,False
2026-09-12 06:06:24.137003+00:00,sess-vwuwimfdddmtxz8qcg,c-0bc35e21-5386-4b56-9b01-55824c1fcc5c,beta_B,treat,quest,0.13155862218891584,False,2026-09-06T14:21:45Z,https://calmforest.cloud,867ef5fa-448b-44e3-9b48-a2738234b6f7,2026-09-12 06:01:15.623000+00:00,2026-09-12 06:16:18.780000+00:00,903,594,1,False
2026-09-12 06:06:24.829989+00:00,sess-vwuwimfdddmtxz8qcg,c-0bc35e21-5386-4b56-9b01-55824c1fcc5c,beta_B,treat,quest,0.1286025740190193,False,2026-09-06T14:21:45Z,https://calmforest.cloud,867ef5fa-448b-44e3-9b48-a2738234b6f7,2026-09-12 06:01:15.623000+00:00,2026-09-12 06:16:18.780000+00:00,903,593,1,False
2026-09-12 06:06:26.159024+00:00,sess-vwuwimfdddmtxz8qcg,c-0bc35e21-5386-4b56-9b01-55824c1fcc5c,beta_B,treat,quest,0.1286025740190193,False,2026-09-06T14:21:45Z,https://calmforest.cloud,867ef5fa-448b-44e3-9b48-a2738234b6f7,2026-09-12 06:01:15.623000+00:00,2026-09-12 06:16:18.780000+00:00,903,592,1,False
2026-09-12 06:06:29.262474+00:00,sess-vwuwimfdddmtxz8qcg,c-0bc35e21-5386-4b56-9b01-55824c1fcc5c,beta_B,treat,quest,0.13471074106774336,False,2026-09-06T14:21:45Z,https://calmforest.cloud,867ef5fa-448b-44e3-9b48-a2738234b6f7,2026-09-12 06:01:15.623000+00:00,2026-09-12 06:16:18.780000+00:00,903,589,1,False
2026-09-12 06:07:21.219449+00:00,sess-vwuwimfdddmtxz8qcg,c-0bc35e21-5386-4b56-9b01-55824c1fcc5c,beta_B,treat,quest,0.14464854939360572,True,2026-09-06T14:21:45Z,https://calmforest.cloud,867ef5fa-448b-44e3-9b48-a2738234b6f7,2026-09-12 06:01:15.623000+00:00,2026-09-12 06:16:18.780000+00:00,903,537,1,True
2026-09-12 06:07:21.941006+00:00,sess-vwuwimfdddmtxz8qcg,c-0bc35e21-5386-4b56-9b01-55824c1fcc5c,beta_B,treat,quest,0.12956632402716242,False,2026-09-06T14:21:45Z,https://calmforest.cloud,867ef5fa-448b-44e3-9b48-a2738234b6f7,2026-09-12 06:01:15.623000+00:00,2026-09-12 06:16:18.780000+00:00,903,536,1,False
2026-09-12 06:07:26.173589+00:00,sess-vwuwimfdddmtxz8qcg,c-0bc35e21-5386-4b56-9b01-55824c1fcc5c,beta_B,treat,quest,0.10786113723499757,False,2026-09-06T14:21:45Z,https://calmforest.cloud,867ef5fa-448b-44e3-9b48-a2738234b6f7,2026-09-12 06:01:15.623000+00:00,2026-09-12 06:16:18.780000+00:00,903,532,1,False
2026-09-12 06:07:35.904235+00:00,sess-vwuwimfdddmtxz8qcg,c-0bc35e21-5386-4b56-9b01-55824c1fcc5c,beta_B,treat,quest,0.12517518815752082,False,2026-09-06T14:21:45Z,https://calmforest.cloud,867ef5fa-448b-44e3-9b48-a2738234b6f7,2026-09-12 06:01:15.623000+00:00,2026-09-12 06:16:18.780000+00:00,903,522,1,False
2026-09-12 06:07:39.933161+00:00,sess-vwuwimfdddmtxz8qcg,c-0bc35e21-5386-4b56-9b01-55824c1fcc5c,beta_B,treat,quest,0.11261570367023926,False,2026-09-06T14:21:45Z,https://calmforest.cloud,867ef5fa-448b-44e3-9b48-a2738234b6f7,2026-09-12 06:01:15.623000+00:00,2026-09-12 06:16:18.780000+00:00,903,518,1,False
2026-09-12 06:07:46.447266+00:00,sess-vwuwimfdddmtxz8qcg,c-0bc35e21-5386-4b56-9b01-55824c1fcc5c,beta_B,treat,quest,0.15624033225918674,True,2026-09-06T14:21:45Z,https://calmforest.cloud,867ef5fa-448b-44e3-9b48-a2738234b6f7,2026-09-12 06:01:15.623000+00:00,2026-09-12 06:16:18.780000+00:00,903,512,1,True
2026-09-12 06:07:47.072797+00:00,sess-vwuwimfdddmtxz8qcg,c-0bc35e21-5386-4b56-9b01-55824c1fcc5c,beta_B,treat,quest,0.1263893964679877,False,2026-09-06T14:21:45Z,https://calmforest.cloud,867ef5fa-448b-44e3-9b48-a2738234b6f7,2026-09-12 06:01:15.623000+00:00,2026-09-12 06:16:18.780000+00:00,903,511,1,False
2026-09-12 06:07:48.594909+00:00,sess-vwuwimfdddmtxz8qcg,c-0bc35e21-5386-4b56-9b01-55824c1fcc5c,beta_B,treat,quest,0.12225362957490513,False,2026-09-06T14:21:45Z,https://calmforest.cloud,867ef5fa-448b-44e3-9b48-a2738234b6f7,2026-09-12 06:01:15.623000+00:00,2026-09-12 06:16:18.780000+00:00,903,510,1,False
2026-09-12 06:07:50.967958+00:00,sess-vwuwimfdddmtxz8qcg,c-0bc35e21-5386-4b56-9b01-55824c1fcc5c,beta_B,treat,quest,0.12665176275627188,False,2026-09-06T14:21:45Z,https://calmforest.cloud,867ef5fa-448b-44e3-9b48-a2738234b6f7,2026-09-12 06:01:15.623000+00:00,2026-09-12 06:16:18.780000+00:00,903,507,1,False
2026-09-12 06:07:53.718029+00:00,sess-vwuwimfdddmtxz8qcg,c-0bc35e21-5386-4b56-9b01-55824c1fcc5c,beta_B,treat,quest,0.13603353726600076,False,2026-09-06T14:21:45Z,https://calmforest.cloud,867ef5fa-448b-44e3-9b48-a2738234b6f7,2026-09-12 06:01:15.623000+00:00,2026-09-12 06:16:18.780000+00:00,903,505,1,False
2026-09-12 06:07:54.460354+00:00,sess-vwuwimfdddmtxz8qcg,c-0bc35e21-5386-4b56-9b01-55824c1fcc5c,beta_B,treat,quest,0.13603353726600076,False,2026-09-06T14:21:45Z,https://calmforest.cloud,867ef5fa-448b-44e3-9b48-a2738234b6f7,2026-09-12 06:01:15.623000+00:00,2026-09-12 06:16:18.780000+00:00,903,504,1,False
2026-09-12 06:07:55.336702+00:00,sess-vwuwimfdddmtxz8qcg,c-0bc35e21-5386-4b56-9b01-55824c1fcc5c,beta_B,treat,quest,0.13515127514725642,False,2026-09-06T14:21:45Z,https://calmforest.cloud,867ef5fa-448b-44e3-9b48-a2738234b6f7,2026-09-12 06:01:15.623000+00:00,2026-09-12 06:16:18.780000+00:00,903,503,1,False
2026-09-12 06:07:58.709765+00:00,sess-vwuwimfdddmtxz8qcg,c-0bc35e21-5386-4b56-9b01-55824c1fcc5c,beta_B,treat,quest,0.09992230934038827,False,2026-09-06T14:21:45Z,https://calmforest.cloud,867ef5fa-448b-44e3-9b48-a2738234b6f7,2026-09-12 06:01:15.623000+00:00,2026-09-12 06:16:18.780000+00:00,903,500,1,False
2026-09-12 06:08:03.305106+00:00,sess-vwuwimfdddmtxz8qcg,c-0bc35e21-5386-4b56-9b01-55824c1fcc5c,beta_B,treat,quest,0.12504958196052302,False,2026-09-06T14:21:45Z,https://calmforest.cloud,867ef5fa-448b-44e3-9b48-a2738234b6f7,2026-09-12 06:01:15.623000+00:00,2026-09-12 06:16:18.780000+00:00,903,495,1,False
2026-09-12 06:08:13.338389+00:00,sess-vwuwimfdddmtxz8qcg,c-0bc35e21-5386-4b56-9b01-55824c1fcc5c,beta_B,treat,quest,0.11452779737064121,False,2026-09-06T14:21:45Z,https://calmforest.cloud,867ef5fa-448b-44e3-9b48-a2738234b6f7,2026-09-12 06:01:15.623000+00:00,2026-09-12 06:16:18.780000+00:00,903,485,1,False
2026-09-12 06:08:22.141178+00:00,sess-vwuwimfdddmtxz8qcg,c-0bc35e21-5386-4b56-9b01-55824c1fcc5c,beta_B,treat,quest,0.15100891274330727,True,2026-09-06T14:21:45Z,https://calmforest.cloud,867ef5fa-448b-44e3-9b48-a2738234b6f7,2026-09-12 06:01:15.623000+00:00,2026-09-12 06:16:18.780000+00:00,903,476,1,True
2026-09-12 06:08:34.419201+00:00,sess-vwuwimfdddmtxz8qcg,c-0bc35e21-5386-4b56-9b01-55824c1fcc5c,beta_B,treat,quest,0.1476318788497418,True,2026-09-06T14:21:45Z,https://calmforest.cloud,867ef5fa-448b-44e3-9b48-a2738234b6f7,2026-09-12 06:01:15.623000+00:00,2026-09-12 06:16:18.780000+00:00,903,464,1,True
2026-09-12 06:08:38.527149+00:00,sess-vwuwimfdddmtxz8qcg,c-0bc35e21-5386-4b56-9b01-55824c1fcc5c,beta_B,treat,quest,0.14803772492341766,True,2026-09-06T14:21:45Z,https://calmforest.cloud,867ef5fa-448b-44e3-9b48-a2738234b6f7,2026-09-12 06:01:15.623000+00:00,2026-09-12 06:16:18.780000+00:00,903,460,1,True
2026-09-12 06:08:50.835906+00:00,sess-vwuwimfdddmtxz8qcg,c-0bc35e21-5386-4b56-9b01-55824c1fcc5c,beta_B,treat,quest,0.12706789967786777,False,2026-09-06T14:21:45Z,https://calmforest.cloud,867ef5fa-448b-44e3-9b48-a2738234b6f7,2026-09-12 06:01:15.623000+00:00,2026-09-12 06:16:18.780000+00:00,903,447,1,False
2026-09-12 06:09:40.267152+00:00,sess-vwuwimfdddmtxz8qcg,c-0bc35e21-5386-4b56-9b01-55824c1fcc5c,beta_B,treat,quest,0.11106712600026278,False,2026-09-06T14:21:45Z,https://calmforest.cloud,867ef5fa-448b-44e3-9b48-a2738234b6f7,2026-09-12 06:01:15.623000+00:00,2026-09-12 06:16:18.780000+00:00,903,398,1,False
2026-09-12 06:09:40.857650+00:00,sess-vwuwimfdddmtxz8qcg,c-0bc35e21-5386-4b56-9b01-55824c1fcc5c,beta_B,treat,quest,0.09367421628874271,False,2026-09-06T14:21:45Z,https://calmforest.cloud,867ef5fa-448b-44e3-9b48-a2738234b6f7,2026-09-12 06:01:15.623000+00:00,2026-09-12 06:16:18.780000+00:00,903,397,1,False
2026-09-12 06:09:49.796866+00:00,sess-vwuwimfdddmtxz8qcg,c-0bc35e21-5386-4b56-9b01-55824c1fcc5c,beta_B,treat,quest,0.11269018402481047,False,2026-09-06T14:21:45Z,https://calmforest.cloud,867ef5fa-448b-44e3-9b48-a2738234b6f7,2026-09-12 06:01:15.623000+00:00,2026-09-12 06:16:18.780000+00:00,903,388,1,False
2026-09-12 06:09:52.261471+00:00,sess-vwuwimfdddmtxz8qcg,c-0bc35e21-5386-4b56-9b01-55824c1fcc5c,beta_B,treat,quest,0.12988489252053267,False,2026-09-06T14:21:45Z,https://calmforest.cloud,867ef5fa-448b-44e3-9b48-a2738234b6f7,2026-09-12 06:01:15.623000+00:00,2026-09-12 06:16:18.780000+00:00,903,386,1,False
2026-09-12 06:10:06.782244+00:00,sess-vwuwimfdddmtxz8qcg,c-0bc35e21-5386-4b56-9b01-55824c1fcc5c,beta_B,treat,quest,0.13521589400351572,False,2026-09-06T14:21:45Z,https://calmforest.cloud,867ef5fa-448b-44e3-9b48-a2738234b6f7,2026-09-12 06:01:15.623000+00:00,2026-09-12 06:16:18.780000+00:00,903,371,1,False
2026-09-12 06:10:07.567010+00:00,sess-vwuwimfdddmtxz8qcg,c-0bc35e21-5386-4b56-9b01-55824c1fcc5c,beta_B,treat,quest,0.12803425483497197,False,2026-09-06T14:21:45Z,https://calmforest.cloud,867ef5fa-448b-44e3-9b48-a2738234b6f7,2026-09-12 06:01:15.623000+00:00,2026-09-12 06:16:18.780000+00:00,903,371,1,False
2026-09-12 06:10:22.308642+00:00,sess-vwuwimfdddmtxz8qcg,c-0bc35e21-5386-4b56-9b01-55824c1fcc5c,beta_B,treat,quest,0.09092879629185005,False,2026-09-06T14:21:45Z,https://calmforest.cloud,867ef5fa-448b-44e3-9b48-a2738234b6f7,2026-09-12 06:01:15.623000+00:00,2026-09-12 06:16:18.780000+00:00,903,356,1,False
2026-09-12 06:10:26.144826+00:00,sess-vwuwimfdddmtxz8qcg,c-0bc35e21-5386-4b56-9b01-55824c1fcc5c,beta_B,treat,quest,0.0907387897913723,False,2026-09-06T14:21:45Z,https://calmforest.cloud,867ef5fa-448b-44e3-9b48-a2738234b6f7,2026-09-12 06:01:15.623000+00:00,2026-09-12 06:16:18.780000+00:00,903,352,1,False
2026-09-12 06:11:12.434234+00:00,sess-vwuwimfdddmtxz8qcg,c-0bc35e21-5386-4b56-9b01-55824c1fcc5c,beta_B,treat,quest,0.07858792160132352,False,2026-09-06T14:21:45Z,https://calmforest.cloud,867ef5fa-448b-44e3-9b48-a2738234b6f7,2026-09-12 06:01:15.623000+00:00,2026-09-12 06:16:18.780000+00:00,903,306,1,False
2026-09-12 06:11:12.753114+00:00,sess-vwuwimfdddmtxz8qcg,c-0bc35e21-5386-4b56-9b01-55824c1fcc5c,beta_B,treat,quest,0.06953218550028814,False,2026-09-06T14:21:45Z,https://calmforest.cloud,867ef5fa-448b-44e3-9b48-a2738234b6f7,2026-09-12 06:01:15.623000+00:00,2026-09-12 06:16:18.780000+00:00,903,306,1,False
2026-09-12 06:11:14.456208+00:00,sess-vwuwimfdddmtxz8qcg,c-0bc35e21-5386-4b56-9b01-55824c1fcc5c,beta_B,treat,quest,0.07610832545279118,False,2026-09-06T14:21:45Z,https://calmforest.cloud,867ef5fa-448b-44e3-9b48-a2738234b6f7,2026-09-12 06:01:15.623000+00:00,2026-09-12 06:16:18.780000+00:00,903,304,1,False
2026-09-12 06:11:32.819385+00:00,sess-vwuwimfdddmtxz8qcg,c-0bc35e21-5386-4b56-9b01-55824c1fcc5c,beta_B,treat,quest,0.13883315379559036,True,2026-09-06T14:21:45Z,https://calmforest.cloud,867ef5fa-448b-44e3-9b48-a2738234b6f7,2026-09-12 06:01:15.623000+00:00,2026-09-12 06:16:18.780000+00:00,903,285,1,True
2026-09-12 06:11:36.094457+00:00,sess-vwuwimfdddmtxz8qcg,c-0bc35e21-5386-4b56-9b01-55824c1fcc5c,beta_B,treat,quest,0.15352741505624626,True,2026-09-06T14:21:45Z,https://calmforest.cloud,867ef5fa-448b-44e3-9b48-a2738234b6f7,2026-09-12 06:01:15.623000+00:00,2026-09-12 06:16:18.780000+00:00,903,282,1,True
2026-09-12 06:11:37.623390+00:00,sess-vwuwimfdddmtxz8qcg,c-0bc35e21-5386-4b56-9b01-55824c1fcc5c,beta_B,treat,quest,0.14268409171544705,True,2026-09-06T14:21:45Z,https://calmforest.cloud,867ef5fa-448b-44e3-9b48-a2738234b6f7,2026-09-12 06:01:15.623000+00:00,2026-09-12 06:16:18.780000+00:00,903,281,1,True
2026-09-12 06:13:48.509535+00:00,sess-vwuwimfdddmtxz8qcg,c-0bc35e21-5386-4b56-9b01-55824c1fcc5c,beta_B,treat,quest,0.1303614279848369,False,2026-09-06T14:21:45Z,https://calmforest.cloud,867ef5fa-448b-44e3-9b48-a2738234b6f7,2026-09-12 06:01:15.623000+00:00,2026-09-12 06:16:18.780000+00:00,903,150,1,False
2026-09-12 06:13:49.165560+00:00,sess-vwuwimfdddmtxz8qcg,c-0bc35e21-5386-4b56-9b01-55824c1fcc5c,beta_B,treat,quest,0.12839950666407848,False,2026-09-06T14:21:45Z,https://calmforest.cloud,867ef5fa-448b-44e3-9b48-a2738234b6f7,2026-09-12 06:01:15.623000+00:00,2026-09-12 06:16:18.780000+00:00,903,149,1,False
2026-09-12 06:13:50.031416+00:00,sess-vwuwimfdddmtxz8qcg,c-0bc35e21-5386-4b56-9b01-55824c1fcc5c,beta_B,treat,quest,0.13140043041429716,False,2026-09-06T14:21:45Z,https://calmforest.cloud,867ef5fa-448b-44e3-9b48-a2738234b6f7,2026-09-12 06:01:15.623000+00:00,2026-09-12 06:16:18.780000+00:00,903,148,1,False
2026-09-12 09:47:50.113512+00:00,sess-us8eg33k3plmty7bqnw,c-6c0f3dda-eb43-42ac-8324-ec1895c78ee4,beta_A,treat,time15,0.2420078653018121,False,2026-09-06T14:21:45Z,https://calmforest.cloud,d7fa8f5f-3fd5-45fb-93c4-16c35e8af6fd,2026-09-12 09:47:32.929000+00:00,2026-09-12 10:00:31.817000+00:00,779,761,1,False
2026-09-12 09:48:06.115710+00:00,sess-us8eg33k3plmty7bqnw,c-6c0f3dda-eb43-42ac-8324-ec1895c78ee4,beta_A,treat,quest,0.043568046064167774,False,2026-09-06T14:21:45Z,https://calmforest.cloud,d7fa8f5f-3fd5-45fb-93c4-16c35e8af6fd,2026-09-12 09:47:32.929000+00:00,2026-09-12 10:00:31.817000+00:00,779,745,1,False
2026-09-12 09:52:38.162812+00:00,sess-us8eg33k3plmty7bqnw,c-6c0f3dda-eb43-42ac-8324-ec1895c78ee4,beta_A,treat,quest,0.08038627517786252,False,2026-09-06T14:21:45Z,https://calmforest.cloud,d7fa8f5f-3fd5-45fb-93c4-16c35e8af6fd,2026-09-12 09:47:32.929000+00:00,2026-09-12 10:00:31.817000+00:00,779,473,1,False
2026-09-12 09:52:38.662206+00:00,sess-us8eg33k3plmty7bqnw,c-6c0f3dda-eb43-42ac-8324-ec1895c78ee4,beta_A,treat,quest,0.09644942138171321,False,2026-09-06T14:21:45Z,https://calmforest.cloud,d7fa8f5f-3fd5-45fb-93c4-16c35e8af6fd,2026-09-12 09:47:32.929000+00:00,2026-09-12 10:00:31.817000+00:00,779,473,1,False
2026-09-12 09:52:40.855691+00:00,sess-us8eg33k3plmty7bqnw,c-6c0f3dda-eb43-42ac-8324-ec1895c78ee4,beta_A,treat,quest,0.1671481650096846,True,2026-09-06T14:21:45Z,https://calmforest.cloud,d7fa8f5f-3fd5-45fb-93c4-16c35e8af6fd,2026-09-12 09:47:32.929000+00:00,2026-09-12 10:00:31.817000+00:00,779,470,1,True
2026-09-12 09:52:43.640078+00:00,sess-us8eg33k3plmty7bqnw,c-6c0f3dda-eb43-42ac-8324-ec1895c78ee4,beta_A,treat,quest,0.12154389637687434,False,2026-09-06T14:21:45Z,https://calmforest.cloud,d7fa8f5f-3fd5-45fb-93c4-16c35e8af6fd,2026-09-12 09:47:32.929000+00:00,2026-09-12 10:00:31.817000+00:00,779,468,1,False
2026-09-12 09:53:05.299722+00:00,sess-us8eg33k3plmty7bqnw,c-6c0f3dda-eb43-42ac-8324-ec1895c78ee4,beta_A,treat,quest,0.1033158292605804,False,2026-09-06T14:21:45Z,https://calmforest.cloud,d7fa8f5f-3fd5-45fb-93c4-16c35e8af6fd,2026-09-12 09:47:32.929000+00:00,2026-09-12 10:00:31.817000+00:00,779,446,1,False
2026-09-12 09:53:10.533120+00:00,sess-us8eg33k3plmty7bqnw,c-6c0f3dda-eb43-42ac-8324-ec1895c78ee4,beta_A,treat,quest,0.09187581016126617,False,2026-09-06T14:21:45Z,https://calmforest.cloud,d7fa8f5f-3fd5-45fb-93c4-16c35e8af6fd,2026-09-12 09:47:32.929000+00:00,2026-09-12 10:00:31.817000+00:00,779,441,1,False
2026-09-12 09:53:11.429701+00:00,sess-us8eg33k3plmty7bqnw,c-6c0f3dda-eb43-42ac-8324-ec1895c78ee4,beta_A,treat,quest,0.10399852795985692,False,2026-09-06T14:21:45Z,https://calmforest.cloud,d7fa8f5f-3fd5-45fb-93c4-16c35e8af6fd,2026-09-12 09:47:32.929000+00:00,2026-09-12 10:00:31.817000+00:00,779,440,1,False
2026-09-12 09:53:35.380471+00:00,sess-us8eg33k3plmty7bqnw,c-6c0f3dda-eb43-42ac-8324-ec1895c78ee4,beta_A,treat,quest,0.16621754824932286,True,2026-09-06T14:21:45Z,https://calmforest.cloud,d7fa8f5f-3fd5-45fb-93c4-16c35e8af6fd,2026-09-12 09:47:32.929000+00:00,2026-09-12 10:00:31.817000+00:00,779,416,1,True
2026-09-12 09:53:35.972297+00:00,sess-us8eg33k3plmty7bqnw,c-6c0f3dda-eb43-42ac-8324-ec1895c78ee4,beta_A,treat,quest,0.1656216181875101,True,2026-09-06T14:21:45Z,https://calmforest.cloud,d7fa8f5f-3fd5-45fb-93c4-16c35e8af6fd,2026-09-12 09:47:32.929000+00:00,2026-09-12 10:00:31.817000+00:00,779,415,1,True
2026-09-12 09:56:37.069402+00:00,sess-us8eg33k3plmty7bqnw,c-6c0f3dda-eb43-42ac-8324-ec1895c78ee4,beta_A,treat,quest,0.1639016161239806,True,2026-09-06T14:21:45Z,https://calmforest.cloud,d7fa8f5f-3fd5-45fb-93c4-16c35e8af6fd,2026-09-12 09:47:32.929000+00:00,2026-09-12 10:00:31.817000+00:00,779,234,1,True
2026-09-12 09:56:37.582997+00:00,sess-us8eg33k3plmty7bqnw,c-6c0f3dda-eb43-42ac-8324-ec1895c78ee4,beta_A,treat,quest,0.15585845759747338,True,2026-09-06T14:21:45Z,https://calmforest.cloud,d7fa8f5f-3fd5-45fb-93c4-16c35e8af6fd,2026-09-12 09:47:32.929000+00:00,2026-09-12 10:00:31.817000+00:00,779,234,1,True
2026-09-12 09:56:52.739745+00:00,sess-us8eg33k3plmty7bqnw,c-6c0f3dda-eb43-42ac-8324-ec1895c78ee4,beta_A,treat,quest,0.15403115246641097,True,2026-09-06T14:21:45Z,https://calmforest.cloud,d7fa8f5f-3fd5-45fb-93c4-16c35e8af6fd,2026-09-12 09:47:32.929000+00:00,2026-09-12 10:00:31.817000+00:00,779,219,1,True
2026-09-12 09:56:53.306576+00:00,sess-us8eg33k3plmty7bqnw,c-6c0f3dda-eb43-42ac-8324-ec1895c78ee4,beta_A,treat,quest,0.1434561162564164,True,2026-09-06T14:21:45Z,https://calmforest.cloud,d7fa8f5f-3fd5-45fb-93c4-16c35e8af6fd,2026-09-12 09:47:32.929000+00:00,2026-09-12 10:00:31.817000+00:00,779,218,1,True
2026-09-12 09:56:54.672162+00:00,sess-us8eg33k3plmty7bqnw,c-6c0f3dda-eb43-42ac-8324-ec1895c78ee4,beta_A,treat,quest,0.15007654085396105,True,2026-09-06T14:21:45Z,https://calmforest.cloud,d7fa8f5f-3fd5-45fb-93c4-16c35e8af6fd,2026-09-12 09:47:32.929000+00:00,2026-09-12 10:00:31.817000+00:00,779,217,1,True
2026-09-12 09:56:55.323345+00:00,sess-us8eg33k3plmty7bqnw,c-6c0f3dda-eb43-42ac-8324-ec1895c78ee4,beta_A,treat,quest,0.15393158643824506,True,2026-09-06T14:21:45Z,https://calmforest.cloud,d7fa8f5f-3fd5-45fb-93c4-16c35e8af6fd,2026-09-12 09:47:32.929000+00:00,2026-09-12 10:00:31.817000+00:00,779,216,1,True
2026-09-12 09:57:13.617961+00:00,sess-us8eg33k3plmty7bqnw,c-6c0f3dda-eb43-42ac-8324-ec1895c78ee4,beta_A,treat,quest,0.1649857812720559,True,2026-09-06T14:21:45Z,https://calmforest.cloud,d7fa8f5f-3fd5-45fb-93c4-16c35e8af6fd,2026-09-12 09:47:32.929000+00:00,2026-09-12 10:00:31.817000+00:00,779,198,1,True
2026-09-12 09:57:14.347998+00:00,sess-us8eg33k3plmty7bqnw,c-6c0f3dda-eb43-42ac-8324-ec1895c78ee4,beta_A,treat,quest,0.16113134189238612,True,2026-09-06T14:21:45Z,https://calmforest.cloud,d7fa8f5f-3fd5-45fb-93c4-16c35e8af6fd,2026-09-12 09:47:32.929000+00:00,2026-09-12 10:00:31.817000+00:00,779,197,1,True
2026-09-12 13:33:57.154200+00:00,sess-2chdv6l0mx5mtyfc4uv,c-0653f0f3-bbec-4825-aee3-feb04d61e432,beta_A,treat,quest,0.1322126135866319,False,2026-09-06T14:21:45Z,https://calmforest.cloud,fabd3109-d3f3-463e-b718-f1eb9a7bdeee,2026-09-12 13:31:48.259000+00:00,2026-09-12 13:36:17.569000+00:00,269,140,1,False
2026-09-12 13:33:57.650976+00:00,sess-2chdv6l0mx5mtyfc4uv,c-0653f0f3-bbec-4825-aee3-feb04d61e432,beta_A,treat,quest,0.15075294282453786,True,2026-09-06T14:21:45Z,https://calmforest.cloud,fabd3109-d3f3-463e-b718-f1eb9a7bdeee,2026-09-12 13:31:48.259000+00:00,2026-09-12 13:36:17.569000+00:00,269,139,1,True
2026-09-12 13:34:02.007156+00:00,sess-2chdv6l0mx5mtyfc4uv,c-0653f0f3-bbec-4825-aee3-feb04d61e432,beta_A,treat,quest,0.15556969941753745,True,2026-09-06T14:21:45Z,https://calmforest.cloud,fabd3109-d3f3-463e-b718-f1eb9a7bdeee,2026-09-12 13:31:48.259000+00:00,2026-09-12 13:36:17.569000+00:00,269,135,1,True
2026-09-12 13:34:04.234527+00:00,sess-2chdv6l0mx5mtyfc4uv,c-0653f0f3-bbec-4825-aee3-feb04d61e432,beta_A,treat,quest,0.13484859048545253,False,2026-09-06T14:21:45Z,https://calmforest.cloud,fabd3109-d3f3-463e-b718-f1eb9a7bdeee,2026-09-12 13:31:48.259000+00:00,2026-09-12 13:36:17.569000+00:00,269,133,1,False
2026-09-12 13:34:15.407883+00:00,sess-2chdv6l0mx5mtyfc4uv,c-0653f0f3-bbec-4825-aee3-feb04d61e432,beta_A,treat,quest,0.15278703436398552,True,2026-09-06T14:21:45Z,https://calmforest.cloud,fabd3109-d3f3-463e-b718-f1eb9a7bdeee,2026-09-12 13:31:48.259000+00:00,2026-09-12 13:36:17.569000+00:00,269,122,1,True
2026-09-12 13:34:16.008627+00:00,sess-2chdv6l0mx5mtyfc4uv,c-0653f0f3-bbec-4825-aee3-feb04d61e432,beta_A,treat,quest,0.13607375008779687,False,2026-09-06T14:21:45Z,https://calmforest.cloud,fabd3109-d3f3-463e-b718-f1eb9a7bdeee,2026-09-12 13:31:48.259000+00:00,2026-09-12 13:36:17.569000+00:00,269,121,1,False
2026-09-12 14:41:15.378453+00:00,sess-d1naxd6kn1smtyhsx22,c-cae243d9-612c-4064-8ff3-182417acfd49,beta_B,treat,quest,0.13791406751225987,False,2026-09-06T14:21:45Z,https://calmforest.cloud,96ce06d2-f9f0-4eaa-ae7e-f85a84b100b5,2026-09-12 14:40:50.528000+00:00,2026-09-12 15:03:06.501000+00:00,1336,1311,1,False
2026-09-12 14:41:18.112420+00:00,sess-d1naxd6kn1smtyhsx22,c-cae243d9-612c-4064-8ff3-182417acfd49,beta_B,treat,quest,0.13791406751225987,False,2026-09-06T14:21:45Z,https://calmforest.cloud,96ce06d2-f9f0-4eaa-ae7e-f85a84b100b5,2026-09-12 14:40:50.528000+00:00,2026-09-12 15:03:06.501000+00:00,1336,1308,1,False
2026-09-12 14:41:21.237533+00:00,sess-d1naxd6kn1smtyhsx22,c-cae243d9-612c-4064-8ff3-182417acfd49,beta_B,treat,quest,0.1521871200140931,True,2026-09-06T14:21:45Z,https://calmforest.cloud,96ce06d2-f9f0-4eaa-ae7e-f85a84b100b5,2026-09-12 14:40:50.528000+00:00,2026-09-12 15:03:06.501000+00:00,1336,1305,1,True
2026-09-12 14:41:54.499874+00:00,sess-d1naxd6kn1smtyhsx22,c-cae243d9-612c-4064-8ff3-182417acfd49,beta_B,treat,quest,0.14980836184559865,True,2026-09-06T14:21:45Z,https://calmforest.cloud,96ce06d2-f9f0-4eaa-ae7e-f85a84b100b5,2026-09-12 14:40:50.528000+00:00,2026-09-12 15:03:06.501000+00:00,1336,1272,1,True
2026-09-12 14:41:55.307890+00:00,sess-d1naxd6kn1smtyhsx22,c-cae243d9-612c-4064-8ff3-182417acfd49,beta_B,treat,quest,0.14980836184559865,True,2026-09-06T14:21:45Z,https://calmforest.cloud,96ce06d2-f9f0-4eaa-ae7e-f85a84b100b5,2026-09-12 14:40:50.528000+00:00,2026-09-12 15:03:06.501000+00:00,1336,1271,1,True
2026-09-12 14:41:57.868133+00:00,sess-d1naxd6kn1smtyhsx22,c-cae243d9-612c-4064-8ff3-182417acfd49,beta_B,treat,quest,0.14301264446180645,True,2026-09-06T14:21:45Z,https://calmforest.cloud,96ce06d2-f9f0-4eaa-ae7e-f85a84b100b5,2026-09-12 14:40:50.528000+00:00,2026-09-12 15:03:06.501000+00:00,1336,1268,1,True
2026-09-12 14:41:59.317719+00:00,sess-d1naxd6kn1smtyhsx22,c-cae243d9-612c-4064-8ff3-182417acfd49,beta_B,treat,quest,0.14301264446180645,True,2026-09-06T14:21:45Z,https://calmforest.cloud,96ce06d2-f9f0-4eaa-ae7e-f85a84b100b5,2026-09-12 14:40:50.528000+00:00,2026-09-12 15:03:06.501000+00:00,1336,1267,1,True
2026-09-12 14:42:13.009474+00:00,sess-d1naxd6kn1smtyhsx22,c-cae243d9-612c-4064-8ff3-182417acfd49,beta_B,treat,quest,0.14337829494595203,True,2026-09-06T14:21:45Z,https://calmforest.cloud,96ce06d2-f9f0-4eaa-ae7e-f85a84b100b5,2026-09-12 14:40:50.528000+00:00,2026-09-12 15:03:06.501000+00:00,1336,1253,1,True
2026-09-12 14:42:13.701130+00:00,sess-d1naxd6kn1smtyhsx22,c-cae243d9-612c-4064-8ff3-182417acfd49,beta_B,treat,quest,0.14337829494595203,True,2026-09-06T14:21:45Z,https://calmforest.cloud,96ce06d2-f9f0-4eaa-ae7e-f85a84b100b5,2026-09-12 14:40:50.528000+00:00,2026-09-12 15:03:06.501000+00:00,1336,1252,1,True
2026-09-12 14:42:14.509322+00:00,sess-d1naxd6kn1smtyhsx22,c-cae243d9-612c-4064-8ff3-182417acfd49,beta_B,treat,quest,0.14337829494595203,True,2026-09-06T14:21:45Z,https://calmforest.cloud,96ce06d2-f9f0-4eaa-ae7e-f85a84b100b5,2026-09-12 14:40:50.528000+00:00,2026-09-12 15:03:06.501000+00:00,1336,1251,1,True
2026-09-12 14:42:16.335379+00:00,sess-d1naxd6kn1smtyhsx22,c-cae243d9-612c-4064-8ff3-182417acfd49,beta_B,treat,quest,0.14337829494595203,True,2026-09-06T14:21:45Z,https://calmforest.cloud,96ce06d2-f9f0-4eaa-ae7e-f85a84b100b5,2026-09-12 14:40:50.528000+00:00,2026-09-12 15:03:06.501000+00:00,1336,1250,1,True
2026-09-12 14:42:17.669025+00:00,sess-d1naxd6kn1smtyhsx22,c-cae243d9-612c-4064-8ff3-182417acfd49,beta_B,treat,quest,0.13814400187257514,False,2026-09-06T14:21:45Z,https://calmforest.cloud,96ce06d2-f9f0-4eaa-ae7e-f85a84b100b5,2026-09-12 14:40:50.528000+00:00,2026-09-12 15:03:06.501000+00:00,1336,1248,1,False
2026-09-12 14:43:06.339296+00:00,sess-d1naxd6kn1smtyhsx22,c-cae243d9-612c-4064-8ff3-182417acfd49,beta_B,treat,quest,0.14008439261197106,True,2026-09-06T14:21:45Z,https://calmforest.cloud,96ce06d2-f9f0-4eaa-ae7e-f85a84b100b5,2026-09-12 14:40:50.528000+00:00,2026-09-12 15:03:06.501000+00:00,1336,1200,1,True
2026-09-12 14:43:07.078263+00:00,sess-d1naxd6kn1smtyhsx22,c-cae243d9-612c-4064-8ff3-182417acfd49,beta_B,treat,quest,0.14522033490261846,True,2026-09-06T14:21:45Z,https://calmforest.cloud,96ce06d2-f9f0-4eaa-ae7e-f85a84b100b5,2026-09-12 14:40:50.528000+00:00,2026-09-12 15:03:06.501000+00:00,1336,1199,1,True
2026-09-12 14:43:08.876948+00:00,sess-d1naxd6kn1smtyhsx22,c-cae243d9-612c-4064-8ff3-182417acfd49,beta_B,treat,quest,0.14522033490261846,True,2026-09-06T14:21:45Z,https://calmforest.cloud,96ce06d2-f9f0-4eaa-ae7e-f85a84b100b5,2026-09-12 14:40:50.528000+00:00,2026-09-12 15:03:06.501000+00:00,1336,1197,1,True
2026-09-12 14:43:10.478468+00:00,sess-d1naxd6kn1smtyhsx22,c-cae243d9-612c-4064-8ff3-182417acfd49,beta_B,treat,quest,0.14522033490261846,True,2026-09-06T14:21:45Z,https://calmforest.cloud,96ce06d2-f9f0-4eaa-ae7e-f85a84b100b5,2026-09-12 14:40:50.528000+00:00,2026-09-12 15:03:06.501000+00:00,1336,1196,1,True
2026-09-12 14:44:24.019420+00:00,sess-d1naxd6kn1smtyhsx22,c-cae243d9-612c-4064-8ff3-182417acfd49,beta_B,treat,quest,0.160994206024694,True,2026-09-06T14:21:45Z,https://calmforest.cloud,96ce06d2-f9f0-4eaa-ae7e-f85a84b100b5,2026-09-12 14:40:50.528000+00:00,2026-09-12 15:03:06.501000+00:00,1336,1122,1,True
2026-09-12 14:44:24.245002+00:00,sess-d1naxd6kn1smtyhsx22,c-cae243d9-612c-4064-8ff3-182417acfd49,beta_B,treat,quest,0.160994206024694,True,2026-09-06T14:21:45Z,https://calmforest.cloud,96ce06d2-f9f0-4eaa-ae7e-f85a84b100b5,2026-09-12 14:40:50.528000+00:00,2026-09-12 15:03:06.501000+00:00,1336,1122,1,True
2026-09-12 14:46:12.574203+00:00,sess-c7jcq00k0h6mtyhzedm,c-d0173dd9-8e73-43f0-9c3b-016844ffa5a6,beta_B,control,time15,0.4141438619970058,False,2026-09-06T14:21:45Z,https://calmforest.cloud,96ce06d2-f9f0-4eaa-ae7e-f85a84b100b5,2026-09-12 14:45:52.916000+00:00,2026-09-12 15:01:32.284000+00:00,939,919,1,False
2026-09-12 14:50:32.627430+00:00,sess-w6z91la2jtamtyi1kig,c-8bd31f67-ec8a-423a-9a17-b8a71cd83816,beta_A,control,quest,0.14970968298595178,True,2026-09-06T14:21:45Z,https://calmforest.cloud,dba0c17e-cf7b-4fbc-be57-0f88d08029da,2026-09-12 14:47:34.177000+00:00,2026-09-12 14:53:37.554000+00:00,363,184,1,True
2026-09-12 14:50:34.326293+00:00,sess-w6z91la2jtamtyi1kig,c-8bd31f67-ec8a-423a-9a17-b8a71cd83816,beta_A,control,quest,0.14970968298595178,True,2026-09-06T14:21:45Z,https://calmforest.cloud,dba0c17e-cf7b-4fbc-be57-0f88d08029da,2026-09-12 14:47:34.177000+00:00,2026-09-12 14:53:37.554000+00:00,363,183,1,True
2026-09-12 14:50:39.888015+00:00,sess-w6z91la2jtamtyi1kig,c-8bd31f67-ec8a-423a-9a17-b8a71cd83816,beta_A,control,quest,0.13728156975630615,False,2026-09-06T14:21:45Z,https://calmforest.cloud,dba0c17e-cf7b-4fbc-be57-0f88d08029da,2026-09-12 14:47:34.177000+00:00,2026-09-12 14:53:37.554000+00:00,363,177,1,False
2026-09-12 14:50:42.649936+00:00,sess-w6z91la2jtamtyi1kig,c-8bd31f67-ec8a-423a-9a17-b8a71cd83816,beta_A,control,quest,0.13728156975630615,False,2026-09-06T14:21:45Z,https://calmforest.cloud,dba0c17e-cf7b-4fbc-be57-0f88d08029da,2026-09-12 14:47:34.177000+00:00,2026-09-12 14:53:37.554000+00:00,363,174,1,False
2026-09-12 14:51:12.862825+00:00,sess-w6z91la2jtamtyi1kig,c-8bd31f67-ec8a-423a-9a17-b8a71cd83816,beta_A,control,quest,0.1419701451637507,True,2026-09-06T14:21:45Z,https://calmforest.cloud,dba0c17e-cf7b-4fbc-be57-0f88d08029da,2026-09-12 14:47:34.177000+00:00,2026-09-12 14:53:37.554000+00:00,363,144,1,True
2026-09-12 14:51:13.864954+00:00,sess-w6z91la2jtamtyi1kig,c-8bd31f67-ec8a-423a-9a17-b8a71cd83816,beta_A,control,quest,0.1419701451637507,True,2026-09-06T14:21:45Z,https://calmforest.cloud,dba0c17e-cf7b-4fbc-be57-0f88d08029da,2026-09-12 14:47:34.177000+00:00,2026-09-12 14:53:37.554000+00:00,363,143,1,True
2026-09-12 14:58:09.364566+00:00,sess-c7jcq00k0h6mtyhzedm,c-d0173dd9-8e73-43f0-9c3b-016844ffa5a6,beta_B,control,quest,0.16915214528031292,True,2026-09-06T14:21:45Z,https://calmforest.cloud,96ce06d2-f9f0-4eaa-ae7e-f85a84b100b5,2026-09-12 14:45:52.916000+00:00,2026-09-12 15:01:32.284000+00:00,939,202,1,True
2026-09-13 05:35:35.505572+00:00,sess-nvne9704hxfmtzdr65m,c-68f26382-e48e-4989-8b8e-58d6a3b1e11c,beta_B,treat,time15,0.4269384037919268,False,2026-09-06T14:21:45Z,https://calmforest.cloud,62b2b0ac-deaf-4e16-81c9-4983aee910c9,2026-09-13 05:35:16.725000+00:00,2026-09-13 05:49:18.870000+00:00,842,823,1,False
2026-09-13 05:35:53.453352+00:00,sess-nvne9704hxfmtzdr65m,c-68f26382-e48e-4989-8b8e-58d6a3b1e11c,beta_B,treat,quest,0.1604761397363111,True,2026-09-06T14:21:45Z,https://calmforest.cloud,62b2b0ac-deaf-4e16-81c9-4983aee910c9,2026-09-13 05:35:16.725000+00:00,2026-09-13 05:49:18.870000+00:00,842,805,1,True
2026-09-13 05:35:57.047173+00:00,sess-nvne9704hxfmtzdr65m,c-68f26382-e48e-4989-8b8e-58d6a3b1e11c,beta_B,treat,quest,0.13417405566160828,False,2026-09-06T14:21:45Z,https://calmforest.cloud,62b2b0ac-deaf-4e16-81c9-4983aee910c9,2026-09-13 05:35:16.725000+00:00,2026-09-13 05:49:18.870000+00:00,842,801,1,False
2026-09-13 05:36:51.912912+00:00,sess-nvne9704hxfmtzdr65m,c-68f26382-e48e-4989-8b8e-58d6a3b1e11c,beta_B,treat,quest,0.14856762740535956,True,2026-09-06T14:21:45Z,https://calmforest.cloud,62b2b0ac-deaf-4e16-81c9-4983aee910c9,2026-09-13 05:35:16.725000+00:00,2026-09-13 05:49:18.870000+00:00,842,746,1,True
2026-09-13 05:36:52.990067+00:00,sess-nvne9704hxfmtzdr65m,c-68f26382-e48e-4989-8b8e-58d6a3b1e11c,beta_B,treat,quest,0.12319422688682898,False,2026-09-06T14:21:45Z,https://calmforest.cloud,62b2b0ac-deaf-4e16-81c9-4983aee910c9,2026-09-13 05:35:16.725000+00:00,2026-09-13 05:49:18.870000+00:00,842,745,1,False
2026-09-13 05:37:03.588879+00:00,sess-nvne9704hxfmtzdr65m,c-68f26382-e48e-4989-8b8e-58d6a3b1e11c,beta_B,treat,quest,0.13351572700086123,False,2026-09-06T14:21:45Z,https://calmforest.cloud,62b2b0ac-deaf-4e16-81c9-4983aee910c9,2026-09-13 05:35:16.725000+00:00,2026-09-13 05:49:18.870000+00:00,842,735,1,False
2026-09-13 05:37:08.356702+00:00,sess-nvne9704hxfmtzdr65m,c-68f26382-e48e-4989-8b8e-58d6a3b1e11c,beta_B,treat,quest,0.1398703270765993,True,2026-09-06T14:21:45Z,https://calmforest.cloud,62b2b0ac-deaf-4e16-81c9-4983aee910c9,2026-09-13 05:35:16.725000+00:00,2026-09-13 05:49:18.870000+00:00,842,730,1,True
2026-09-13 05:37:09.406347+00:00,sess-nvne9704hxfmtzdr65m,c-68f26382-e48e-4989-8b8e-58d6a3b1e11c,beta_B,treat,quest,0.13694503432107102,False,2026-09-06T14:21:45Z,https://calmforest.cloud,62b2b0ac-deaf-4e16-81c9-4983aee910c9,2026-09-13 05:35:16.725000+00:00,2026-09-13 05:49:18.870000+00:00,842,729,1,False
2026-09-13 05:37:13.198728+00:00,sess-nvne9704hxfmtzdr65m,c-68f26382-e48e-4989-8b8e-58d6a3b1e11c,beta_B,treat,quest,0.13391986839983294,False,2026-09-06T14:21:45Z,https://calmforest.cloud,62b2b0ac-deaf-4e16-81c9-4983aee910c9,2026-09-13 05:35:16.725000+00:00,2026-09-13 05:49:18.870000+00:00,842,725,1,False
2026-09-13 05:37:17.356407+00:00,sess-nvne9704hxfmtzdr65m,c-68f26382-e48e-4989-8b8e-58d6a3b1e11c,beta_B,treat,quest,0.14053821376812206,True,2026-09-06T14:21:45Z,https://calmforest.cloud,62b2b0ac-deaf-4e16-81c9-4983aee910c9,2026-09-13 05:35:16.725000+00:00,2026-09-13 05:49:18.870000+00:00,842,721,1,True
2026-09-13 05:37:21.477939+00:00,sess-nvne9704hxfmtzdr65m,c-68f26382-e48e-4989-8b8e-58d6a3b1e11c,beta_B,treat,quest,0.12916371135003482,False,2026-09-06T14:21:45Z,https://calmforest.cloud,62b2b0ac-deaf-4e16-81c9-4983aee910c9,2026-09-13 05:35:16.725000+00:00,2026-09-13 05:49:18.870000+00:00,842,717,1,False
2026-09-13 05:37:23.036893+00:00,sess-nvne9704hxfmtzdr65m,c-68f26382-e48e-4989-8b8e-58d6a3b1e11c,beta_B,treat,quest,0.11370212080784152,False,2026-09-06T14:21:45Z,https://calmforest.cloud,62b2b0ac-deaf-4e16-81c9-4983aee910c9,2026-09-13 05:35:16.725000+00:00,2026-09-13 05:49:18.870000+00:00,842,715,1,False
2026-09-13 05:39:09.185432+00:00,sess-nvne9704hxfmtzdr65m,c-68f26382-e48e-4989-8b8e-58d6a3b1e11c,beta_B,treat,quest,0.08731076359655149,False,2026-09-06T14:21:45Z,https://calmforest.cloud,62b2b0ac-deaf-4e16-81c9-4983aee910c9,2026-09-13 05:35:16.725000+00:00,2026-09-13 05:49:18.870000+00:00,842,609,1,False
2026-09-13 05:39:11.111003+00:00,sess-nvne9704hxfmtzdr65m,c-68f26382-e48e-4989-8b8e-58d6a3b1e11c,beta_B,treat,quest,0.07477763487318033,False,2026-09-06T14:21:45Z,https://calmforest.cloud,62b2b0ac-deaf-4e16-81c9-4983aee910c9,2026-09-13 05:35:16.725000+00:00,2026-09-13 05:49:18.870000+00:00,842,607,1,False
2026-09-13 05:39:11.758390+00:00,sess-nvne9704hxfmtzdr65m,c-68f26382-e48e-4989-8b8e-58d6a3b1e11c,beta_B,treat,quest,0.08078439479766229,False,2026-09-06T14:21:45Z,https://calmforest.cloud,62b2b0ac-deaf-4e16-81c9-4983aee910c9,2026-09-13 05:35:16.725000+00:00,2026-09-13 05:49:18.870000+00:00,842,607,1,False
2026-09-13 05:39:12.651870+00:00,sess-nvne9704hxfmtzdr65m,c-68f26382-e48e-4989-8b8e-58d6a3b1e11c,beta_B,treat,quest,0.08546720853975143,False,2026-09-06T14:21:45Z,https://calmforest.cloud,62b2b0ac-deaf-4e16-81c9-4983aee910c9,2026-09-13 05:35:16.725000+00:00,2026-09-13 05:49:18.870000+00:00,842,606,1,False
2026-09-13 05:39:19.013769+00:00,sess-nvne9704hxfmtzdr65m,c-68f26382-e48e-4989-8b8e-58d6a3b1e11c,beta_B,treat,quest,0.1336315499397844,False,2026-09-06T14:21:45Z,https://calmforest.cloud,62b2b0ac-deaf-4e16-81c9-4983aee910c9,2026-09-13 05:35:16.725000+00:00,2026-09-13 05:49:18.870000+00:00,842,599,1,False
2026-09-13 05:39:24.478708+00:00,sess-nvne9704hxfmtzdr65m,c-68f26382-e48e-4989-8b8e-58d6a3b1e11c,beta_B,treat,quest,0.14189106252230033,True,2026-09-06T14:21:45Z,https://calmforest.cloud,62b2b0ac-deaf-4e16-81c9-4983aee910c9,2026-09-13 05:35:16.725000+00:00,2026-09-13 05:49:18.870000+00:00,842,594,1,True
2026-09-13 05:39:47.948565+00:00,sess-nvne9704hxfmtzdr65m,c-68f26382-e48e-4989-8b8e-58d6a3b1e11c,beta_B,treat,quest,0.15982252920620918,True,2026-09-06T14:21:45Z,https://calmforest.cloud,62b2b0ac-deaf-4e16-81c9-4983aee910c9,2026-09-13 05:35:16.725000+00:00,2026-09-13 05:49:18.870000+00:00,842,570,1,True
2026-09-13 05:39:48.631370+00:00,sess-nvne9704hxfmtzdr65m,c-68f26382-e48e-4989-8b8e-58d6a3b1e11c,beta_B,treat,quest,0.1498943593730112,True,2026-09-06T14:21:45Z,https://calmforest.cloud,62b2b0ac-deaf-4e16-81c9-4983aee910c9,2026-09-13 05:35:16.725000+00:00,2026-09-13 05:49:18.870000+00:00,842,570,1,True
2026-09-13 05:39:51.669309+00:00,sess-nvne9704hxfmtzdr65m,c-68f26382-e48e-4989-8b8e-58d6a3b1e11c,beta_B,treat,quest,0.14453332989825615,True,2026-09-06T14:21:45Z,https://calmforest.cloud,62b2b0ac-deaf-4e16-81c9-4983aee910c9,2026-09-13 05:35:16.725000+00:00,2026-09-13 05:49:18.870000+00:00,842,567,1,True
2026-09-13 05:39:52.419479+00:00,sess-nvne9704hxfmtzdr65m,c-68f26382-e48e-4989-8b8e-58d6a3b1e11c,beta_B,treat,quest,0.1418950197026646,True,2026-09-06T14:21:45Z,https://calmforest.cloud,62b2b0ac-deaf-4e16-81c9-4983aee910c9,2026-09-13 05:35:16.725000+00:00,2026-09-13 05:49:18.870000+00:00,842,566,1,True
2026-09-13 05:40:56.717347+00:00,sess-nvne9704hxfmtzdr65m,c-68f26382-e48e-4989-8b8e-58d6a3b1e11c,beta_B,treat,quest,0.1785372096679911,True,2026-09-06T14:21:45Z,https://calmforest.cloud,62b2b0ac-deaf-4e16-81c9-4983aee910c9,2026-09-13 05:35:16.725000+00:00,2026-09-13 05:49:18.870000+00:00,842,502,1,True
2026-09-13 05:40:59.332900+00:00,sess-nvne9704hxfmtzdr65m,c-68f26382-e48e-4989-8b8e-58d6a3b1e11c,beta_B,treat,quest,0.15732163119950074,True,2026-09-06T14:21:45Z,https://calmforest.cloud,62b2b0ac-deaf-4e16-81c9-4983aee910c9,2026-09-13 05:35:16.725000+00:00,2026-09-13 05:49:18.870000+00:00,842,499,1,True
2026-09-13 05:41:40.711836+00:00,sess-nvne9704hxfmtzdr65m,c-68f26382-e48e-4989-8b8e-58d6a3b1e11c,beta_B,treat,quest,0.15265407229388345,True,2026-09-06T14:21:45Z,https://calmforest.cloud,62b2b0ac-deaf-4e16-81c9-4983aee910c9,2026-09-13 05:35:16.725000+00:00,2026-09-13 05:49:18.870000+00:00,842,458,1,True
2026-09-13 05:41:43.496395+00:00,sess-nvne9704hxfmtzdr65m,c-68f26382-e48e-4989-8b8e-58d6a3b1e11c,beta_B,treat,quest,0.1441450221906016,True,2026-09-06T14:21:45Z,https://calmforest.cloud,62b2b0ac-deaf-4e16-81c9-4983aee910c9,2026-09-13 05:35:16.725000+00:00,2026-09-13 05:49:18.870000+00:00,842,455,1,True
2026-09-13 05:41:44.355791+00:00,sess-nvne9704hxfmtzdr65m,c-68f26382-e48e-4989-8b8e-58d6a3b1e11c,beta_B,treat,quest,0.1441450221906016,True,2026-09-06T14:21:45Z,https://calmforest.cloud,62b2b0ac-deaf-4e16-81c9-4983aee910c9,2026-09-13 05:35:16.725000+00:00,2026-09-13 05:49:18.870000+00:00,842,454,1,True
2026-09-13 05:42:17.657345+00:00,sess-nvne9704hxfmtzdr65m,c-68f26382-e48e-4989-8b8e-58d6a3b1e11c,beta_B,treat,quest,0.1280583335058104,False,2026-09-06T14:21:45Z,https://calmforest.cloud,62b2b0ac-deaf-4e16-81c9-4983aee910c9,2026-09-13 05:35:16.725000+00:00,2026-09-13 05:49:18.870000+00:00,842,421,1,False
2026-09-13 05:42:18.247960+00:00,sess-nvne9704hxfmtzdr65m,c-68f26382-e48e-4989-8b8e-58d6a3b1e11c,beta_B,treat,quest,0.10327303640559499,False,2026-09-06T14:21:45Z,https://calmforest.cloud,62b2b0ac-deaf-4e16-81c9-4983aee910c9,2026-09-13 05:35:16.725000+00:00,2026-09-13 05:49:18.870000+00:00,842,420,1,False
2026-09-13 05:42:18.977099+00:00,sess-nvne9704hxfmtzdr65m,c-68f26382-e48e-4989-8b8e-58d6a3b1e11c,beta_B,treat,quest,0.12326445376569173,False,2026-09-06T14:21:45Z,https://calmforest.cloud,62b2b0ac-deaf-4e16-81c9-4983aee910c9,2026-09-13 05:35:16.725000+00:00,2026-09-13 05:49:18.870000+00:00,842,419,1,False
2026-09-13 05:42:26.786255+00:00,sess-nvne9704hxfmtzdr65m,c-68f26382-e48e-4989-8b8e-58d6a3b1e11c,beta_B,treat,quest,0.1534184568873648,True,2026-09-06T14:21:45Z,https://calmforest.cloud,62b2b0ac-deaf-4e16-81c9-4983aee910c9,2026-09-13 05:35:16.725000+00:00,2026-09-13 05:49:18.870000+00:00,842,412,1,True
2026-09-13 05:42:27.686554+00:00,sess-nvne9704hxfmtzdr65m,c-68f26382-e48e-4989-8b8e-58d6a3b1e11c,beta_B,treat,quest,0.13143516937545427,False,2026-09-06T14:21:45Z,https://calmforest.cloud,62b2b0ac-deaf-4e16-81c9-4983aee910c9,2026-09-13 05:35:16.725000+00:00,2026-09-13 05:49:18.870000+00:00,842,411,1,False
2026-09-13 05:42:28.916123+00:00,sess-nvne9704hxfmtzdr65m,c-68f26382-e48e-4989-8b8e-58d6a3b1e11c,beta_B,treat,quest,0.12494988998098823,False,2026-09-06T14:21:45Z,https://calmforest.cloud,62b2b0ac-deaf-4e16-81c9-4983aee910c9,2026-09-13 05:35:16.725000+00:00,2026-09-13 05:49:18.870000+00:00,842,409,1,False
2026-09-13 05:43:39.929788+00:00,sess-nvne9704hxfmtzdr65m,c-68f26382-e48e-4989-8b8e-58d6a3b1e11c,beta_B,treat,quest,0.0843960020838182,False,2026-09-06T14:21:45Z,https://calmforest.cloud,62b2b0ac-deaf-4e16-81c9-4983aee910c9,2026-09-13 05:35:16.725000+00:00,2026-09-13 05:49:18.870000+00:00,842,338,1,False
2026-09-13 05:43:40.464842+00:00,sess-nvne9704hxfmtzdr65m,c-68f26382-e48e-4989-8b8e-58d6a3b1e11c,beta_B,treat,quest,0.09346511042301338,False,2026-09-06T14:21:45Z,https://calmforest.cloud,62b2b0ac-deaf-4e16-81c9-4983aee910c9,2026-09-13 05:35:16.725000+00:00,2026-09-13 05:49:18.870000+00:00,842,338,1,False
2026-09-13 05:43:43.983401+00:00,sess-nvne9704hxfmtzdr65m,c-68f26382-e48e-4989-8b8e-58d6a3b1e11c,beta_B,treat,quest,0.09531537547936687,False,2026-09-06T14:21:45Z,https://calmforest.cloud,62b2b0ac-deaf-4e16-81c9-4983aee910c9,2026-09-13 05:35:16.725000+00:00,2026-09-13 05:49:18.870000+00:00,842,334,1,False
2026-09-13 05:45:22.793133+00:00,sess-nvne9704hxfmtzdr65m,c-68f26382-e48e-4989-8b8e-58d6a3b1e11c,beta_B,treat,quest,0.1582959698626992,True,2026-09-06T14:21:45Z,https://calmforest.cloud,62b2b0ac-deaf-4e16-81c9-4983aee910c9,2026-09-13 05:35:16.725000+00:00,2026-09-13 05:49:18.870000+00:00,842,236,1,True
2026-09-13 05:45:23.172748+00:00,sess-nvne9704hxfmtzdr65m,c-68f26382-e48e-4989-8b8e-58d6a3b1e11c,beta_B,treat,quest,0.13897461015558485,True,2026-09-06T14:21:45Z,https://calmforest.cloud,62b2b0ac-deaf-4e16-81c9-4983aee910c9,2026-09-13 05:35:16.725000+00:00,2026-09-13 05:49:18.870000+00:00,842,235,1,True
2026-09-13 05:45:27.773664+00:00,sess-nvne9704hxfmtzdr65m,c-68f26382-e48e-4989-8b8e-58d6a3b1e11c,beta_B,treat,quest,0.13279145875251447,False,2026-09-06T14:21:45Z,https://calmforest.cloud,62b2b0ac-deaf-4e16-81c9-4983aee910c9,2026-09-13 05:35:16.725000+00:00,2026-09-13 05:49:18.870000+00:00,842,231,1,False
2026-09-13 05:45:31.024468+00:00,sess-nvne9704hxfmtzdr65m,c-68f26382-e48e-4989-8b8e-58d6a3b1e11c,beta_B,treat,quest,0.12887888682303508,False,2026-09-06T14:21:45Z,https://calmforest.cloud,62b2b0ac-deaf-4e16-81c9-4983aee910c9,2026-09-13 05:35:16.725000+00:00,2026-09-13 05:49:18.870000+00:00,842,227,1,False
2026-09-13 05:45:32.274010+00:00,sess-nvne9704hxfmtzdr65m,c-68f26382-e48e-4989-8b8e-58d6a3b1e11c,beta_B,treat,quest,0.12128075796473096,False,2026-09-06T14:21:45Z,https://calmforest.cloud,62b2b0ac-deaf-4e16-81c9-4983aee910c9,2026-09-13 05:35:16.725000+00:00,2026-09-13 05:49:18.870000+00:00,842,226,1,False
2026-09-13 05:45:32.863482+00:00,sess-nvne9704hxfmtzdr65m,c-68f26382-e48e-4989-8b8e-58d6a3b1e11c,beta_B,treat,quest,0.1448151833859129,True,2026-09-06T14:21:45Z,https://calmforest.cloud,62b2b0ac-deaf-4e16-81c9-4983aee910c9,2026-09-13 05:35:16.725000+00:00,2026-09-13 05:49:18.870000+00:00,842,226,1,True
2026-09-13 05:45:34.203902+00:00,sess-nvne9704hxfmtzdr65m,c-68f26382-e48e-4989-8b8e-58d6a3b1e11c,beta_B,treat,quest,0.13517276784901303,False,2026-09-06T14:21:45Z,https://calmforest.cloud,62b2b0ac-deaf-4e16-81c9-4983aee910c9,2026-09-13 05:35:16.725000+00:00,2026-09-13 05:49:18.870000+00:00,842,224,1,False
2026-09-13 05:46:39.870862+00:00,sess-nvne9704hxfmtzdr65m,c-68f26382-e48e-4989-8b8e-58d6a3b1e11c,beta_B,treat,quest,0.1535791851410694,True,2026-09-06T14:21:45Z,https://calmforest.cloud,62b2b0ac-deaf-4e16-81c9-4983aee910c9,2026-09-13 05:35:16.725000+00:00,2026-09-13 05:49:18.870000+00:00,842,158,1,True
2026-09-13 05:46:40.328489+00:00,sess-nvne9704hxfmtzdr65m,c-68f26382-e48e-4989-8b8e-58d6a3b1e11c,beta_B,treat,quest,0.13054351597634772,False,2026-09-06T14:21:45Z,https://calmforest.cloud,62b2b0ac-deaf-4e16-81c9-4983aee910c9,2026-09-13 05:35:16.725000+00:00,2026-09-13 05:49:18.870000+00:00,842,158,1,False
2026-09-13 06:40:52.387366+00:00,sess-o91vvemlsnmtzg145n,c-530d5746-aad0-4dd7-b3f4-50abb3ad39a5,beta_B,control,quest,0.17129763476448914,True,2026-09-06T14:21:45Z,https://calmforest.cloud,e9e102ad-dc26-4d4f-9aab-0c8b2df0e925,2026-09-13 06:38:59.922000+00:00,2026-09-13 07:10:17.108000+00:00,1877,1764,1,True
2026-09-13 06:40:53.253876+00:00,sess-o91vvemlsnmtzg145n,c-530d5746-aad0-4dd7-b3f4-50abb3ad39a5,beta_B,control,quest,0.17119611492299452,True,2026-09-06T14:21:45Z,https://calmforest.cloud,e9e102ad-dc26-4d4f-9aab-0c8b2df0e925,2026-09-13 06:38:59.922000+00:00,2026-09-13 07:10:17.108000+00:00,1877,1763,1,True
2026-09-13 06:40:55.570222+00:00,sess-o91vvemlsnmtzg145n,c-530d5746-aad0-4dd7-b3f4-50abb3ad39a5,beta_B,control,quest,0.1721896153101422,True,2026-09-06T14:21:45Z,https://calmforest.cloud,e9e102ad-dc26-4d4f-9aab-0c8b2df0e925,2026-09-13 06:38:59.922000+00:00,2026-09-13 07:10:17.108000+00:00,1877,1761,1,True
2026-09-13 06:40:58.485452+00:00,sess-o91vvemlsnmtzg145n,c-530d5746-aad0-4dd7-b3f4-50abb3ad39a5,beta_B,control,quest,0.1708360132410222,True,2026-09-06T14:21:45Z,https://calmforest.cloud,e9e102ad-dc26-4d4f-9aab-0c8b2df0e925,2026-09-13 06:38:59.922000+00:00,2026-09-13 07:10:17.108000+00:00,1877,1758,1,True
2026-09-13 06:41:06.026384+00:00,sess-o91vvemlsnmtzg145n,c-530d5746-aad0-4dd7-b3f4-50abb3ad39a5,beta_B,control,quest,0.15734783418062245,True,2026-09-06T14:21:45Z,https://calmforest.cloud,e9e102ad-dc26-4d4f-9aab-0c8b2df0e925,2026-09-13 06:38:59.922000+00:00,2026-09-13 07:10:17.108000+00:00,1877,1751,1,True
2026-09-13 06:41:09.357627+00:00,sess-o91vvemlsnmtzg145n,c-530d5746-aad0-4dd7-b3f4-50abb3ad39a5,beta_B,control,quest,0.14764760487759826,True,2026-09-06T14:21:45Z,https://calmforest.cloud,e9e102ad-dc26-4d4f-9aab-0c8b2df0e925,2026-09-13 06:38:59.922000+00:00,2026-09-13 07:10:17.108000+00:00,1877,1747,1,True
2026-09-13 06:41:09.876652+00:00,sess-o91vvemlsnmtzg145n,c-530d5746-aad0-4dd7-b3f4-50abb3ad39a5,beta_B,control,quest,0.14764760487759826,True,2026-09-06T14:21:45Z,https://calmforest.cloud,e9e102ad-dc26-4d4f-9aab-0c8b2df0e925,2026-09-13 06:38:59.922000+00:00,2026-09-13 07:10:17.108000+00:00,1877,1747,1,True
2026-09-13 06:42:00.100711+00:00,sess-o91vvemlsnmtzg145n,c-530d5746-aad0-4dd7-b3f4-50abb3ad39a5,beta_B,control,quest,0.17195898956749353,True,2026-09-06T14:21:45Z,https://calmforest.cloud,e9e102ad-dc26-4d4f-9aab-0c8b2df0e925,2026-09-13 06:38:59.922000+00:00,2026-09-13 07:10:17.108000+00:00,1877,1697,1,True
2026-09-13 06:42:02.514366+00:00,sess-o91vvemlsnmtzg145n,c-530d5746-aad0-4dd7-b3f4-50abb3ad39a5,beta_B,control,quest,0.1721841937587473,True,2026-09-06T14:21:45Z,https://calmforest.cloud,e9e102ad-dc26-4d4f-9aab-0c8b2df0e925,2026-09-13 06:38:59.922000+00:00,2026-09-13 07:10:17.108000+00:00,1877,1694,1,True
2026-09-13 06:42:07.316333+00:00,sess-o91vvemlsnmtzg145n,c-530d5746-aad0-4dd7-b3f4-50abb3ad39a5,beta_B,control,quest,0.17123366859756697,True,2026-09-06T14:21:45Z,https://calmforest.cloud,e9e102ad-dc26-4d4f-9aab-0c8b2df0e925,2026-09-13 06:38:59.922000+00:00,2026-09-13 07:10:17.108000+00:00,1877,1689,1,True
2026-09-13 06:42:09.363286+00:00,sess-o91vvemlsnmtzg145n,c-530d5746-aad0-4dd7-b3f4-50abb3ad39a5,beta_B,control,quest,0.1643242415821575,True,2026-09-06T14:21:45Z,https://calmforest.cloud,e9e102ad-dc26-4d4f-9aab-0c8b2df0e925,2026-09-13 06:38:59.922000+00:00,2026-09-13 07:10:17.108000+00:00,1877,1687,1,True
2026-09-13 06:42:21.229919+00:00,sess-o91vvemlsnmtzg145n,c-530d5746-aad0-4dd7-b3f4-50abb3ad39a5,beta_B,control,quest,0.17019829432113642,True,2026-09-06T14:21:45Z,https://calmforest.cloud,e9e102ad-dc26-4d4f-9aab-0c8b2df0e925,2026-09-13 06:38:59.922000+00:00,2026-09-13 07:10:17.108000+00:00,1877,1675,1,True
2026-09-13 06:42:30.657011+00:00,sess-o91vvemlsnmtzg145n,c-530d5746-aad0-4dd7-b3f4-50abb3ad39a5,beta_B,control,quest,0.16842897582340524,True,2026-09-06T14:21:45Z,https://calmforest.cloud,e9e102ad-dc26-4d4f-9aab-0c8b2df0e925,2026-09-13 06:38:59.922000+00:00,2026-09-13 07:10:17.108000+00:00,1877,1666,1,True
2026-09-13 06:42:31.566596+00:00,sess-o91vvemlsnmtzg145n,c-530d5746-aad0-4dd7-b3f4-50abb3ad39a5,beta_B,control,quest,0.16842897582340524,True,2026-09-06T14:21:45Z,https://calmforest.cloud,e9e102ad-dc26-4d4f-9aab-0c8b2df0e925,2026-09-13 06:38:59.922000+00:00,2026-09-13 07:10:17.108000+00:00,1877,1665,1,True
2026-09-13 06:42:35.496762+00:00,sess-o91vvemlsnmtzg145n,c-530d5746-aad0-4dd7-b3f4-50abb3ad39a5,beta_B,control,quest,0.16883040465136143,True,2026-09-06T14:21:45Z,https://calmforest.cloud,e9e102ad-dc26-4d4f-9aab-0c8b2df0e925,2026-09-13 06:38:59.922000+00:00,2026-09-13 07:10:17.108000+00:00,1877,1661,1,True
2026-09-13 06:42:47.394886+00:00,sess-o91vvemlsnmtzg145n,c-530d5746-aad0-4dd7-b3f4-50abb3ad39a5,beta_B,control,quest,0.17103968396783434,True,2026-09-06T14:21:45Z,https://calmforest.cloud,e9e102ad-dc26-4d4f-9aab-0c8b2df0e925,2026-09-13 06:38:59.922000+00:00,2026-09-13 07:10:17.108000+00:00,1877,1649,1,True
2026-09-13 06:42:49.619325+00:00,sess-o91vvemlsnmtzg145n,c-530d5746-aad0-4dd7-b3f4-50abb3ad39a5,beta_B,control,quest,0.17268318456379916,True,2026-09-06T14:21:45Z,https://calmforest.cloud,e9e102ad-dc26-4d4f-9aab-0c8b2df0e925,2026-09-13 06:38:59.922000+00:00,2026-09-13 07:10:17.108000+00:00,1877,1647,1,True
2026-09-13 06:42:50.249704+00:00,sess-o91vvemlsnmtzg145n,c-530d5746-aad0-4dd7-b3f4-50abb3ad39a5,beta_B,control,quest,0.17268318456379916,True,2026-09-06T14:21:45Z,https://calmforest.cloud,e9e102ad-dc26-4d4f-9aab-0c8b2df0e925,2026-09-13 06:38:59.922000+00:00,2026-09-13 07:10:17.108000+00:00,1877,1646,1,True
2026-09-13 06:42:52.805994+00:00,sess-o91vvemlsnmtzg145n,c-530d5746-aad0-4dd7-b3f4-50abb3ad39a5,beta_B,control,quest,0.17686466453084868,True,2026-09-06T14:21:45Z,https://calmforest.cloud,e9e102ad-dc26-4d4f-9aab-0c8b2df0e925,2026-09-13 06:38:59.922000+00:00,2026-09-13 07:10:17.108000+00:00,1877,1644,1,True
2026-09-13 06:42:59.424817+00:00,sess-o91vvemlsnmtzg145n,c-530d5746-aad0-4dd7-b3f4-50abb3ad39a5,beta_B,control,quest,0.7168094450198363,True,2026-09-06T14:21:45Z,https://calmforest.cloud,e9e102ad-dc26-4d4f-9aab-0c8b2df0e925,2026-09-13 06:38:59.922000+00:00,2026-09-13 07:10:17.108000+00:00,1877,1637,1,True
2026-09-13 06:43:03.684700+00:00,sess-o91vvemlsnmtzg145n,c-530d5746-aad0-4dd7-b3f4-50abb3ad39a5,beta_B,control,quest,0.1810860895433823,True,2026-09-06T14:21:45Z,https://calmforest.cloud,e9e102ad-dc26-4d4f-9aab-0c8b2df0e925,2026-09-13 06:38:59.922000+00:00,2026-09-13 07:10:17.108000+00:00,1877,1633,1,True
2026-09-13 06:43:35.521237+00:00,sess-o91vvemlsnmtzg145n,c-530d5746-aad0-4dd7-b3f4-50abb3ad39a5,beta_B,control,quest,0.1727958135098852,True,2026-09-06T14:21:45Z,https://calmforest.cloud,e9e102ad-dc26-4d4f-9aab-0c8b2df0e925,2026-09-13 06:38:59.922000+00:00,2026-09-13 07:10:17.108000+00:00,1877,1601,1,True
2026-09-13 06:43:41.221663+00:00,sess-o91vvemlsnmtzg145n,c-530d5746-aad0-4dd7-b3f4-50abb3ad39a5,beta_B,control,quest,0.17275286779576482,True,2026-09-06T14:21:45Z,https://calmforest.cloud,e9e102ad-dc26-4d4f-9aab-0c8b2df0e925,2026-09-13 06:38:59.922000+00:00,2026-09-13 07:10:17.108000+00:00,1877,1595,1,True
2026-09-13 06:43:42.810435+00:00,sess-o91vvemlsnmtzg145n,c-530d5746-aad0-4dd7-b3f4-50abb3ad39a5,beta_B,control,quest,0.17172253115283545,True,2026-09-06T14:21:45Z,https://calmforest.cloud,e9e102ad-dc26-4d4f-9aab-0c8b2df0e925,2026-09-13 06:38:59.922000+00:00,2026-09-13 07:10:17.108000+00:00,1877,1594,1,True
2026-09-13 06:43:43.828878+00:00,sess-o91vvemlsnmtzg145n,c-530d5746-aad0-4dd7-b3f4-50abb3ad39a5,beta_B,control,quest,0.17172253115283545,True,2026-09-06T14:21:45Z,https://calmforest.cloud,e9e102ad-dc26-4d4f-9aab-0c8b2df0e925,2026-09-13 06:38:59.922000+00:00,2026-09-13 07:10:17.108000+00:00,1877,1593,1,True
2026-09-13 06:43:49.817187+00:00,sess-o91vvemlsnmtzg145n,c-530d5746-aad0-4dd7-b3f4-50abb3ad39a5,beta_B,control,quest,0.17200877121406066,True,2026-09-06T14:21:45Z,https://calmforest.cloud,e9e102ad-dc26-4d4f-9aab-0c8b2df0e925,2026-09-13 06:38:59.922000+00:00,2026-09-13 07:10:17.108000+00:00,1877,1587,1,True
2026-09-13 06:44:08.679941+00:00,sess-o91vvemlsnmtzg145n,c-530d5746-aad0-4dd7-b3f4-50abb3ad39a5,beta_B,control,quest,0.17464541693398009,True,2026-09-06T14:21:45Z,https://calmforest.cloud,e9e102ad-dc26-4d4f-9aab-0c8b2df0e925,2026-09-13 06:38:59.922000+00:00,2026-09-13 07:10:17.108000+00:00,1877,1568,1,True
2026-09-13 06:44:13.878290+00:00,sess-o91vvemlsnmtzg145n,c-530d5746-aad0-4dd7-b3f4-50abb3ad39a5,beta_B,control,quest,0.13027784294008476,False,2026-09-06T14:21:45Z,https://calmforest.cloud,e9e102ad-dc26-4d4f-9aab-0c8b2df0e925,2026-09-13 06:38:59.922000+00:00,2026-09-13 07:10:17.108000+00:00,1877,1563,1,False
2026-09-13 06:44:26.734418+00:00,sess-o91vvemlsnmtzg145n,c-530d5746-aad0-4dd7-b3f4-50abb3ad39a5,beta_B,control,quest,0.1728881644998258,True,2026-09-06T14:21:45Z,https://calmforest.cloud,e9e102ad-dc26-4d4f-9aab-0c8b2df0e925,2026-09-13 06:38:59.922000+00:00,2026-09-13 07:10:17.108000+00:00,1877,1550,1,True
2026-09-13 06:44:41.663807+00:00,sess-o91vvemlsnmtzg145n,c-530d5746-aad0-4dd7-b3f4-50abb3ad39a5,beta_B,control,quest,0.17515877178252767,True,2026-09-06T14:21:45Z,https://calmforest.cloud,e9e102ad-dc26-4d4f-9aab-0c8b2df0e925,2026-09-13 06:38:59.922000+00:00,2026-09-13 07:10:17.108000+00:00,1877,1535,1,True
2026-09-13 06:44:41.973912+00:00,sess-o91vvemlsnmtzg145n,c-530d5746-aad0-4dd7-b3f4-50abb3ad39a5,beta_B,control,quest,0.17517869519199197,True,2026-09-06T14:21:45Z,https://calmforest.cloud,e9e102ad-dc26-4d4f-9aab-0c8b2df0e925,2026-09-13 06:38:59.922000+00:00,2026-09-13 07:10:17.108000+00:00,1877,1535,1,True
2026-09-13 06:44:54.528269+00:00,sess-o91vvemlsnmtzg145n,c-530d5746-aad0-4dd7-b3f4-50abb3ad39a5,beta_B,control,quest,0.17246478966261092,True,2026-09-06T14:21:45Z,https://calmforest.cloud,e9e102ad-dc26-4d4f-9aab-0c8b2df0e925,2026-09-13 06:38:59.922000+00:00,2026-09-13 07:10:17.108000+00:00,1877,1522,1,True
2026-09-13 06:44:57.117518+00:00,sess-o91vvemlsnmtzg145n,c-530d5746-aad0-4dd7-b3f4-50abb3ad39a5,beta_B,control,quest,0.175431734144343,True,2026-09-06T14:21:45Z,https://calmforest.cloud,e9e102ad-dc26-4d4f-9aab-0c8b2df0e925,2026-09-13 06:38:59.922000+00:00,2026-09-13 07:10:17.108000+00:00,1877,1519,1,True
2026-09-13 06:45:08.148337+00:00,sess-o91vvemlsnmtzg145n,c-530d5746-aad0-4dd7-b3f4-50abb3ad39a5,beta_B,control,quest,0.17485047550089944,True,2026-09-06T14:21:45Z,https://calmforest.cloud,e9e102ad-dc26-4d4f-9aab-0c8b2df0e925,2026-09-13 06:38:59.922000+00:00,2026-09-13 07:10:17.108000+00:00,1877,1508,1,True
2026-09-13 06:45:11.689714+00:00,sess-o91vvemlsnmtzg145n,c-530d5746-aad0-4dd7-b3f4-50abb3ad39a5,beta_B,control,quest,0.177273437753426,True,2026-09-06T14:21:45Z,https://calmforest.cloud,e9e102ad-dc26-4d4f-9aab-0c8b2df0e925,2026-09-13 06:38:59.922000+00:00,2026-09-13 07:10:17.108000+00:00,1877,1505,1,True
2026-09-13 06:45:29.354783+00:00,sess-o91vvemlsnmtzg145n,c-530d5746-aad0-4dd7-b3f4-50abb3ad39a5,beta_B,control,quest,0.1722041164073265,True,2026-09-06T14:21:45Z,https://calmforest.cloud,e9e102ad-dc26-4d4f-9aab-0c8b2df0e925,2026-09-13 06:38:59.922000+00:00,2026-09-13 07:10:17.108000+00:00,1877,1487,1,True
2026-09-13 06:45:42.173274+00:00,sess-o91vvemlsnmtzg145n,c-530d5746-aad0-4dd7-b3f4-50abb3ad39a5,beta_B,control,quest,0.1715985047882742,True,2026-09-06T14:21:45Z,https://calmforest.cloud,e9e102ad-dc26-4d4f-9aab-0c8b2df0e925,2026-09-13 06:38:59.922000+00:00,2026-09-13 07:10:17.108000+00:00,1877,1474,1,True
2026-09-13 06:45:44.138656+00:00,sess-o91vvemlsnmtzg145n,c-530d5746-aad0-4dd7-b3f4-50abb3ad39a5,beta_B,control,quest,0.17483165671272066,True,2026-09-06T14:21:45Z,https://calmforest.cloud,e9e102ad-dc26-4d4f-9aab-0c8b2df0e925,2026-09-13 06:38:59.922000+00:00,2026-09-13 07:10:17.108000+00:00,1877,1472,1,True
2026-09-13 06:45:50.755480+00:00,sess-o91vvemlsnmtzg145n,c-530d5746-aad0-4dd7-b3f4-50abb3ad39a5,beta_B,control,quest,0.17249085700023944,True,2026-09-06T14:21:45Z,https://calmforest.cloud,e9e102ad-dc26-4d4f-9aab-0c8b2df0e925,2026-09-13 06:38:59.922000+00:00,2026-09-13 07:10:17.108000+00:00,1877,1466,1,True
2026-09-13 06:45:52.431766+00:00,sess-o91vvemlsnmtzg145n,c-530d5746-aad0-4dd7-b3f4-50abb3ad39a5,beta_B,control,quest,0.17528812513884234,True,2026-09-06T14:21:45Z,https://calmforest.cloud,e9e102ad-dc26-4d4f-9aab-0c8b2df0e925,2026-09-13 06:38:59.922000+00:00,2026-09-13 07:10:17.108000+00:00,1877,1464,1,True
2026-09-13 06:45:52.985748+00:00,sess-o91vvemlsnmtzg145n,c-530d5746-aad0-4dd7-b3f4-50abb3ad39a5,beta_B,control,quest,0.17528812513884234,True,2026-09-06T14:21:45Z,https://calmforest.cloud,e9e102ad-dc26-4d4f-9aab-0c8b2df0e925,2026-09-13 06:38:59.922000+00:00,2026-09-13 07:10:17.108000+00:00,1877,1464,1,True
2026-09-13 06:45:57.672780+00:00,sess-o91vvemlsnmtzg145n,c-530d5746-aad0-4dd7-b3f4-50abb3ad39a5,beta_B,control,quest,0.1784095412862039,True,2026-09-06T14:21:45Z,https://calmforest.cloud,e9e102ad-dc26-4d4f-9aab-0c8b2df0e925,2026-09-13 06:38:59.922000+00:00,2026-09-13 07:10:17.108000+00:00,1877,1459,1,True
2026-09-13 06:46:17.521493+00:00,sess-o91vvemlsnmtzg145n,c-530d5746-aad0-4dd7-b3f4-50abb3ad39a5,beta_B,control,quest,0.17139121372892518,True,2026-09-06T14:21:45Z,https://calmforest.cloud,e9e102ad-dc26-4d4f-9aab-0c8b2df0e925,2026-09-13 06:38:59.922000+00:00,2026-09-13 07:10:17.108000+00:00,1877,1439,1,True
2026-09-13 06:46:21.782880+00:00,sess-o91vvemlsnmtzg145n,c-530d5746-aad0-4dd7-b3f4-50abb3ad39a5,beta_B,control,quest,0.14895325939831272,True,2026-09-06T14:21:45Z,https://calmforest.cloud,e9e102ad-dc26-4d4f-9aab-0c8b2df0e925,2026-09-13 06:38:59.922000+00:00,2026-09-13 07:10:17.108000+00:00,1877,1435,1,True
2026-09-13 06:46:23.501855+00:00,sess-o91vvemlsnmtzg145n,c-530d5746-aad0-4dd7-b3f4-50abb3ad39a5,beta_B,control,quest,0.1395554016059353,True,2026-09-06T14:21:45Z,https://calmforest.cloud,e9e102ad-dc26-4d4f-9aab-0c8b2df0e925,2026-09-13 06:38:59.922000+00:00,2026-09-13 07:10:17.108000+00:00,1877,1433,1,True
2026-09-13 06:46:24.060114+00:00,sess-o91vvemlsnmtzg145n,c-530d5746-aad0-4dd7-b3f4-50abb3ad39a5,beta_B,control,quest,0.1395554016059353,True,2026-09-06T14:21:45Z,https://calmforest.cloud,e9e102ad-dc26-4d4f-9aab-0c8b2df0e925,2026-09-13 06:38:59.922000+00:00,2026-09-13 07:10:17.108000+00:00,1877,1433,1,True
2026-09-13 06:46:27.820872+00:00,sess-o91vvemlsnmtzg145n,c-530d5746-aad0-4dd7-b3f4-50abb3ad39a5,beta_B,control,quest,0.1626021876793668,True,2026-09-06T14:21:45Z,https://calmforest.cloud,e9e102ad-dc26-4d4f-9aab-0c8b2df0e925,2026-09-13 06:38:59.922000+00:00,2026-09-13 07:10:17.108000+00:00,1877,1429,1,True
2026-09-13 06:46:28.847328+00:00,sess-o91vvemlsnmtzg145n,c-530d5746-aad0-4dd7-b3f4-50abb3ad39a5,beta_B,control,quest,0.16582913758053636,True,2026-09-06T14:21:45Z,https://calmforest.cloud,e9e102ad-dc26-4d4f-9aab-0c8b2df0e925,2026-09-13 06:38:59.922000+00:00,2026-09-13 07:10:17.108000+00:00,1877,1428,1,True
2026-09-13 06:46:29.019631+00:00,sess-o91vvemlsnmtzg145n,c-530d5746-aad0-4dd7-b3f4-50abb3ad39a5,beta_B,control,quest,0.17109619300389095,True,2026-09-06T14:21:45Z,https://calmforest.cloud,e9e102ad-dc26-4d4f-9aab-0c8b2df0e925,2026-09-13 06:38:59.922000+00:00,2026-09-13 07:10:17.108000+00:00,1877,1428,1,True
2026-09-13 06:46:29.202774+00:00,sess-o91vvemlsnmtzg145n,c-530d5746-aad0-4dd7-b3f4-50abb3ad39a5,beta_B,control,quest,0.17109619300389095,True,2026-09-06T14:21:45Z,https://calmforest.cloud,e9e102ad-dc26-4d4f-9aab-0c8b2df0e925,2026-09-13 06:38:59.922000+00:00,2026-09-13 07:10:17.108000+00:00,1877,1427,1,True
2026-09-13 06:46:38.016136+00:00,sess-o91vvemlsnmtzg145n,c-530d5746-aad0-4dd7-b3f4-50abb3ad39a5,beta_B,control,quest,0.17189200536696359,True,2026-09-06T14:21:45Z,https://calmforest.cloud,e9e102ad-dc26-4d4f-9aab-0c8b2df0e925,2026-09-13 06:38:59.922000+00:00,2026-09-13 07:10:17.108000+00:00,1877,1419,1,True
2026-09-13 06:46:39.496921+00:00,sess-o91vvemlsnmtzg145n,c-530d5746-aad0-4dd7-b3f4-50abb3ad39a5,beta_B,control,quest,0.16659058671737653,True,2026-09-06T14:21:45Z,https://calmforest.cloud,e9e102ad-dc26-4d4f-9aab-0c8b2df0e925,2026-09-13 06:38:59.922000+00:00,2026-09-13 07:10:17.108000+00:00,1877,1417,1,True
2026-09-13 06:46:40.044683+00:00,sess-o91vvemlsnmtzg145n,c-530d5746-aad0-4dd7-b3f4-50abb3ad39a5,beta_B,control,quest,0.16659058671737653,True,2026-09-06T14:21:45Z,https://calmforest.cloud,e9e102ad-dc26-4d4f-9aab-0c8b2df0e925,2026-09-13 06:38:59.922000+00:00,2026-09-13 07:10:17.108000+00:00,1877,1417,1,True
2026-09-13 06:46:49.680353+00:00,sess-o91vvemlsnmtzg145n,c-530d5746-aad0-4dd7-b3f4-50abb3ad39a5,beta_B,control,quest,0.17124383256736297,True,2026-09-06T14:21:45Z,https://calmforest.cloud,e9e102ad-dc26-4d4f-9aab-0c8b2df0e925,2026-09-13 06:38:59.922000+00:00,2026-09-13 07:10:17.108000+00:00,1877,1407,1,True
2026-09-13 06:46:51.270810+00:00,sess-o91vvemlsnmtzg145n,c-530d5746-aad0-4dd7-b3f4-50abb3ad39a5,beta_B,control,quest,0.1680553811317048,True,2026-09-06T14:21:45Z,https://calmforest.cloud,e9e102ad-dc26-4d4f-9aab-0c8b2df0e925,2026-09-13 06:38:59.922000+00:00,2026-09-13 07:10:17.108000+00:00,1877,1405,1,True
2026-09-13 06:46:51.792351+00:00,sess-o91vvemlsnmtzg145n,c-530d5746-aad0-4dd7-b3f4-50abb3ad39a5,beta_B,control,quest,0.1680553811317048,True,2026-09-06T14:21:45Z,https://calmforest.cloud,e9e102ad-dc26-4d4f-9aab-0c8b2df0e925,2026-09-13 06:38:59.922000+00:00,2026-09-13 07:10:17.108000+00:00,1877,1405,1,True
2026-09-13 06:46:55.917164+00:00,sess-o91vvemlsnmtzg145n,c-530d5746-aad0-4dd7-b3f4-50abb3ad39a5,beta_B,control,quest,0.16039683712535102,True,2026-09-06T14:21:45Z,https://calmforest.cloud,e9e102ad-dc26-4d4f-9aab-0c8b2df0e925,2026-09-13 06:38:59.922000+00:00,2026-09-13 07:10:17.108000+00:00,1877,1401,1,True
2026-09-13 06:47:00.124505+00:00,sess-o91vvemlsnmtzg145n,c-530d5746-aad0-4dd7-b3f4-50abb3ad39a5,beta_B,control,quest,0.16292082710066771,True,2026-09-06T14:21:45Z,https://calmforest.cloud,e9e102ad-dc26-4d4f-9aab-0c8b2df0e925,2026-09-13 06:38:59.922000+00:00,2026-09-13 07:10:17.108000+00:00,1877,1396,1,True
2026-09-13 06:47:01.794404+00:00,sess-o91vvemlsnmtzg145n,c-530d5746-aad0-4dd7-b3f4-50abb3ad39a5,beta_B,control,quest,0.16155499118467329,True,2026-09-06T14:21:45Z,https://calmforest.cloud,e9e102ad-dc26-4d4f-9aab-0c8b2df0e925,2026-09-13 06:38:59.922000+00:00,2026-09-13 07:10:17.108000+00:00,1877,1395,1,True
2026-09-13 06:47:02.272176+00:00,sess-o91vvemlsnmtzg145n,c-530d5746-aad0-4dd7-b3f4-50abb3ad39a5,beta_B,control,quest,0.16155499118467329,True,2026-09-06T14:21:45Z,https://calmforest.cloud,e9e102ad-dc26-4d4f-9aab-0c8b2df0e925,2026-09-13 06:38:59.922000+00:00,2026-09-13 07:10:17.108000+00:00,1877,1394,1,True
2026-09-13 06:47:05.641012+00:00,sess-o91vvemlsnmtzg145n,c-530d5746-aad0-4dd7-b3f4-50abb3ad39a5,beta_B,control,quest,0.16563040203917972,True,2026-09-06T14:21:45Z,https://calmforest.cloud,e9e102ad-dc26-4d4f-9aab-0c8b2df0e925,2026-09-13 06:38:59.922000+00:00,2026-09-13 07:10:17.108000+00:00,1877,1391,1,True
2026-09-13 06:47:07.189474+00:00,sess-o91vvemlsnmtzg145n,c-530d5746-aad0-4dd7-b3f4-50abb3ad39a5,beta_B,control,quest,0.16395389032112112,True,2026-09-06T14:21:45Z,https://calmforest.cloud,e9e102ad-dc26-4d4f-9aab-0c8b2df0e925,2026-09-13 06:38:59.922000+00:00,2026-09-13 07:10:17.108000+00:00,1877,1389,1,True
2026-09-13 06:47:08.430093+00:00,sess-o91vvemlsnmtzg145n,c-530d5746-aad0-4dd7-b3f4-50abb3ad39a5,beta_B,control,quest,0.16791637885782157,True,2026-09-06T14:21:45Z,https://calmforest.cloud,e9e102ad-dc26-4d4f-9aab-0c8b2df0e925,2026-09-13 06:38:59.922000+00:00,2026-09-13 07:10:17.108000+00:00,1877,1388,1,True
2026-09-13 06:47:12.563281+00:00,sess-o91vvemlsnmtzg145n,c-530d5746-aad0-4dd7-b3f4-50abb3ad39a5,beta_B,control,quest,0.1656932213539937,True,2026-09-06T14:21:45Z,https://calmforest.cloud,e9e102ad-dc26-4d4f-9aab-0c8b2df0e925,2026-09-13 06:38:59.922000+00:00,2026-09-13 07:10:17.108000+00:00,1877,1384,1,True
2026-09-13 06:47:13.724436+00:00,sess-o91vvemlsnmtzg145n,c-530d5746-aad0-4dd7-b3f4-50abb3ad39a5,beta_B,control,quest,0.16687509801224876,True,2026-09-06T14:21:45Z,https://calmforest.cloud,e9e102ad-dc26-4d4f-9aab-0c8b2df0e925,2026-09-13 06:38:59.922000+00:00,2026-09-13 07:10:17.108000+00:00,1877,1383,1,True
2026-09-13 06:47:14.120266+00:00,sess-o91vvemlsnmtzg145n,c-530d5746-aad0-4dd7-b3f4-50abb3ad39a5,beta_B,control,quest,0.16687509801224876,True,2026-09-06T14:21:45Z,https://calmforest.cloud,e9e102ad-dc26-4d4f-9aab-0c8b2df0e925,2026-09-13 06:38:59.922000+00:00,2026-09-13 07:10:17.108000+00:00,1877,1382,1,True
2026-09-13 06:47:21.857721+00:00,sess-o91vvemlsnmtzg145n,c-530d5746-aad0-4dd7-b3f4-50abb3ad39a5,beta_B,control,quest,0.17094815672431773,True,2026-09-06T14:21:45Z,https://calmforest.cloud,e9e102ad-dc26-4d4f-9aab-0c8b2df0e925,2026-09-13 06:38:59.922000+00:00,2026-09-13 07:10:17.108000+00:00,1877,1375,1,True
2026-09-13 06:47:25.512167+00:00,sess-o91vvemlsnmtzg145n,c-530d5746-aad0-4dd7-b3f4-50abb3ad39a5,beta_B,control,quest,0.1699967273028248,True,2026-09-06T14:21:45Z,https://calmforest.cloud,e9e102ad-dc26-4d4f-9aab-0c8b2df0e925,2026-09-13 06:38:59.922000+00:00,2026-09-13 07:10:17.108000+00:00,1877,1371,1,True
2026-09-13 06:49:10.344660+00:00,sess-o91vvemlsnmtzg145n,c-530d5746-aad0-4dd7-b3f4-50abb3ad39a5,beta_B,control,quest,0.17108312110135104,True,2026-09-06T14:21:45Z,https://calmforest.cloud,e9e102ad-dc26-4d4f-9aab-0c8b2df0e925,2026-09-13 06:38:59.922000+00:00,2026-09-13 07:10:17.108000+00:00,1877,1266,1,True
2026-09-13 06:49:12.468663+00:00,sess-o91vvemlsnmtzg145n,c-530d5746-aad0-4dd7-b3f4-50abb3ad39a5,beta_B,control,quest,0.14482705517692768,True,2026-09-06T14:21:45Z,https://calmforest.cloud,e9e102ad-dc26-4d4f-9aab-0c8b2df0e925,2026-09-13 06:38:59.922000+00:00,2026-09-13 07:10:17.108000+00:00,1877,1264,1,True
2026-09-13 06:49:15.078869+00:00,sess-o91vvemlsnmtzg145n,c-530d5746-aad0-4dd7-b3f4-50abb3ad39a5,beta_B,control,quest,0.1712129347339267,True,2026-09-06T14:21:45Z,https://calmforest.cloud,e9e102ad-dc26-4d4f-9aab-0c8b2df0e925,2026-09-13 06:38:59.922000+00:00,2026-09-13 07:10:17.108000+00:00,1877,1262,1,True
2026-09-13 06:50:03.083757+00:00,sess-o91vvemlsnmtzg145n,c-530d5746-aad0-4dd7-b3f4-50abb3ad39a5,beta_B,control,quest,0.17162487213453329,True,2026-09-06T14:21:45Z,https://calmforest.cloud,e9e102ad-dc26-4d4f-9aab-0c8b2df0e925,2026-09-13 06:38:59.922000+00:00,2026-09-13 07:10:17.108000+00:00,1877,1214,1,True
2026-09-13 06:50:04.843208+00:00,sess-o91vvemlsnmtzg145n,c-530d5746-aad0-4dd7-b3f4-50abb3ad39a5,beta_B,control,quest,0.1542870098950858,True,2026-09-06T14:21:45Z,https://calmforest.cloud,e9e102ad-dc26-4d4f-9aab-0c8b2df0e925,2026-09-13 06:38:59.922000+00:00,2026-09-13 07:10:17.108000+00:00,1877,1212,1,True
2026-09-13 06:50:05.377849+00:00,sess-o91vvemlsnmtzg145n,c-530d5746-aad0-4dd7-b3f4-50abb3ad39a5,beta_B,control,quest,0.1542870098950858,True,2026-09-06T14:21:45Z,https://calmforest.cloud,e9e102ad-dc26-4d4f-9aab-0c8b2df0e925,2026-09-13 06:38:59.922000+00:00,2026-09-13 07:10:17.108000+00:00,1877,1211,1,True
2026-09-13 06:50:07.944224+00:00,sess-o91vvemlsnmtzg145n,c-530d5746-aad0-4dd7-b3f4-50abb3ad39a5,beta_B,control,quest,0.15643855751225844,True,2026-09-06T14:21:45Z,https://calmforest.cloud,e9e102ad-dc26-4d4f-9aab-0c8b2df0e925,2026-09-13 06:38:59.922000+00:00,2026-09-13 07:10:17.108000+00:00,1877,1209,1,True
2026-09-13 06:50:09.058332+00:00,sess-o91vvemlsnmtzg145n,c-530d5746-aad0-4dd7-b3f4-50abb3ad39a5,beta_B,control,quest,0.15643855751225844,True,2026-09-06T14:21:45Z,https://calmforest.cloud,e9e102ad-dc26-4d4f-9aab-0c8b2df0e925,2026-09-13 06:38:59.922000+00:00,2026-09-13 07:10:17.108000+00:00,1877,1208,1,True
2026-09-13 06:51:25.707718+00:00,sess-o91vvemlsnmtzg145n,c-530d5746-aad0-4dd7-b3f4-50abb3ad39a5,beta_B,control,quest,0.17135346910060684,True,2026-09-06T14:21:45Z,https://calmforest.cloud,e9e102ad-dc26-4d4f-9aab-0c8b2df0e925,2026-09-13 06:38:59.922000+00:00,2026-09-13 07:10:17.108000+00:00,1877,1131,1,True
2026-09-13 06:51:26.935858+00:00,sess-o91vvemlsnmtzg145n,c-530d5746-aad0-4dd7-b3f4-50abb3ad39a5,beta_B,control,quest,0.1453488939979587,True,2026-09-06T14:21:45Z,https://calmforest.cloud,e9e102ad-dc26-4d4f-9aab-0c8b2df0e925,2026-09-13 06:38:59.922000+00:00,2026-09-13 07:10:17.108000+00:00,1877,1130,1,True
2026-09-13 06:51:27.633164+00:00,sess-o91vvemlsnmtzg145n,c-530d5746-aad0-4dd7-b3f4-50abb3ad39a5,beta_B,control,quest,0.1453488939979587,True,2026-09-06T14:21:45Z,https://calmforest.cloud,e9e102ad-dc26-4d4f-9aab-0c8b2df0e925,2026-09-13 06:38:59.922000+00:00,2026-09-13 07:10:17.108000+00:00,1877,1129,1,True
2026-09-13 06:51:30.571268+00:00,sess-o91vvemlsnmtzg145n,c-530d5746-aad0-4dd7-b3f4-50abb3ad39a5,beta_B,control,quest,0.12664326110562016,False,2026-09-06T14:21:45Z,https://calmforest.cloud,e9e102ad-dc26-4d4f-9aab-0c8b2df0e925,2026-09-13 06:38:59.922000+00:00,2026-09-13 07:10:17.108000+00:00,1877,1126,1,False
2026-09-13 06:52:30.629915+00:00,sess-o91vvemlsnmtzg145n,c-530d5746-aad0-4dd7-b3f4-50abb3ad39a5,beta_B,control,quest,0.1935367959232393,True,2026-09-06T14:21:45Z,https://calmforest.cloud,e9e102ad-dc26-4d4f-9aab-0c8b2df0e925,2026-09-13 06:38:59.922000+00:00,2026-09-13 07:10:17.108000+00:00,1877,1066,1,True
2026-09-13 06:52:32.018040+00:00,sess-o91vvemlsnmtzg145n,c-530d5746-aad0-4dd7-b3f4-50abb3ad39a5,beta_B,control,quest,0.17328738707884167,True,2026-09-06T14:21:45Z,https://calmforest.cloud,e9e102ad-dc26-4d4f-9aab-0c8b2df0e925,2026-09-13 06:38:59.922000+00:00,2026-09-13 07:10:17.108000+00:00,1877,1065,1,True
2026-09-13 06:52:32.755400+00:00,sess-o91vvemlsnmtzg145n,c-530d5746-aad0-4dd7-b3f4-50abb3ad39a5,beta_B,control,quest,0.17328738707884167,True,2026-09-06T14:21:45Z,https://calmforest.cloud,e9e102ad-dc26-4d4f-9aab-0c8b2df0e925,2026-09-13 06:38:59.922000+00:00,2026-09-13 07:10:17.108000+00:00,1877,1064,1,True
2026-09-13 06:52:41.231483+00:00,sess-o91vvemlsnmtzg145n,c-530d5746-aad0-4dd7-b3f4-50abb3ad39a5,beta_B,control,quest,0.17132186868428323,True,2026-09-06T14:21:45Z,https://calmforest.cloud,e9e102ad-dc26-4d4f-9aab-0c8b2df0e925,2026-09-13 06:38:59.922000+00:00,2026-09-13 07:10:17.108000+00:00,1877,1055,1,True
2026-09-13 06:52:45.050948+00:00,sess-o91vvemlsnmtzg145n,c-530d5746-aad0-4dd7-b3f4-50abb3ad39a5,beta_B,control,quest,0.1679269898701268,True,2026-09-06T14:21:45Z,https://calmforest.cloud,e9e102ad-dc26-4d4f-9aab-0c8b2df0e925,2026-09-13 06:38:59.922000+00:00,2026-09-13 07:10:17.108000+00:00,1877,1052,1,True
2026-09-13 06:52:45.609176+00:00,sess-o91vvemlsnmtzg145n,c-530d5746-aad0-4dd7-b3f4-50abb3ad39a5,beta_B,control,quest,0.1679269898701268,True,2026-09-06T14:21:45Z,https://calmforest.cloud,e9e102ad-dc26-4d4f-9aab-0c8b2df0e925,2026-09-13 06:38:59.922000+00:00,2026-09-13 07:10:17.108000+00:00,1877,1051,1,True
2026-09-13 06:53:31.597842+00:00,sess-o91vvemlsnmtzg145n,c-530d5746-aad0-4dd7-b3f4-50abb3ad39a5,beta_B,control,quest,0.17097839034546286,True,2026-09-06T14:21:45Z,https://calmforest.cloud,e9e102ad-dc26-4d4f-9aab-0c8b2df0e925,2026-09-13 06:38:59.922000+00:00,2026-09-13 07:10:17.108000+00:00,1877,1005,1,True
2026-09-13 06:53:32.991247+00:00,sess-o91vvemlsnmtzg145n,c-530d5746-aad0-4dd7-b3f4-50abb3ad39a5,beta_B,control,quest,0.15742735578699468,True,2026-09-06T14:21:45Z,https://calmforest.cloud,e9e102ad-dc26-4d4f-9aab-0c8b2df0e925,2026-09-13 06:38:59.922000+00:00,2026-09-13 07:10:17.108000+00:00,1877,1004,1,True
2026-09-13 06:53:33.566544+00:00,sess-o91vvemlsnmtzg145n,c-530d5746-aad0-4dd7-b3f4-50abb3ad39a5,beta_B,control,quest,0.15742735578699468,True,2026-09-06T14:21:45Z,https://calmforest.cloud,e9e102ad-dc26-4d4f-9aab-0c8b2df0e925,2026-09-13 06:38:59.922000+00:00,2026-09-13 07:10:17.108000+00:00,1877,1003,1,True
2026-09-13 06:53:40.859977+00:00,sess-o91vvemlsnmtzg145n,c-530d5746-aad0-4dd7-b3f4-50abb3ad39a5,beta_B,control,quest,0.16251244290561317,True,2026-09-06T14:21:45Z,https://calmforest.cloud,e9e102ad-dc26-4d4f-9aab-0c8b2df0e925,2026-09-13 06:38:59.922000+00:00,2026-09-13 07:10:17.108000+00:00,1877,996,1,True
2026-09-13 06:53:48.936120+00:00,sess-o91vvemlsnmtzg145n,c-530d5746-aad0-4dd7-b3f4-50abb3ad39a5,beta_B,control,quest,0.17121756651363096,True,2026-09-06T14:21:45Z,https://calmforest.cloud,e9e102ad-dc26-4d4f-9aab-0c8b2df0e925,2026-09-13 06:38:59.922000+00:00,2026-09-13 07:10:17.108000+00:00,1877,988,1,True
2026-09-13 06:53:49.594700+00:00,sess-o91vvemlsnmtzg145n,c-530d5746-aad0-4dd7-b3f4-50abb3ad39a5,beta_B,control,quest,0.17121756651363096,True,2026-09-06T14:21:45Z,https://calmforest.cloud,e9e102ad-dc26-4d4f-9aab-0c8b2df0e925,2026-09-13 06:38:59.922000+00:00,2026-09-13 07:10:17.108000+00:00,1877,987,1,True
2026-09-13 06:54:10.648932+00:00,sess-o91vvemlsnmtzg145n,c-530d5746-aad0-4dd7-b3f4-50abb3ad39a5,beta_B,control,quest,0.6899558297989896,True,2026-09-06T14:21:45Z,https://calmforest.cloud,e9e102ad-dc26-4d4f-9aab-0c8b2df0e925,2026-09-13 06:38:59.922000+00:00,2026-09-13 07:10:17.108000+00:00,1877,966,1,True
2026-09-13 06:54:17.342007+00:00,sess-o91vvemlsnmtzg145n,c-530d5746-aad0-4dd7-b3f4-50abb3ad39a5,beta_B,control,quest,0.1772019498098496,True,2026-09-06T14:21:45Z,https://calmforest.cloud,e9e102ad-dc26-4d4f-9aab-0c8b2df0e925,2026-09-13 06:38:59.922000+00:00,2026-09-13 07:10:17.108000+00:00,1877,959,1,True
2026-09-13 06:54:18.104389+00:00,sess-o91vvemlsnmtzg145n,c-530d5746-aad0-4dd7-b3f4-50abb3ad39a5,beta_B,control,quest,0.1772019498098496,True,2026-09-06T14:21:45Z,https://calmforest.cloud,e9e102ad-dc26-4d4f-9aab-0c8b2df0e925,2026-09-13 06:38:59.922000+00:00,2026-09-13 07:10:17.108000+00:00,1877,959,1,True
2026-09-13 06:54:21.215825+00:00,sess-o91vvemlsnmtzg145n,c-530d5746-aad0-4dd7-b3f4-50abb3ad39a5,beta_B,control,quest,0.17824357304713417,True,2026-09-06T14:21:45Z,https://calmforest.cloud,e9e102ad-dc26-4d4f-9aab-0c8b2df0e925,2026-09-13 06:38:59.922000+00:00,2026-09-13 07:10:17.108000+00:00,1877,955,1,True
2026-09-13 06:55:15.258429+00:00,sess-o91vvemlsnmtzg145n,c-530d5746-aad0-4dd7-b3f4-50abb3ad39a5,beta_B,control,quest,0.17152717664305178,True,2026-09-06T14:21:45Z,https://calmforest.cloud,e9e102ad-dc26-4d4f-9aab-0c8b2df0e925,2026-09-13 06:38:59.922000+00:00,2026-09-13 07:10:17.108000+00:00,1877,901,1,True
2026-09-13 06:55:16.997769+00:00,sess-o91vvemlsnmtzg145n,c-530d5746-aad0-4dd7-b3f4-50abb3ad39a5,beta_B,control,quest,0.17142557362696742,True,2026-09-06T14:21:45Z,https://calmforest.cloud,e9e102ad-dc26-4d4f-9aab-0c8b2df0e925,2026-09-13 06:38:59.922000+00:00,2026-09-13 07:10:17.108000+00:00,1877,900,1,True
2026-09-13 08:53:03.889778+00:00,sess-zbjcsuymjlmtzkt97i,c-d0173dd9-8e73-43f0-9c3b-016844ffa5a6,beta_B,treat,quest,0.16894072456436784,True,2026-09-06T14:21:45Z,https://calmforest.cloud,96ce06d2-f9f0-4eaa-ae7e-f85a84b100b5,2026-09-13 08:52:51.308000+00:00,2026-09-13 09:12:44.806000+00:00,1193,1180,1,True
2026-09-13 08:53:10.276751+00:00,sess-zbjcsuymjlmtzkt97i,c-d0173dd9-8e73-43f0-9c3b-016844ffa5a6,beta_B,treat,quest,0.17966097206982617,True,2026-09-06T14:21:45Z,https://calmforest.cloud,96ce06d2-f9f0-4eaa-ae7e-f85a84b100b5,2026-09-13 08:52:51.308000+00:00,2026-09-13 09:12:44.806000+00:00,1193,1174,1,True
2026-09-13 08:53:11.691501+00:00,sess-zbjcsuymjlmtzkt97i,c-d0173dd9-8e73-43f0-9c3b-016844ffa5a6,beta_B,treat,time15,0.47338787007161803,True,2026-09-06T14:21:45Z,https://calmforest.cloud,96ce06d2-f9f0-4eaa-ae7e-f85a84b100b5,2026-09-13 08:52:51.308000+00:00,2026-09-13 09:12:44.806000+00:00,1193,1173,1,True
2026-09-13 08:53:16.309585+00:00,sess-zbjcsuymjlmtzkt97i,c-d0173dd9-8e73-43f0-9c3b-016844ffa5a6,beta_B,treat,quest,0.17191452343702954,True,2026-09-06T14:21:45Z,https://calmforest.cloud,96ce06d2-f9f0-4eaa-ae7e-f85a84b100b5,2026-09-13 08:52:51.308000+00:00,2026-09-13 09:12:44.806000+00:00,1193,1168,1,True
2026-09-13 08:53:18.313769+00:00,sess-zbjcsuymjlmtzkt97i,c-d0173dd9-8e73-43f0-9c3b-016844ffa5a6,beta_B,treat,quest,0.17307538302090686,True,2026-09-06T14:21:45Z,https://calmforest.cloud,96ce06d2-f9f0-4eaa-ae7e-f85a84b100b5,2026-09-13 08:52:51.308000+00:00,2026-09-13 09:12:44.806000+00:00,1193,1166,1,True
2026-09-13 08:53:48.688163+00:00,sess-zbjcsuymjlmtzkt97i,c-d0173dd9-8e73-43f0-9c3b-016844ffa5a6,beta_B,treat,quest,0.17109131124484603,True,2026-09-06T14:21:45Z,https://calmforest.cloud,96ce06d2-f9f0-4eaa-ae7e-f85a84b100b5,2026-09-13 08:52:51.308000+00:00,2026-09-13 09:12:44.806000+00:00,1193,1136,1,True
2026-09-13 08:53:51.324298+00:00,sess-zbjcsuymjlmtzkt97i,c-d0173dd9-8e73-43f0-9c3b-016844ffa5a6,beta_B,treat,quest,0.1673058660084322,True,2026-09-06T14:21:45Z,https://calmforest.cloud,96ce06d2-f9f0-4eaa-ae7e-f85a84b100b5,2026-09-13 08:52:51.308000+00:00,2026-09-13 09:12:44.806000+00:00,1193,1133,1,True
2026-09-13 08:55:43.045765+00:00,sess-zbjcsuymjlmtzkt97i,c-d0173dd9-8e73-43f0-9c3b-016844ffa5a6,beta_B,treat,quest,0.17651537077393542,True,2026-09-06T14:21:45Z,https://calmforest.cloud,96ce06d2-f9f0-4eaa-ae7e-f85a84b100b5,2026-09-13 08:52:51.308000+00:00,2026-09-13 09:12:44.806000+00:00,1193,1021,1,True
2026-09-13 08:55:43.167429+00:00,sess-zbjcsuymjlmtzkt97i,c-d0173dd9-8e73-43f0-9c3b-016844ffa5a6,beta_B,treat,quest,0.17515945552368373,True,2026-09-06T14:21:45Z,https://calmforest.cloud,96ce06d2-f9f0-4eaa-ae7e-f85a84b100b5,2026-09-13 08:52:51.308000+00:00,2026-09-13 09:12:44.806000+00:00,1193,1021,1,True
2026-09-13 08:55:43.722110+00:00,sess-zbjcsuymjlmtzkt97i,c-d0173dd9-8e73-43f0-9c3b-016844ffa5a6,beta_B,treat,quest,0.1449227367148594,True,2026-09-06T14:21:45Z,https://calmforest.cloud,96ce06d2-f9f0-4eaa-ae7e-f85a84b100b5,2026-09-13 08:52:51.308000+00:00,2026-09-13 09:12:44.806000+00:00,1193,1021,1,True
2026-09-13 08:55:47.226102+00:00,sess-zbjcsuymjlmtzkt97i,c-d0173dd9-8e73-43f0-9c3b-016844ffa5a6,beta_B,treat,quest,0.16326586887530575,True,2026-09-06T14:21:45Z,https://calmforest.cloud,96ce06d2-f9f0-4eaa-ae7e-f85a84b100b5,2026-09-13 08:52:51.308000+00:00,2026-09-13 09:12:44.806000+00:00,1193,1017,1,True
2026-09-13 08:55:48.110142+00:00,sess-zbjcsuymjlmtzkt97i,c-d0173dd9-8e73-43f0-9c3b-016844ffa5a6,beta_B,treat,quest,0.1519540475468743,True,2026-09-06T14:21:45Z,https://calmforest.cloud,96ce06d2-f9f0-4eaa-ae7e-f85a84b100b5,2026-09-13 08:52:51.308000+00:00,2026-09-13 09:12:44.806000+00:00,1193,1016,1,True
2026-09-13 08:55:48.233131+00:00,sess-zbjcsuymjlmtzkt97i,c-d0173dd9-8e73-43f0-9c3b-016844ffa5a6,beta_B,treat,quest,0.1519540475468743,True,2026-09-06T14:21:45Z,https://calmforest.cloud,96ce06d2-f9f0-4eaa-ae7e-f85a84b100b5,2026-09-13 08:52:51.308000+00:00,2026-09-13 09:12:44.806000+00:00,1193,1016,1,True
2026-09-13 08:55:52.932582+00:00,sess-zbjcsuymjlmtzkt97i,c-d0173dd9-8e73-43f0-9c3b-016844ffa5a6,beta_B,treat,quest,0.16990479428020905,True,2026-09-06T14:21:45Z,https://calmforest.cloud,96ce06d2-f9f0-4eaa-ae7e-f85a84b100b5,2026-09-13 08:52:51.308000+00:00,2026-09-13 09:12:44.806000+00:00,1193,1011,1,True
2026-09-13 08:55:59.419853+00:00,sess-zbjcsuymjlmtzkt97i,c-d0173dd9-8e73-43f0-9c3b-016844ffa5a6,beta_B,treat,quest,0.1708430891774985,True,2026-09-06T14:21:45Z,https://calmforest.cloud,96ce06d2-f9f0-4eaa-ae7e-f85a84b100b5,2026-09-13 08:52:51.308000+00:00,2026-09-13 09:12:44.806000+00:00,1193,1005,1,True
2026-09-13 08:56:02.138889+00:00,sess-zbjcsuymjlmtzkt97i,c-d0173dd9-8e73-43f0-9c3b-016844ffa5a6,beta_B,treat,quest,0.17345800828151414,True,2026-09-06T14:21:45Z,https://calmforest.cloud,96ce06d2-f9f0-4eaa-ae7e-f85a84b100b5,2026-09-13 08:52:51.308000+00:00,2026-09-13 09:12:44.806000+00:00,1193,1002,1,True
2026-09-13 08:56:21.007992+00:00,sess-zbjcsuymjlmtzkt97i,c-d0173dd9-8e73-43f0-9c3b-016844ffa5a6,beta_B,treat,quest,0.17116757986423273,True,2026-09-06T14:21:45Z,https://calmforest.cloud,96ce06d2-f9f0-4eaa-ae7e-f85a84b100b5,2026-09-13 08:52:51.308000+00:00,2026-09-13 09:12:44.806000+00:00,1193,983,1,True
2026-09-13 08:56:21.683919+00:00,sess-zbjcsuymjlmtzkt97i,c-d0173dd9-8e73-43f0-9c3b-016844ffa5a6,beta_B,treat,quest,0.16875064237526174,True,2026-09-06T14:21:45Z,https://calmforest.cloud,96ce06d2-f9f0-4eaa-ae7e-f85a84b100b5,2026-09-13 08:52:51.308000+00:00,2026-09-13 09:12:44.806000+00:00,1193,983,1,True
2026-09-13 08:57:04.981249+00:00,sess-zbjcsuymjlmtzkt97i,c-d0173dd9-8e73-43f0-9c3b-016844ffa5a6,beta_B,treat,quest,0.17083638269646143,True,2026-09-06T14:21:45Z,https://calmforest.cloud,96ce06d2-f9f0-4eaa-ae7e-f85a84b100b5,2026-09-13 08:52:51.308000+00:00,2026-09-13 09:12:44.806000+00:00,1193,939,1,True
2026-09-13 08:57:05.356233+00:00,sess-zbjcsuymjlmtzkt97i,c-d0173dd9-8e73-43f0-9c3b-016844ffa5a6,beta_B,treat,quest,0.17083638269646143,True,2026-09-06T14:21:45Z,https://calmforest.cloud,96ce06d2-f9f0-4eaa-ae7e-f85a84b100b5,2026-09-13 08:52:51.308000+00:00,2026-09-13 09:12:44.806000+00:00,1193,939,1,True
2026-09-13 08:57:06.428328+00:00,sess-zbjcsuymjlmtzkt97i,c-d0173dd9-8e73-43f0-9c3b-016844ffa5a6,beta_B,treat,quest,0.17083638269646143,True,2026-09-06T14:21:45Z,https://calmforest.cloud,96ce06d2-f9f0-4eaa-ae7e-f85a84b100b5,2026-09-13 08:52:51.308000+00:00,2026-09-13 09:12:44.806000+00:00,1193,938,1,True
2026-09-13 08:57:07.489982+00:00,sess-zbjcsuymjlmtzkt97i,c-d0173dd9-8e73-43f0-9c3b-016844ffa5a6,beta_B,treat,quest,0.16888126737460737,True,2026-09-06T14:21:45Z,https://calmforest.cloud,96ce06d2-f9f0-4eaa-ae7e-f85a84b100b5,2026-09-13 08:52:51.308000+00:00,2026-09-13 09:12:44.806000+00:00,1193,937,1,True
2026-09-13 08:57:12.592822+00:00,sess-zbjcsuymjlmtzkt97i,c-d0173dd9-8e73-43f0-9c3b-016844ffa5a6,beta_B,treat,quest,0.26105470582880547,True,2026-09-06T14:21:45Z,https://calmforest.cloud,96ce06d2-f9f0-4eaa-ae7e-f85a84b100b5,2026-09-13 08:52:51.308000+00:00,2026-09-13 09:12:44.806000+00:00,1193,932,1,True
2026-09-13 08:57:14.892698+00:00,sess-zbjcsuymjlmtzkt97i,c-d0173dd9-8e73-43f0-9c3b-016844ffa5a6,beta_B,treat,quest,0.1746457118098063,True,2026-09-06T14:21:45Z,https://calmforest.cloud,96ce06d2-f9f0-4eaa-ae7e-f85a84b100b5,2026-09-13 08:52:51.308000+00:00,2026-09-13 09:12:44.806000+00:00,1193,929,1,True
2026-09-13 08:57:26.850457+00:00,sess-zbjcsuymjlmtzkt97i,c-d0173dd9-8e73-43f0-9c3b-016844ffa5a6,beta_B,treat,quest,0.17170897578179511,True,2026-09-06T14:21:45Z,https://calmforest.cloud,96ce06d2-f9f0-4eaa-ae7e-f85a84b100b5,2026-09-13 08:52:51.308000+00:00,2026-09-13 09:12:44.806000+00:00,1193,917,1,True
2026-09-13 08:57:27.560599+00:00,sess-zbjcsuymjlmtzkt97i,c-d0173dd9-8e73-43f0-9c3b-016844ffa5a6,beta_B,treat,quest,0.17327242381229094,True,2026-09-06T14:21:45Z,https://calmforest.cloud,96ce06d2-f9f0-4eaa-ae7e-f85a84b100b5,2026-09-13 08:52:51.308000+00:00,2026-09-13 09:12:44.806000+00:00,1193,917,1,True
2026-09-13 08:58:35.261617+00:00,sess-zbjcsuymjlmtzkt97i,c-d0173dd9-8e73-43f0-9c3b-016844ffa5a6,beta_B,treat,quest,0.2543082155886983,True,2026-09-06T14:21:45Z,https://calmforest.cloud,96ce06d2-f9f0-4eaa-ae7e-f85a84b100b5,2026-09-13 08:52:51.308000+00:00,2026-09-13 09:12:44.806000+00:00,1193,849,1,True
2026-09-13 08:58:44.564162+00:00,sess-zbjcsuymjlmtzkt97i,c-d0173dd9-8e73-43f0-9c3b-016844ffa5a6,beta_B,treat,quest,0.08773289394185495,False,2026-09-06T14:21:45Z,https://calmforest.cloud,96ce06d2-f9f0-4eaa-ae7e-f85a84b100b5,2026-09-13 08:52:51.308000+00:00,2026-09-13 09:12:44.806000+00:00,1193,840,1,False
2026-09-13 08:58:49.662775+00:00,sess-zbjcsuymjlmtzkt97i,c-d0173dd9-8e73-43f0-9c3b-016844ffa5a6,beta_B,treat,quest,0.1706996952889445,True,2026-09-06T14:21:45Z,https://calmforest.cloud,96ce06d2-f9f0-4eaa-ae7e-f85a84b100b5,2026-09-13 08:52:51.308000+00:00,2026-09-13 09:12:44.806000+00:00,1193,835,1,True
2026-09-13 08:58:53.348975+00:00,sess-zbjcsuymjlmtzkt97i,c-d0173dd9-8e73-43f0-9c3b-016844ffa5a6,beta_B,treat,quest,0.13498778492949115,False,2026-09-06T14:21:45Z,https://calmforest.cloud,96ce06d2-f9f0-4eaa-ae7e-f85a84b100b5,2026-09-13 08:52:51.308000+00:00,2026-09-13 09:12:44.806000+00:00,1193,831,1,False
2026-09-13 08:58:56.390501+00:00,sess-zbjcsuymjlmtzkt97i,c-d0173dd9-8e73-43f0-9c3b-016844ffa5a6,beta_B,treat,quest,0.17113418193177335,True,2026-09-06T14:21:45Z,https://calmforest.cloud,96ce06d2-f9f0-4eaa-ae7e-f85a84b100b5,2026-09-13 08:52:51.308000+00:00,2026-09-13 09:12:44.806000+00:00,1193,828,1,True
2026-09-13 08:59:04.127313+00:00,sess-zbjcsuymjlmtzkt97i,c-d0173dd9-8e73-43f0-9c3b-016844ffa5a6,beta_B,treat,quest,0.16312798573051326,True,2026-09-06T14:21:45Z,https://calmforest.cloud,96ce06d2-f9f0-4eaa-ae7e-f85a84b100b5,2026-09-13 08:52:51.308000+00:00,2026-09-13 09:12:44.806000+00:00,1193,820,1,True
2026-09-13 08:59:25.218335+00:00,sess-zbjcsuymjlmtzkt97i,c-d0173dd9-8e73-43f0-9c3b-016844ffa5a6,beta_B,treat,quest,0.16007626882584997,True,2026-09-06T14:21:45Z,https://calmforest.cloud,96ce06d2-f9f0-4eaa-ae7e-f85a84b100b5,2026-09-13 08:52:51.308000+00:00,2026-09-13 09:12:44.806000+00:00,1193,799,1,True
2026-09-13 08:59:25.887554+00:00,sess-zbjcsuymjlmtzkt97i,c-d0173dd9-8e73-43f0-9c3b-016844ffa5a6,beta_B,treat,quest,0.15302646663752886,True,2026-09-06T14:21:45Z,https://calmforest.cloud,96ce06d2-f9f0-4eaa-ae7e-f85a84b100b5,2026-09-13 08:52:51.308000+00:00,2026-09-13 09:12:44.806000+00:00,1193,798,1,True
2026-09-13 08:59:27.560261+00:00,sess-zbjcsuymjlmtzkt97i,c-d0173dd9-8e73-43f0-9c3b-016844ffa5a6,beta_B,treat,quest,0.14769517078303052,True,2026-09-06T14:21:45Z,https://calmforest.cloud,96ce06d2-f9f0-4eaa-ae7e-f85a84b100b5,2026-09-13 08:52:51.308000+00:00,2026-09-13 09:12:44.806000+00:00,1193,797,1,True
2026-09-13 08:59:29.394919+00:00,sess-zbjcsuymjlmtzkt97i,c-d0173dd9-8e73-43f0-9c3b-016844ffa5a6,beta_B,treat,quest,0.1600618487232941,True,2026-09-06T14:21:45Z,https://calmforest.cloud,96ce06d2-f9f0-4eaa-ae7e-f85a84b100b5,2026-09-13 08:52:51.308000+00:00,2026-09-13 09:12:44.806000+00:00,1193,795,1,True
2026-09-13 09:00:01.875786+00:00,sess-zbjcsuymjlmtzkt97i,c-d0173dd9-8e73-43f0-9c3b-016844ffa5a6,beta_B,treat,quest,0.17153284853241219,True,2026-09-06T14:21:45Z,https://calmforest.cloud,96ce06d2-f9f0-4eaa-ae7e-f85a84b100b5,2026-09-13 08:52:51.308000+00:00,2026-09-13 09:12:44.806000+00:00,1193,762,1,True
2026-09-13 09:00:02.661285+00:00,sess-zbjcsuymjlmtzkt97i,c-d0173dd9-8e73-43f0-9c3b-016844ffa5a6,beta_B,treat,quest,0.14501584529608247,True,2026-09-06T14:21:45Z,https://calmforest.cloud,96ce06d2-f9f0-4eaa-ae7e-f85a84b100b5,2026-09-13 08:52:51.308000+00:00,2026-09-13 09:12:44.806000+00:00,1193,762,1,True
2026-09-13 09:00:04.420348+00:00,sess-zbjcsuymjlmtzkt97i,c-d0173dd9-8e73-43f0-9c3b-016844ffa5a6,beta_B,treat,quest,0.13801035554957986,False,2026-09-06T14:21:45Z,https://calmforest.cloud,96ce06d2-f9f0-4eaa-ae7e-f85a84b100b5,2026-09-13 08:52:51.308000+00:00,2026-09-13 09:12:44.806000+00:00,1193,760,1,False
2026-09-13 09:00:05.545976+00:00,sess-zbjcsuymjlmtzkt97i,c-d0173dd9-8e73-43f0-9c3b-016844ffa5a6,beta_B,treat,quest,0.1517240301814022,True,2026-09-06T14:21:45Z,https://calmforest.cloud,96ce06d2-f9f0-4eaa-ae7e-f85a84b100b5,2026-09-13 08:52:51.308000+00:00,2026-09-13 09:12:44.806000+00:00,1193,759,1,True
2026-09-13 09:00:08.239855+00:00,sess-zbjcsuymjlmtzkt97i,c-d0173dd9-8e73-43f0-9c3b-016844ffa5a6,beta_B,treat,quest,0.17104076450328745,True,2026-09-06T14:21:45Z,https://calmforest.cloud,96ce06d2-f9f0-4eaa-ae7e-f85a84b100b5,2026-09-13 08:52:51.308000+00:00,2026-09-13 09:12:44.806000+00:00,1193,756,1,True
2026-09-13 09:00:08.839436+00:00,sess-zbjcsuymjlmtzkt97i,c-d0173dd9-8e73-43f0-9c3b-016844ffa5a6,beta_B,treat,quest,0.1718709206193945,True,2026-09-06T14:21:45Z,https://calmforest.cloud,96ce06d2-f9f0-4eaa-ae7e-f85a84b100b5,2026-09-13 08:52:51.308000+00:00,2026-09-13 09:12:44.806000+00:00,1193,755,1,True
2026-09-13 09:00:09.775020+00:00,sess-zbjcsuymjlmtzkt97i,c-d0173dd9-8e73-43f0-9c3b-016844ffa5a6,beta_B,treat,quest,0.1718709206193945,True,2026-09-06T14:21:45Z,https://calmforest.cloud,96ce06d2-f9f0-4eaa-ae7e-f85a84b100b5,2026-09-13 08:52:51.308000+00:00,2026-09-13 09:12:44.806000+00:00,1193,755,1,True
2026-09-13 09:00:10.973918+00:00,sess-zbjcsuymjlmtzkt97i,c-d0173dd9-8e73-43f0-9c3b-016844ffa5a6,beta_B,treat,quest,0.1720838535559665,True,2026-09-06T14:21:45Z,https://calmforest.cloud,96ce06d2-f9f0-4eaa-ae7e-f85a84b100b5,2026-09-13 08:52:51.308000+00:00,2026-09-13 09:12:44.806000+00:00,1193,753,1,True
2026-09-13 09:00:15.684838+00:00,sess-zbjcsuymjlmtzkt97i,c-d0173dd9-8e73-43f0-9c3b-016844ffa5a6,beta_B,treat,quest,0.6521157646706885,True,2026-09-06T14:21:45Z,https://calmforest.cloud,96ce06d2-f9f0-4eaa-ae7e-f85a84b100b5,2026-09-13 08:52:51.308000+00:00,2026-09-13 09:12:44.806000+00:00,1193,749,1,True
2026-09-13 09:00:16.507947+00:00,sess-zbjcsuymjlmtzkt97i,c-d0173dd9-8e73-43f0-9c3b-016844ffa5a6,beta_B,treat,quest,0.26608089802804225,True,2026-09-06T14:21:45Z,https://calmforest.cloud,96ce06d2-f9f0-4eaa-ae7e-f85a84b100b5,2026-09-13 08:52:51.308000+00:00,2026-09-13 09:12:44.806000+00:00,1193,748,1,True
2026-09-13 09:00:17.431789+00:00,sess-zbjcsuymjlmtzkt97i,c-d0173dd9-8e73-43f0-9c3b-016844ffa5a6,beta_B,treat,quest,0.2677298177374976,True,2026-09-06T14:21:45Z,https://calmforest.cloud,96ce06d2-f9f0-4eaa-ae7e-f85a84b100b5,2026-09-13 08:52:51.308000+00:00,2026-09-13 09:12:44.806000+00:00,1193,747,1,True
2026-09-13 09:00:18.885288+00:00,sess-zbjcsuymjlmtzkt97i,c-d0173dd9-8e73-43f0-9c3b-016844ffa5a6,beta_B,treat,quest,0.1710324541990251,True,2026-09-06T14:21:45Z,https://calmforest.cloud,96ce06d2-f9f0-4eaa-ae7e-f85a84b100b5,2026-09-13 08:52:51.308000+00:00,2026-09-13 09:12:44.806000+00:00,1193,745,1,True
2026-09-13 09:00:59.891184+00:00,sess-zbjcsuymjlmtzkt97i,c-d0173dd9-8e73-43f0-9c3b-016844ffa5a6,beta_B,treat,quest,0.17123273057526953,True,2026-09-06T14:21:45Z,https://calmforest.cloud,96ce06d2-f9f0-4eaa-ae7e-f85a84b100b5,2026-09-13 08:52:51.308000+00:00,2026-09-13 09:12:44.806000+00:00,1193,704,1,True
2026-09-13 09:01:00.335905+00:00,sess-zbjcsuymjlmtzkt97i,c-d0173dd9-8e73-43f0-9c3b-016844ffa5a6,beta_B,treat,quest,0.1602635080713852,True,2026-09-06T14:21:45Z,https://calmforest.cloud,96ce06d2-f9f0-4eaa-ae7e-f85a84b100b5,2026-09-13 08:52:51.308000+00:00,2026-09-13 09:12:44.806000+00:00,1193,704,1,True
2026-09-13 09:01:02.829087+00:00,sess-zbjcsuymjlmtzkt97i,c-d0173dd9-8e73-43f0-9c3b-016844ffa5a6,beta_B,treat,quest,0.15997084178358972,True,2026-09-06T14:21:45Z,https://calmforest.cloud,96ce06d2-f9f0-4eaa-ae7e-f85a84b100b5,2026-09-13 08:52:51.308000+00:00,2026-09-13 09:12:44.806000+00:00,1193,701,1,True
2026-09-13 09:01:10.531772+00:00,sess-zbjcsuymjlmtzkt97i,c-d0173dd9-8e73-43f0-9c3b-016844ffa5a6,beta_B,treat,quest,0.171398952101728,True,2026-09-06T14:21:45Z,https://calmforest.cloud,96ce06d2-f9f0-4eaa-ae7e-f85a84b100b5,2026-09-13 08:52:51.308000+00:00,2026-09-13 09:12:44.806000+00:00,1193,694,1,True
2026-09-13 09:01:11.145966+00:00,sess-zbjcsuymjlmtzkt97i,c-d0173dd9-8e73-43f0-9c3b-016844ffa5a6,beta_B,treat,quest,0.16832882217506856,True,2026-09-06T14:21:45Z,https://calmforest.cloud,96ce06d2-f9f0-4eaa-ae7e-f85a84b100b5,2026-09-13 08:52:51.308000+00:00,2026-09-13 09:12:44.806000+00:00,1193,693,1,True
2026-09-13 09:01:39.801314+00:00,sess-zbjcsuymjlmtzkt97i,c-d0173dd9-8e73-43f0-9c3b-016844ffa5a6,beta_B,treat,quest,0.17207431088168768,True,2026-09-06T14:21:45Z,https://calmforest.cloud,96ce06d2-f9f0-4eaa-ae7e-f85a84b100b5,2026-09-13 08:52:51.308000+00:00,2026-09-13 09:12:44.806000+00:00,1193,665,1,True
2026-09-13 09:01:40.585641+00:00,sess-zbjcsuymjlmtzkt97i,c-d0173dd9-8e73-43f0-9c3b-016844ffa5a6,beta_B,treat,quest,0.15951121023832118,True,2026-09-06T14:21:45Z,https://calmforest.cloud,96ce06d2-f9f0-4eaa-ae7e-f85a84b100b5,2026-09-13 08:52:51.308000+00:00,2026-09-13 09:12:44.806000+00:00,1193,664,1,True
2026-09-13 09:01:46.744769+00:00,sess-zbjcsuymjlmtzkt97i,c-d0173dd9-8e73-43f0-9c3b-016844ffa5a6,beta_B,treat,quest,0.1631316397752586,True,2026-09-06T14:21:45Z,https://calmforest.cloud,96ce06d2-f9f0-4eaa-ae7e-f85a84b100b5,2026-09-13 08:52:51.308000+00:00,2026-09-13 09:12:44.806000+00:00,1193,658,1,True
2026-09-13 09:01:51.838809+00:00,sess-zbjcsuymjlmtzkt97i,c-d0173dd9-8e73-43f0-9c3b-016844ffa5a6,beta_B,treat,quest,0.16943896267250352,True,2026-09-06T14:21:45Z,https://calmforest.cloud,96ce06d2-f9f0-4eaa-ae7e-f85a84b100b5,2026-09-13 08:52:51.308000+00:00,2026-09-13 09:12:44.806000+00:00,1193,652,1,True
2026-09-13 09:02:00.101366+00:00,sess-zbjcsuymjlmtzkt97i,c-d0173dd9-8e73-43f0-9c3b-016844ffa5a6,beta_B,treat,quest,0.17121557681969937,True,2026-09-06T14:21:45Z,https://calmforest.cloud,96ce06d2-f9f0-4eaa-ae7e-f85a84b100b5,2026-09-13 08:52:51.308000+00:00,2026-09-13 09:12:44.806000+00:00,1193,644,1,True
2026-09-13 09:02:01.106801+00:00,sess-zbjcsuymjlmtzkt97i,c-d0173dd9-8e73-43f0-9c3b-016844ffa5a6,beta_B,treat,quest,0.17120098640008033,True,2026-09-06T14:21:45Z,https://calmforest.cloud,96ce06d2-f9f0-4eaa-ae7e-f85a84b100b5,2026-09-13 08:52:51.308000+00:00,2026-09-13 09:12:44.806000+00:00,1193,643,1,True
2026-09-13 09:02:02.118930+00:00,sess-zbjcsuymjlmtzkt97i,c-d0173dd9-8e73-43f0-9c3b-016844ffa5a6,beta_B,treat,quest,0.15872589859760058,True,2026-09-06T14:21:45Z,https://calmforest.cloud,96ce06d2-f9f0-4eaa-ae7e-f85a84b100b5,2026-09-13 08:52:51.308000+00:00,2026-09-13 09:12:44.806000+00:00,1193,642,1,True
2026-09-13 09:02:03.207582+00:00,sess-zbjcsuymjlmtzkt97i,c-d0173dd9-8e73-43f0-9c3b-016844ffa5a6,beta_B,treat,quest,0.16145731641687422,True,2026-09-06T14:21:45Z,https://calmforest.cloud,96ce06d2-f9f0-4eaa-ae7e-f85a84b100b5,2026-09-13 08:52:51.308000+00:00,2026-09-13 09:12:44.806000+00:00,1193,641,1,True
2026-09-13 09:02:09.409983+00:00,sess-zbjcsuymjlmtzkt97i,c-d0173dd9-8e73-43f0-9c3b-016844ffa5a6,beta_B,treat,quest,0.17155078811545238,True,2026-09-06T14:21:45Z,https://calmforest.cloud,96ce06d2-f9f0-4eaa-ae7e-f85a84b100b5,2026-09-13 08:52:51.308000+00:00,2026-09-13 09:12:44.806000+00:00,1193,635,1,True
2026-09-13 09:02:09.989284+00:00,sess-zbjcsuymjlmtzkt97i,c-d0173dd9-8e73-43f0-9c3b-016844ffa5a6,beta_B,treat,quest,0.16967621196123017,True,2026-09-06T14:21:45Z,https://calmforest.cloud,96ce06d2-f9f0-4eaa-ae7e-f85a84b100b5,2026-09-13 08:52:51.308000+00:00,2026-09-13 09:12:44.806000+00:00,1193,634,1,True
2026-09-13 09:02:41.428428+00:00,sess-zbjcsuymjlmtzkt97i,c-d0173dd9-8e73-43f0-9c3b-016844ffa5a6,beta_B,treat,quest,0.17145900634583983,True,2026-09-06T14:21:45Z,https://calmforest.cloud,96ce06d2-f9f0-4eaa-ae7e-f85a84b100b5,2026-09-13 08:52:51.308000+00:00,2026-09-13 09:12:44.806000+00:00,1193,603,1,True
2026-09-13 09:02:48.155456+00:00,sess-zbjcsuymjlmtzkt97i,c-d0173dd9-8e73-43f0-9c3b-016844ffa5a6,beta_B,treat,quest,0.13277471777270922,False,2026-09-06T14:21:45Z,https://calmforest.cloud,96ce06d2-f9f0-4eaa-ae7e-f85a84b100b5,2026-09-13 08:52:51.308000+00:00,2026-09-13 09:12:44.806000+00:00,1193,596,1,False
2026-09-13 09:02:50.748225+00:00,sess-zbjcsuymjlmtzkt97i,c-d0173dd9-8e73-43f0-9c3b-016844ffa5a6,beta_B,treat,quest,0.12665941751935664,False,2026-09-06T14:21:45Z,https://calmforest.cloud,96ce06d2-f9f0-4eaa-ae7e-f85a84b100b5,2026-09-13 08:52:51.308000+00:00,2026-09-13 09:12:44.806000+00:00,1193,594,1,False
2026-09-13 09:02:52.457217+00:00,sess-zbjcsuymjlmtzkt97i,c-d0173dd9-8e73-43f0-9c3b-016844ffa5a6,beta_B,treat,quest,0.15490107241512377,True,2026-09-06T14:21:45Z,https://calmforest.cloud,96ce06d2-f9f0-4eaa-ae7e-f85a84b100b5,2026-09-13 08:52:51.308000+00:00,2026-09-13 09:12:44.806000+00:00,1193,592,1,True
2026-09-13 09:02:54.737300+00:00,sess-zbjcsuymjlmtzkt97i,c-d0173dd9-8e73-43f0-9c3b-016844ffa5a6,beta_B,treat,quest,0.16791076800909155,True,2026-09-06T14:21:45Z,https://calmforest.cloud,96ce06d2-f9f0-4eaa-ae7e-f85a84b100b5,2026-09-13 08:52:51.308000+00:00,2026-09-13 09:12:44.806000+00:00,1193,590,1,True
2026-09-13 09:03:02.128957+00:00,sess-zbjcsuymjlmtzkt97i,c-d0173dd9-8e73-43f0-9c3b-016844ffa5a6,beta_B,treat,quest,0.17089168709931646,True,2026-09-06T14:21:45Z,https://calmforest.cloud,96ce06d2-f9f0-4eaa-ae7e-f85a84b100b5,2026-09-13 08:52:51.308000+00:00,2026-09-13 09:12:44.806000+00:00,1193,582,1,True
2026-09-13 09:03:03.286031+00:00,sess-zbjcsuymjlmtzkt97i,c-d0173dd9-8e73-43f0-9c3b-016844ffa5a6,beta_B,treat,quest,0.1636349302958382,True,2026-09-06T14:21:45Z,https://calmforest.cloud,96ce06d2-f9f0-4eaa-ae7e-f85a84b100b5,2026-09-13 08:52:51.308000+00:00,2026-09-13 09:12:44.806000+00:00,1193,581,1,True
2026-09-13 09:03:09.349566+00:00,sess-zbjcsuymjlmtzkt97i,c-d0173dd9-8e73-43f0-9c3b-016844ffa5a6,beta_B,treat,quest,0.16205098684957003,True,2026-09-06T14:21:45Z,https://calmforest.cloud,96ce06d2-f9f0-4eaa-ae7e-f85a84b100b5,2026-09-13 08:52:51.308000+00:00,2026-09-13 09:12:44.806000+00:00,1193,575,1,True
2026-09-13 09:03:09.949627+00:00,sess-zbjcsuymjlmtzkt97i,c-d0173dd9-8e73-43f0-9c3b-016844ffa5a6,beta_B,treat,quest,0.15321141263594187,True,2026-09-06T14:21:45Z,https://calmforest.cloud,96ce06d2-f9f0-4eaa-ae7e-f85a84b100b5,2026-09-13 08:52:51.308000+00:00,2026-09-13 09:12:44.806000+00:00,1193,574,1,True
2026-09-13 09:03:10.709350+00:00,sess-zbjcsuymjlmtzkt97i,c-d0173dd9-8e73-43f0-9c3b-016844ffa5a6,beta_B,treat,quest,0.16113577979509824,True,2026-09-06T14:21:45Z,https://calmforest.cloud,96ce06d2-f9f0-4eaa-ae7e-f85a84b100b5,2026-09-13 08:52:51.308000+00:00,2026-09-13 09:12:44.806000+00:00,1193,574,1,True
2026-09-13 09:03:14.977897+00:00,sess-zbjcsuymjlmtzkt97i,c-d0173dd9-8e73-43f0-9c3b-016844ffa5a6,beta_B,treat,quest,0.16579203964089248,True,2026-09-06T14:21:45Z,https://calmforest.cloud,96ce06d2-f9f0-4eaa-ae7e-f85a84b100b5,2026-09-13 08:52:51.308000+00:00,2026-09-13 09:12:44.806000+00:00,1193,569,1,True
2026-09-13 09:03:54.749862+00:00,sess-zbjcsuymjlmtzkt97i,c-d0173dd9-8e73-43f0-9c3b-016844ffa5a6,beta_B,treat,quest,0.1609401870252534,True,2026-09-06T14:21:45Z,https://calmforest.cloud,96ce06d2-f9f0-4eaa-ae7e-f85a84b100b5,2026-09-13 08:52:51.308000+00:00,2026-09-13 09:12:44.806000+00:00,1193,530,1,True
2026-09-13 09:03:55.229870+00:00,sess-zbjcsuymjlmtzkt97i,c-d0173dd9-8e73-43f0-9c3b-016844ffa5a6,beta_B,treat,quest,0.157302610452926,True,2026-09-06T14:21:45Z,https://calmforest.cloud,96ce06d2-f9f0-4eaa-ae7e-f85a84b100b5,2026-09-13 08:52:51.308000+00:00,2026-09-13 09:12:44.806000+00:00,1193,529,1,True
2026-09-13 09:11:08.992939+00:00,sess-zbjcsuymjlmtzkt97i,c-d0173dd9-8e73-43f0-9c3b-016844ffa5a6,beta_B,treat,quest,0.15474388254682528,True,2026-09-06T14:21:45Z,https://calmforest.cloud,96ce06d2-f9f0-4eaa-ae7e-f85a84b100b5,2026-09-13 08:52:51.308000+00:00,2026-09-13 09:12:44.806000+00:00,1193,95,1,True
2026-09-13 11:55:44.361422+00:00,sess-iybf2qs49imtzrc1vj,c-d31b92eb-cce5-4783-a979-2668d6723d6e,beta_A,treat,time15,0.47797317118242777,True,2026-09-06T14:21:45Z,https://calmforest.cloud,d6ccb4ea-a790-4733-89ee-9b78aaa277c7,2026-09-13 11:55:25.956000+00:00,2026-09-13 12:01:57.552000+00:00,392,373,1,True
2026-09-13 11:57:20.645662+00:00,sess-iybf2qs49imtzrc1vj,c-d31b92eb-cce5-4783-a979-2668d6723d6e,beta_A,treat,quest,0.17093957094511983,True,2026-09-06T14:21:45Z,https://calmforest.cloud,d6ccb4ea-a790-4733-89ee-9b78aaa277c7,2026-09-13 11:55:25.956000+00:00,2026-09-13 12:01:57.552000+00:00,392,276,1,True
2026-09-13 11:57:22.153469+00:00,sess-iybf2qs49imtzrc1vj,c-d31b92eb-cce5-4783-a979-2668d6723d6e,beta_A,treat,quest,0.16989635540535364,True,2026-09-06T14:21:45Z,https://calmforest.cloud,d6ccb4ea-a790-4733-89ee-9b78aaa277c7,2026-09-13 11:55:25.956000+00:00,2026-09-13 12:01:57.552000+00:00,392,275,1,True
2026-09-13 12:00:30.063156+00:00,sess-ru1n8878gpmtzriuw3,c-841cf77d-87df-4fcc-8fb2-62115be35519,beta_A,treat,quest,0.16972769632525705,True,2026-09-06T14:21:45Z,https://calmforest.cloud,fabd3109-d3f3-463e-b718-f1eb9a7bdeee,2026-09-13 12:00:43.494000+00:00,2026-09-13 12:30:57.093000+00:00,1814,1827,1,True
2026-09-13 12:00:30.458439+00:00,sess-ru1n8878gpmtzriuw3,c-841cf77d-87df-4fcc-8fb2-62115be35519,beta_A,treat,quest,0.16510713380165026,True,2026-09-06T14:21:45Z,https://calmforest.cloud,fabd3109-d3f3-463e-b718-f1eb9a7bdeee,2026-09-13 12:00:43.494000+00:00,2026-09-13 12:30:57.093000+00:00,1814,1826,1,True
2026-09-13 12:00:31.511381+00:00,sess-ru1n8878gpmtzriuw3,c-841cf77d-87df-4fcc-8fb2-62115be35519,beta_A,treat,time15,0.4574904738079577,True,2026-09-06T14:21:45Z,https://calmforest.cloud,fabd3109-d3f3-463e-b718-f1eb9a7bdeee,2026-09-13 12:00:43.494000+00:00,2026-09-13 12:30:57.093000+00:00,1814,1825,1,True
2026-09-13 12:04:59.611373+00:00,sess-ru1n8878gpmtzriuw3,c-841cf77d-87df-4fcc-8fb2-62115be35519,beta_A,treat,quest,0.17133852828079266,True,2026-09-06T14:21:45Z,https://calmforest.cloud,fabd3109-d3f3-463e-b718-f1eb9a7bdeee,2026-09-13 12:00:43.494000+00:00,2026-09-13 12:30:57.093000+00:00,1814,1557,1,True
2026-09-13 12:05:05.710132+00:00,sess-ru1n8878gpmtzriuw3,c-841cf77d-87df-4fcc-8fb2-62115be35519,beta_A,treat,quest,0.17089868743261002,True,2026-09-06T14:21:45Z,https://calmforest.cloud,fabd3109-d3f3-463e-b718-f1eb9a7bdeee,2026-09-13 12:00:43.494000+00:00,2026-09-13 12:30:57.093000+00:00,1814,1551,1,True
2026-09-13 12:05:06.555146+00:00,sess-ru1n8878gpmtzriuw3,c-841cf77d-87df-4fcc-8fb2-62115be35519,beta_A,treat,quest,0.1460805638519217,True,2026-09-06T14:21:45Z,https://calmforest.cloud,fabd3109-d3f3-463e-b718-f1eb9a7bdeee,2026-09-13 12:00:43.494000+00:00,2026-09-13 12:30:57.093000+00:00,1814,1550,1,True
2026-09-13 12:05:06.743247+00:00,sess-ru1n8878gpmtzriuw3,c-841cf77d-87df-4fcc-8fb2-62115be35519,beta_A,treat,quest,0.14715788865038362,True,2026-09-06T14:21:45Z,https://calmforest.cloud,fabd3109-d3f3-463e-b718-f1eb9a7bdeee,2026-09-13 12:00:43.494000+00:00,2026-09-13 12:30:57.093000+00:00,1814,1550,1,True
2026-09-13 12:08:22.030371+00:00,sess-ru1n8878gpmtzriuw3,c-841cf77d-87df-4fcc-8fb2-62115be35519,beta_A,treat,quest,0.16969739099118342,True,2026-09-06T14:21:45Z,https://calmforest.cloud,fabd3109-d3f3-463e-b718-f1eb9a7bdeee,2026-09-13 12:00:43.494000+00:00,2026-09-13 12:30:57.093000+00:00,1814,1355,1,True
2026-09-13 12:08:23.374251+00:00,sess-ru1n8878gpmtzriuw3,c-841cf77d-87df-4fcc-8fb2-62115be35519,beta_A,treat,quest,0.16309131198195823,True,2026-09-06T14:21:45Z,https://calmforest.cloud,fabd3109-d3f3-463e-b718-f1eb9a7bdeee,2026-09-13 12:00:43.494000+00:00,2026-09-13 12:30:57.093000+00:00,1814,1353,1,True
2026-09-13 12:08:27.348460+00:00,sess-ru1n8878gpmtzriuw3,c-841cf77d-87df-4fcc-8fb2-62115be35519,beta_A,treat,quest,0.16447814987263537,True,2026-09-06T14:21:45Z,https://calmforest.cloud,fabd3109-d3f3-463e-b718-f1eb9a7bdeee,2026-09-13 12:00:43.494000+00:00,2026-09-13 12:30:57.093000+00:00,1814,1349,1,True
2026-09-13 12:08:28.274928+00:00,sess-ru1n8878gpmtzriuw3,c-841cf77d-87df-4fcc-8fb2-62115be35519,beta_A,treat,quest,0.15191339923594224,True,2026-09-06T14:21:45Z,https://calmforest.cloud,fabd3109-d3f3-463e-b718-f1eb9a7bdeee,2026-09-13 12:00:43.494000+00:00,2026-09-13 12:30:57.093000+00:00,1814,1348,1,True
2026-09-13 12:08:36.838582+00:00,sess-ru1n8878gpmtzriuw3,c-841cf77d-87df-4fcc-8fb2-62115be35519,beta_A,treat,quest,0.1718116817796175,True,2026-09-06T14:21:45Z,https://calmforest.cloud,fabd3109-d3f3-463e-b718-f1eb9a7bdeee,2026-09-13 12:00:43.494000+00:00,2026-09-13 12:30:57.093000+00:00,1814,1340,1,True
2026-09-13 12:08:37.065214+00:00,sess-ru1n8878gpmtzriuw3,c-841cf77d-87df-4fcc-8fb2-62115be35519,beta_A,treat,quest,0.1715984316639868,True,2026-09-06T14:21:45Z,https://calmforest.cloud,fabd3109-d3f3-463e-b718-f1eb9a7bdeee,2026-09-13 12:00:43.494000+00:00,2026-09-13 12:30:57.093000+00:00,1814,1340,1,True
2026-09-13 12:08:38.217598+00:00,sess-ru1n8878gpmtzriuw3,c-841cf77d-87df-4fcc-8fb2-62115be35519,beta_A,treat,quest,0.14509636150301025,True,2026-09-06T14:21:45Z,https://calmforest.cloud,fabd3109-d3f3-463e-b718-f1eb9a7bdeee,2026-09-13 12:00:43.494000+00:00,2026-09-13 12:30:57.093000+00:00,1814,1338,1,True
2026-09-13 12:08:58.161818+00:00,sess-ru1n8878gpmtzriuw3,c-841cf77d-87df-4fcc-8fb2-62115be35519,beta_A,treat,quest,0.17089668917965012,True,2026-09-06T14:21:45Z,https://calmforest.cloud,fabd3109-d3f3-463e-b718-f1eb9a7bdeee,2026-09-13 12:00:43.494000+00:00,2026-09-13 12:30:57.093000+00:00,1814,1318,1,True
2026-09-13 12:09:09.561359+00:00,sess-ru1n8878gpmtzriuw3,c-841cf77d-87df-4fcc-8fb2-62115be35519,beta_A,treat,quest,0.1708923748969956,True,2026-09-06T14:21:45Z,https://calmforest.cloud,fabd3109-d3f3-463e-b718-f1eb9a7bdeee,2026-09-13 12:00:43.494000+00:00,2026-09-13 12:30:57.093000+00:00,1814,1307,1,True
2026-09-13 12:09:13.025749+00:00,sess-ru1n8878gpmtzriuw3,c-841cf77d-87df-4fcc-8fb2-62115be35519,beta_A,treat,quest,0.12953816790162803,False,2026-09-06T14:21:45Z,https://calmforest.cloud,fabd3109-d3f3-463e-b718-f1eb9a7bdeee,2026-09-13 12:00:43.494000+00:00,2026-09-13 12:30:57.093000+00:00,1814,1304,1,False
2026-09-13 12:09:13.707387+00:00,sess-ru1n8878gpmtzriuw3,c-841cf77d-87df-4fcc-8fb2-62115be35519,beta_A,treat,quest,0.16855314108759395,True,2026-09-06T14:21:45Z,https://calmforest.cloud,fabd3109-d3f3-463e-b718-f1eb9a7bdeee,2026-09-13 12:00:43.494000+00:00,2026-09-13 12:30:57.093000+00:00,1814,1303,1,True
2026-09-13 12:09:14.310040+00:00,sess-ru1n8878gpmtzriuw3,c-841cf77d-87df-4fcc-8fb2-62115be35519,beta_A,treat,quest,0.1653025718970524,True,2026-09-06T14:21:45Z,https://calmforest.cloud,fabd3109-d3f3-463e-b718-f1eb9a7bdeee,2026-09-13 12:00:43.494000+00:00,2026-09-13 12:30:57.093000+00:00,1814,1302,1,True
2026-09-13 12:09:18.244949+00:00,sess-ru1n8878gpmtzriuw3,c-841cf77d-87df-4fcc-8fb2-62115be35519,beta_A,treat,quest,0.1697769115011913,True,2026-09-06T14:21:45Z,https://calmforest.cloud,fabd3109-d3f3-463e-b718-f1eb9a7bdeee,2026-09-13 12:00:43.494000+00:00,2026-09-13 12:30:57.093000+00:00,1814,1298,1,True
2026-09-13 12:09:19.142963+00:00,sess-ru1n8878gpmtzriuw3,c-841cf77d-87df-4fcc-8fb2-62115be35519,beta_A,treat,quest,0.1711315290353723,True,2026-09-06T14:21:45Z,https://calmforest.cloud,fabd3109-d3f3-463e-b718-f1eb9a7bdeee,2026-09-13 12:00:43.494000+00:00,2026-09-13 12:30:57.093000+00:00,1814,1297,1,True
2026-09-13 12:09:34.460669+00:00,sess-ru1n8878gpmtzriuw3,c-841cf77d-87df-4fcc-8fb2-62115be35519,beta_A,treat,quest,0.1712463433120127,True,2026-09-06T14:21:45Z,https://calmforest.cloud,fabd3109-d3f3-463e-b718-f1eb9a7bdeee,2026-09-13 12:00:43.494000+00:00,2026-09-13 12:30:57.093000+00:00,1814,1282,1,True
2026-09-13 12:09:35.356102+00:00,sess-ru1n8878gpmtzriuw3,c-841cf77d-87df-4fcc-8fb2-62115be35519,beta_A,treat,quest,0.1683037822709681,True,2026-09-06T14:21:45Z,https://calmforest.cloud,fabd3109-d3f3-463e-b718-f1eb9a7bdeee,2026-09-13 12:00:43.494000+00:00,2026-09-13 12:30:57.093000+00:00,1814,1281,1,True
2026-09-13 12:09:36.282538+00:00,sess-ru1n8878gpmtzriuw3,c-841cf77d-87df-4fcc-8fb2-62115be35519,beta_A,treat,quest,0.1711421187006927,True,2026-09-06T14:21:45Z,https://calmforest.cloud,fabd3109-d3f3-463e-b718-f1eb9a7bdeee,2026-09-13 12:00:43.494000+00:00,2026-09-13 12:30:57.093000+00:00,1814,1280,1,True
2026-09-13 12:09:43.231006+00:00,sess-ru1n8878gpmtzriuw3,c-841cf77d-87df-4fcc-8fb2-62115be35519,beta_A,treat,quest,0.17083131124565726,True,2026-09-06T14:21:45Z,https://calmforest.cloud,fabd3109-d3f3-463e-b718-f1eb9a7bdeee,2026-09-13 12:00:43.494000+00:00,2026-09-13 12:30:57.093000+00:00,1814,1273,1,True
2026-09-13 12:09:44.603977+00:00,sess-ru1n8878gpmtzriuw3,c-841cf77d-87df-4fcc-8fb2-62115be35519,beta_A,treat,quest,0.17140027298031948,True,2026-09-06T14:21:45Z,https://calmforest.cloud,fabd3109-d3f3-463e-b718-f1eb9a7bdeee,2026-09-13 12:00:43.494000+00:00,2026-09-13 12:30:57.093000+00:00,1814,1272,1,True
2026-09-13 12:10:56.493498+00:00,sess-ru1n8878gpmtzriuw3,c-841cf77d-87df-4fcc-8fb2-62115be35519,beta_A,treat,quest,0.17090170944398378,True,2026-09-06T14:21:45Z,https://calmforest.cloud,fabd3109-d3f3-463e-b718-f1eb9a7bdeee,2026-09-13 12:00:43.494000+00:00,2026-09-13 12:30:57.093000+00:00,1814,1200,1,True
2026-09-13 12:10:56.721771+00:00,sess-ru1n8878gpmtzriuw3,c-841cf77d-87df-4fcc-8fb2-62115be35519,beta_A,treat,quest,0.17090170944398378,True,2026-09-06T14:21:45Z,https://calmforest.cloud,fabd3109-d3f3-463e-b718-f1eb9a7bdeee,2026-09-13 12:00:43.494000+00:00,2026-09-13 12:30:57.093000+00:00,1814,1200,1,True
2026-09-13 12:10:59.617619+00:00,sess-ru1n8878gpmtzriuw3,c-841cf77d-87df-4fcc-8fb2-62115be35519,beta_A,treat,quest,0.17128036880981187,True,2026-09-06T14:21:45Z,https://calmforest.cloud,fabd3109-d3f3-463e-b718-f1eb9a7bdeee,2026-09-13 12:00:43.494000+00:00,2026-09-13 12:30:57.093000+00:00,1814,1197,1,True
2026-09-13 12:11:00.323812+00:00,sess-ru1n8878gpmtzriuw3,c-841cf77d-87df-4fcc-8fb2-62115be35519,beta_A,treat,quest,0.1651368223164488,True,2026-09-06T14:21:45Z,https://calmforest.cloud,fabd3109-d3f3-463e-b718-f1eb9a7bdeee,2026-09-13 12:00:43.494000+00:00,2026-09-13 12:30:57.093000+00:00,1814,1196,1,True
2026-09-13 12:11:08.833431+00:00,sess-ru1n8878gpmtzriuw3,c-841cf77d-87df-4fcc-8fb2-62115be35519,beta_A,treat,quest,0.1707287206905632,True,2026-09-06T14:21:45Z,https://calmforest.cloud,fabd3109-d3f3-463e-b718-f1eb9a7bdeee,2026-09-13 12:00:43.494000+00:00,2026-09-13 12:30:57.093000+00:00,1814,1188,1,True
2026-09-13 12:11:10.446122+00:00,sess-ru1n8878gpmtzriuw3,c-841cf77d-87df-4fcc-8fb2-62115be35519,beta_A,treat,quest,0.1686163377321982,True,2026-09-06T14:21:45Z,https://calmforest.cloud,fabd3109-d3f3-463e-b718-f1eb9a7bdeee,2026-09-13 12:00:43.494000+00:00,2026-09-13 12:30:57.093000+00:00,1814,1186,1,True
2026-09-13 12:11:11.981237+00:00,sess-ru1n8878gpmtzriuw3,c-841cf77d-87df-4fcc-8fb2-62115be35519,beta_A,treat,quest,0.17010563077610702,True,2026-09-06T14:21:45Z,https://calmforest.cloud,fabd3109-d3f3-463e-b718-f1eb9a7bdeee,2026-09-13 12:00:43.494000+00:00,2026-09-13 12:30:57.093000+00:00,1814,1185,1,True
2026-09-13 12:11:12.540440+00:00,sess-ru1n8878gpmtzriuw3,c-841cf77d-87df-4fcc-8fb2-62115be35519,beta_A,treat,quest,0.17225559517489433,True,2026-09-06T14:21:45Z,https://calmforest.cloud,fabd3109-d3f3-463e-b718-f1eb9a7bdeee,2026-09-13 12:00:43.494000+00:00,2026-09-13 12:30:57.093000+00:00,1814,1184,1,True
2026-09-13 12:11:14.014235+00:00,sess-ru1n8878gpmtzriuw3,c-841cf77d-87df-4fcc-8fb2-62115be35519,beta_A,treat,quest,0.17080265362432917,True,2026-09-06T14:21:45Z,https://calmforest.cloud,fabd3109-d3f3-463e-b718-f1eb9a7bdeee,2026-09-13 12:00:43.494000+00:00,2026-09-13 12:30:57.093000+00:00,1814,1183,1,True
2026-09-13 12:11:15.323202+00:00,sess-ru1n8878gpmtzriuw3,c-841cf77d-87df-4fcc-8fb2-62115be35519,beta_A,treat,quest,0.16374729815729516,True,2026-09-06T14:21:45Z,https://calmforest.cloud,fabd3109-d3f3-463e-b718-f1eb9a7bdeee,2026-09-13 12:00:43.494000+00:00,2026-09-13 12:30:57.093000+00:00,1814,1181,1,True
2026-09-13 12:11:15.962727+00:00,sess-ru1n8878gpmtzriuw3,c-841cf77d-87df-4fcc-8fb2-62115be35519,beta_A,treat,quest,0.16403830489554644,True,2026-09-06T14:21:45Z,https://calmforest.cloud,fabd3109-d3f3-463e-b718-f1eb9a7bdeee,2026-09-13 12:00:43.494000+00:00,2026-09-13 12:30:57.093000+00:00,1814,1181,1,True
2026-09-13 12:13:22.041493+00:00,sess-qallrhgm64mtzrw75x,c-3b552f05-ae7f-4f6c-a545-b245292a0149,beta_A,treat,quest,0.10775614879728451,False,2026-09-06T14:21:45Z,https://calmforest.cloud,d7fa8f5f-3fd5-45fb-93c4-16c35e8af6fd,2026-09-13 12:11:05.929000+00:00,2026-09-13 12:46:01.220000+00:00,2095,1959,1,False
2026-09-13 12:16:27.011045+00:00,sess-qallrhgm64mtzrw75x,c-3b552f05-ae7f-4f6c-a545-b245292a0149,beta_A,treat,quest,0.10114778369487552,False,2026-09-06T14:21:45Z,https://calmforest.cloud,d7fa8f5f-3fd5-45fb-93c4-16c35e8af6fd,2026-09-13 12:11:05.929000+00:00,2026-09-13 12:46:01.220000+00:00,2095,1774,1,False
2026-09-13 12:16:37.061498+00:00,sess-qallrhgm64mtzrw75x,c-3b552f05-ae7f-4f6c-a545-b245292a0149,beta_A,treat,quest,0.03897376163894154,False,2026-09-06T14:21:45Z,https://calmforest.cloud,d7fa8f5f-3fd5-45fb-93c4-16c35e8af6fd,2026-09-13 12:11:05.929000+00:00,2026-09-13 12:46:01.220000+00:00,2095,1764,1,False
2026-09-13 12:16:40.134548+00:00,sess-qallrhgm64mtzrw75x,c-3b552f05-ae7f-4f6c-a545-b245292a0149,beta_A,treat,quest,0.035449168127888134,False,2026-09-06T14:21:45Z,https://calmforest.cloud,d7fa8f5f-3fd5-45fb-93c4-16c35e8af6fd,2026-09-13 12:11:05.929000+00:00,2026-09-13 12:46:01.220000+00:00,2095,1761,1,False
2026-09-13 12:16:41.022928+00:00,sess-qallrhgm64mtzrw75x,c-3b552f05-ae7f-4f6c-a545-b245292a0149,beta_A,treat,quest,0.03763219352755527,False,2026-09-06T14:21:45Z,https://calmforest.cloud,d7fa8f5f-3fd5-45fb-93c4-16c35e8af6fd,2026-09-13 12:11:05.929000+00:00,2026-09-13 12:46:01.220000+00:00,2095,1760,1,False
2026-09-13 12:16:43.906886+00:00,sess-qallrhgm64mtzrw75x,c-3b552f05-ae7f-4f6c-a545-b245292a0149,beta_A,treat,quest,0.052172250641950045,False,2026-09-06T14:21:45Z,https://calmforest.cloud,d7fa8f5f-3fd5-45fb-93c4-16c35e8af6fd,2026-09-13 12:11:05.929000+00:00,2026-09-13 12:46:01.220000+00:00,2095,1757,1,False
2026-09-13 12:16:47.088022+00:00,sess-qallrhgm64mtzrw75x,c-3b552f05-ae7f-4f6c-a545-b245292a0149,beta_A,treat,quest,0.10198045560342643,False,2026-09-06T14:21:45Z,https://calmforest.cloud,d7fa8f5f-3fd5-45fb-93c4-16c35e8af6fd,2026-09-13 12:11:05.929000+00:00,2026-09-13 12:46:01.220000+00:00,2095,1754,1,False
2026-09-13 12:16:59.890975+00:00,sess-ru1n8878gpmtzriuw3,c-841cf77d-87df-4fcc-8fb2-62115be35519,beta_A,treat,quest,0.16970039917911175,True,2026-09-06T14:21:45Z,https://calmforest.cloud,fabd3109-d3f3-463e-b718-f1eb9a7bdeee,2026-09-13 12:00:43.494000+00:00,2026-09-13 12:30:57.093000+00:00,1814,837,1,True
2026-09-13 12:17:00.466632+00:00,sess-ru1n8878gpmtzriuw3,c-841cf77d-87df-4fcc-8fb2-62115be35519,beta_A,treat,quest,0.11526375773188303,False,2026-09-06T14:21:45Z,https://calmforest.cloud,fabd3109-d3f3-463e-b718-f1eb9a7bdeee,2026-09-13 12:00:43.494000+00:00,2026-09-13 12:30:57.093000+00:00,1814,836,1,False
2026-09-13 12:17:19.489258+00:00,sess-ru1n8878gpmtzriuw3,c-841cf77d-87df-4fcc-8fb2-62115be35519,beta_A,treat,quest,0.169947845642559,True,2026-09-06T14:21:45Z,https://calmforest.cloud,fabd3109-d3f3-463e-b718-f1eb9a7bdeee,2026-09-13 12:00:43.494000+00:00,2026-09-13 12:30:57.093000+00:00,1814,817,1,True
2026-09-13 12:17:20.230933+00:00,sess-ru1n8878gpmtzriuw3,c-841cf77d-87df-4fcc-8fb2-62115be35519,beta_A,treat,quest,0.16213436667086847,True,2026-09-06T14:21:45Z,https://calmforest.cloud,fabd3109-d3f3-463e-b718-f1eb9a7bdeee,2026-09-13 12:00:43.494000+00:00,2026-09-13 12:30:57.093000+00:00,1814,816,1,True
2026-09-13 12:17:45.835388+00:00,sess-qallrhgm64mtzrw75x,c-3b552f05-ae7f-4f6c-a545-b245292a0149,beta_A,treat,quest,0.09315021217801518,False,2026-09-06T14:21:45Z,https://calmforest.cloud,d7fa8f5f-3fd5-45fb-93c4-16c35e8af6fd,2026-09-13 12:11:05.929000+00:00,2026-09-13 12:46:01.220000+00:00,2095,1695,1,False
2026-09-13 12:17:46.222755+00:00,sess-qallrhgm64mtzrw75x,c-3b552f05-ae7f-4f6c-a545-b245292a0149,beta_A,treat,quest,0.13871969702664838,True,2026-09-06T14:21:45Z,https://calmforest.cloud,d7fa8f5f-3fd5-45fb-93c4-16c35e8af6fd,2026-09-13 12:11:05.929000+00:00,2026-09-13 12:46:01.220000+00:00,2095,1694,1,True
2026-09-13 12:17:49.654607+00:00,sess-qallrhgm64mtzrw75x,c-3b552f05-ae7f-4f6c-a545-b245292a0149,beta_A,treat,quest,0.15375966592014373,True,2026-09-06T14:21:45Z,https://calmforest.cloud,d7fa8f5f-3fd5-45fb-93c4-16c35e8af6fd,2026-09-13 12:11:05.929000+00:00,2026-09-13 12:46:01.220000+00:00,2095,1691,1,True
2026-09-13 12:17:51.166142+00:00,sess-qallrhgm64mtzrw75x,c-3b552f05-ae7f-4f6c-a545-b245292a0149,beta_A,treat,quest,0.13801403823499064,False,2026-09-06T14:21:45Z,https://calmforest.cloud,d7fa8f5f-3fd5-45fb-93c4-16c35e8af6fd,2026-09-13 12:11:05.929000+00:00,2026-09-13 12:46:01.220000+00:00,2095,1690,1,False
2026-09-13 12:18:14.646384+00:00,sess-ru1n8878gpmtzriuw3,c-841cf77d-87df-4fcc-8fb2-62115be35519,beta_A,treat,quest,0.17189331303132246,True,2026-09-06T14:21:45Z,https://calmforest.cloud,fabd3109-d3f3-463e-b718-f1eb9a7bdeee,2026-09-13 12:00:43.494000+00:00,2026-09-13 12:30:57.093000+00:00,1814,762,1,True
2026-09-13 12:18:14.872154+00:00,sess-ru1n8878gpmtzriuw3,c-841cf77d-87df-4fcc-8fb2-62115be35519,beta_A,treat,quest,0.17189836921439508,True,2026-09-06T14:21:45Z,https://calmforest.cloud,fabd3109-d3f3-463e-b718-f1eb9a7bdeee,2026-09-13 12:00:43.494000+00:00,2026-09-13 12:30:57.093000+00:00,1814,762,1,True
2026-09-13 12:18:15.295882+00:00,sess-ru1n8878gpmtzriuw3,c-841cf77d-87df-4fcc-8fb2-62115be35519,beta_A,treat,quest,0.15038123184927996,True,2026-09-06T14:21:45Z,https://calmforest.cloud,fabd3109-d3f3-463e-b718-f1eb9a7bdeee,2026-09-13 12:00:43.494000+00:00,2026-09-13 12:30:57.093000+00:00,1814,761,1,True
2026-09-13 12:18:15.495933+00:00,sess-ru1n8878gpmtzriuw3,c-841cf77d-87df-4fcc-8fb2-62115be35519,beta_A,treat,quest,0.15038123184927996,True,2026-09-06T14:21:45Z,https://calmforest.cloud,fabd3109-d3f3-463e-b718-f1eb9a7bdeee,2026-09-13 12:00:43.494000+00:00,2026-09-13 12:30:57.093000+00:00,1814,761,1,True
2026-09-13 12:18:15.694008+00:00,sess-ru1n8878gpmtzriuw3,c-841cf77d-87df-4fcc-8fb2-62115be35519,beta_A,treat,quest,0.14943228330578776,True,2026-09-06T14:21:45Z,https://calmforest.cloud,fabd3109-d3f3-463e-b718-f1eb9a7bdeee,2026-09-13 12:00:43.494000+00:00,2026-09-13 12:30:57.093000+00:00,1814,761,1,True
2026-09-13 12:18:22.796244+00:00,sess-qallrhgm64mtzrw75x,c-3b552f05-ae7f-4f6c-a545-b245292a0149,beta_A,treat,quest,0.09292844983818448,False,2026-09-06T14:21:45Z,https://calmforest.cloud,d7fa8f5f-3fd5-45fb-93c4-16c35e8af6fd,2026-09-13 12:11:05.929000+00:00,2026-09-13 12:46:01.220000+00:00,2095,1658,1,False
2026-09-13 12:18:23.266162+00:00,sess-qallrhgm64mtzrw75x,c-3b552f05-ae7f-4f6c-a545-b245292a0149,beta_A,treat,quest,0.11588801020877204,False,2026-09-06T14:21:45Z,https://calmforest.cloud,d7fa8f5f-3fd5-45fb-93c4-16c35e8af6fd,2026-09-13 12:11:05.929000+00:00,2026-09-13 12:46:01.220000+00:00,2095,1657,1,False
2026-09-13 12:18:24.006844+00:00,sess-qallrhgm64mtzrw75x,c-3b552f05-ae7f-4f6c-a545-b245292a0149,beta_A,treat,quest,0.16121179661887264,True,2026-09-06T14:21:45Z,https://calmforest.cloud,d7fa8f5f-3fd5-45fb-93c4-16c35e8af6fd,2026-09-13 12:11:05.929000+00:00,2026-09-13 12:46:01.220000+00:00,2095,1657,1,True
2026-09-13 12:18:25.219187+00:00,sess-qallrhgm64mtzrw75x,c-3b552f05-ae7f-4f6c-a545-b245292a0149,beta_A,treat,quest,0.16328507014508817,True,2026-09-06T14:21:45Z,https://calmforest.cloud,d7fa8f5f-3fd5-45fb-93c4-16c35e8af6fd,2026-09-13 12:11:05.929000+00:00,2026-09-13 12:46:01.220000+00:00,2095,1656,1,True
2026-09-13 12:18:32.150124+00:00,sess-ru1n8878gpmtzriuw3,c-841cf77d-87df-4fcc-8fb2-62115be35519,beta_A,treat,quest,0.1695744613785924,True,2026-09-06T14:21:45Z,https://calmforest.cloud,fabd3109-d3f3-463e-b718-f1eb9a7bdeee,2026-09-13 12:00:43.494000+00:00,2026-09-13 12:30:57.093000+00:00,1814,744,1,True
2026-09-13 12:18:32.907430+00:00,sess-ru1n8878gpmtzriuw3,c-841cf77d-87df-4fcc-8fb2-62115be35519,beta_A,treat,quest,0.15669286324171441,True,2026-09-06T14:21:45Z,https://calmforest.cloud,fabd3109-d3f3-463e-b718-f1eb9a7bdeee,2026-09-13 12:00:43.494000+00:00,2026-09-13 12:30:57.093000+00:00,1814,744,1,True
2026-09-13 12:18:33.792509+00:00,sess-ru1n8878gpmtzriuw3,c-841cf77d-87df-4fcc-8fb2-62115be35519,beta_A,treat,quest,0.15637235437759156,True,2026-09-06T14:21:45Z,https://calmforest.cloud,fabd3109-d3f3-463e-b718-f1eb9a7bdeee,2026-09-13 12:00:43.494000+00:00,2026-09-13 12:30:57.093000+00:00,1814,743,1,True
2026-09-13 12:18:34.027137+00:00,sess-ru1n8878gpmtzriuw3,c-841cf77d-87df-4fcc-8fb2-62115be35519,beta_A,treat,quest,0.1559885393457437,True,2026-09-06T14:21:45Z,https://calmforest.cloud,fabd3109-d3f3-463e-b718-f1eb9a7bdeee,2026-09-13 12:00:43.494000+00:00,2026-09-13 12:30:57.093000+00:00,1814,743,1,True
2026-09-13 12:18:41.086758+00:00,sess-ru1n8878gpmtzriuw3,c-841cf77d-87df-4fcc-8fb2-62115be35519,beta_A,treat,quest,0.16959609148655103,True,2026-09-06T14:21:45Z,https://calmforest.cloud,fabd3109-d3f3-463e-b718-f1eb9a7bdeee,2026-09-13 12:00:43.494000+00:00,2026-09-13 12:30:57.093000+00:00,1814,736,1,True
2026-09-13 12:18:42.201165+00:00,sess-ru1n8878gpmtzriuw3,c-841cf77d-87df-4fcc-8fb2-62115be35519,beta_A,treat,quest,0.16530910558363188,True,2026-09-06T14:21:45Z,https://calmforest.cloud,fabd3109-d3f3-463e-b718-f1eb9a7bdeee,2026-09-13 12:00:43.494000+00:00,2026-09-13 12:30:57.093000+00:00,1814,734,1,True
2026-09-13 12:18:46.391911+00:00,sess-ru1n8878gpmtzriuw3,c-841cf77d-87df-4fcc-8fb2-62115be35519,beta_A,treat,quest,0.1660387399208679,True,2026-09-06T14:21:45Z,https://calmforest.cloud,fabd3109-d3f3-463e-b718-f1eb9a7bdeee,2026-09-13 12:00:43.494000+00:00,2026-09-13 12:30:57.093000+00:00,1814,730,1,True
2026-09-13 12:18:47.242539+00:00,sess-ru1n8878gpmtzriuw3,c-841cf77d-87df-4fcc-8fb2-62115be35519,beta_A,treat,quest,0.15750475745503253,True,2026-09-06T14:21:45Z,https://calmforest.cloud,fabd3109-d3f3-463e-b718-f1eb9a7bdeee,2026-09-13 12:00:43.494000+00:00,2026-09-13 12:30:57.093000+00:00,1814,729,1,True
2026-09-13 12:18:47.639384+00:00,sess-ru1n8878gpmtzriuw3,c-841cf77d-87df-4fcc-8fb2-62115be35519,beta_A,treat,quest,0.1561996459239123,True,2026-09-06T14:21:45Z,https://calmforest.cloud,fabd3109-d3f3-463e-b718-f1eb9a7bdeee,2026-09-13 12:00:43.494000+00:00,2026-09-13 12:30:57.093000+00:00,1814,729,1,True
2026-09-13 12:18:57.249548+00:00,sess-ru1n8878gpmtzriuw3,c-841cf77d-87df-4fcc-8fb2-62115be35519,beta_A,treat,quest,0.16673298485734012,True,2026-09-06T14:21:45Z,https://calmforest.cloud,fabd3109-d3f3-463e-b718-f1eb9a7bdeee,2026-09-13 12:00:43.494000+00:00,2026-09-13 12:30:57.093000+00:00,1814,719,1,True
2026-09-13 12:18:57.978253+00:00,sess-ru1n8878gpmtzriuw3,c-841cf77d-87df-4fcc-8fb2-62115be35519,beta_A,treat,quest,0.1495692575288695,True,2026-09-06T14:21:45Z,https://calmforest.cloud,fabd3109-d3f3-463e-b718-f1eb9a7bdeee,2026-09-13 12:00:43.494000+00:00,2026-09-13 12:30:57.093000+00:00,1814,719,1,True
2026-09-13 12:19:29.148266+00:00,sess-qallrhgm64mtzrw75x,c-3b552f05-ae7f-4f6c-a545-b245292a0149,beta_A,treat,quest,0.05321828707138469,False,2026-09-06T14:21:45Z,https://calmforest.cloud,d7fa8f5f-3fd5-45fb-93c4-16c35e8af6fd,2026-09-13 12:11:05.929000+00:00,2026-09-13 12:46:01.220000+00:00,2095,1592,1,False
2026-09-13 12:19:29.993558+00:00,sess-qallrhgm64mtzrw75x,c-3b552f05-ae7f-4f6c-a545-b245292a0149,beta_A,treat,quest,0.09581373943205511,False,2026-09-06T14:21:45Z,https://calmforest.cloud,d7fa8f5f-3fd5-45fb-93c4-16c35e8af6fd,2026-09-13 12:11:05.929000+00:00,2026-09-13 12:46:01.220000+00:00,2095,1591,1,False
2026-09-13 12:21:49.030106+00:00,sess-qallrhgm64mtzrw75x,c-3b552f05-ae7f-4f6c-a545-b245292a0149,beta_A,treat,quest,0.08643054354960782,False,2026-09-06T14:21:45Z,https://calmforest.cloud,d7fa8f5f-3fd5-45fb-93c4-16c35e8af6fd,2026-09-13 12:11:05.929000+00:00,2026-09-13 12:46:01.220000+00:00,2095,1452,1,False
2026-09-13 12:21:54.800575+00:00,sess-qallrhgm64mtzrw75x,c-3b552f05-ae7f-4f6c-a545-b245292a0149,beta_A,treat,quest,0.16576233680475938,True,2026-09-06T14:21:45Z,https://calmforest.cloud,d7fa8f5f-3fd5-45fb-93c4-16c35e8af6fd,2026-09-13 12:11:05.929000+00:00,2026-09-13 12:46:01.220000+00:00,2095,1446,1,True
2026-09-13 12:21:55.491131+00:00,sess-qallrhgm64mtzrw75x,c-3b552f05-ae7f-4f6c-a545-b245292a0149,beta_A,treat,quest,0.1078750125340312,False,2026-09-06T14:21:45Z,https://calmforest.cloud,d7fa8f5f-3fd5-45fb-93c4-16c35e8af6fd,2026-09-13 12:11:05.929000+00:00,2026-09-13 12:46:01.220000+00:00,2095,1445,1,False
2026-09-13 12:21:56.462308+00:00,sess-qallrhgm64mtzrw75x,c-3b552f05-ae7f-4f6c-a545-b245292a0149,beta_A,treat,quest,0.10639402060145677,False,2026-09-06T14:21:45Z,https://calmforest.cloud,d7fa8f5f-3fd5-45fb-93c4-16c35e8af6fd,2026-09-13 12:11:05.929000+00:00,2026-09-13 12:46:01.220000+00:00,2095,1444,1,False
2026-09-13 12:22:00.063332+00:00,sess-qallrhgm64mtzrw75x,c-3b552f05-ae7f-4f6c-a545-b245292a0149,beta_A,treat,quest,0.16164793859430104,True,2026-09-06T14:21:45Z,https://calmforest.cloud,d7fa8f5f-3fd5-45fb-93c4-16c35e8af6fd,2026-09-13 12:11:05.929000+00:00,2026-09-13 12:46:01.220000+00:00,2095,1441,1,True
2026-09-13 12:22:00.763255+00:00,sess-qallrhgm64mtzrw75x,c-3b552f05-ae7f-4f6c-a545-b245292a0149,beta_A,treat,quest,0.1638052771999116,True,2026-09-06T14:21:45Z,https://calmforest.cloud,d7fa8f5f-3fd5-45fb-93c4-16c35e8af6fd,2026-09-13 12:11:05.929000+00:00,2026-09-13 12:46:01.220000+00:00,2095,1440,1,True
2026-09-13 12:22:01.238922+00:00,sess-qallrhgm64mtzrw75x,c-3b552f05-ae7f-4f6c-a545-b245292a0149,beta_A,treat,quest,0.16919271251023993,True,2026-09-06T14:21:45Z,https://calmforest.cloud,d7fa8f5f-3fd5-45fb-93c4-16c35e8af6fd,2026-09-13 12:11:05.929000+00:00,2026-09-13 12:46:01.220000+00:00,2095,1439,1,True
2026-09-13 12:22:03.100957+00:00,sess-qallrhgm64mtzrw75x,c-3b552f05-ae7f-4f6c-a545-b245292a0149,beta_A,treat,quest,0.1711372940928911,True,2026-09-06T14:21:45Z,https://calmforest.cloud,d7fa8f5f-3fd5-45fb-93c4-16c35e8af6fd,2026-09-13 12:11:05.929000+00:00,2026-09-13 12:46:01.220000+00:00,2095,1438,1,True
2026-09-13 12:22:03.772335+00:00,sess-qallrhgm64mtzrw75x,c-3b552f05-ae7f-4f6c-a545-b245292a0149,beta_A,treat,quest,0.16757733220029453,True,2026-09-06T14:21:45Z,https://calmforest.cloud,d7fa8f5f-3fd5-45fb-93c4-16c35e8af6fd,2026-09-13 12:11:05.929000+00:00,2026-09-13 12:46:01.220000+00:00,2095,1437,1,True
2026-09-13 12:22:10.914796+00:00,sess-qallrhgm64mtzrw75x,c-3b552f05-ae7f-4f6c-a545-b245292a0149,beta_A,treat,quest,0.1672970081812755,True,2026-09-06T14:21:45Z,https://calmforest.cloud,d7fa8f5f-3fd5-45fb-93c4-16c35e8af6fd,2026-09-13 12:11:05.929000+00:00,2026-09-13 12:46:01.220000+00:00,2095,1430,1,True
2026-09-13 12:22:11.378064+00:00,sess-qallrhgm64mtzrw75x,c-3b552f05-ae7f-4f6c-a545-b245292a0149,beta_A,treat,quest,0.16719032191778746,True,2026-09-06T14:21:45Z,https://calmforest.cloud,d7fa8f5f-3fd5-45fb-93c4-16c35e8af6fd,2026-09-13 12:11:05.929000+00:00,2026-09-13 12:46:01.220000+00:00,2095,1429,1,True
2026-09-13 12:22:11.812251+00:00,sess-qallrhgm64mtzrw75x,c-3b552f05-ae7f-4f6c-a545-b245292a0149,beta_A,treat,quest,0.16719032191778746,True,2026-09-06T14:21:45Z,https://calmforest.cloud,d7fa8f5f-3fd5-45fb-93c4-16c35e8af6fd,2026-09-13 12:11:05.929000+00:00,2026-09-13 12:46:01.220000+00:00,2095,1429,1,True
2026-09-13 12:22:12.438917+00:00,sess-qallrhgm64mtzrw75x,c-3b552f05-ae7f-4f6c-a545-b245292a0149,beta_A,treat,quest,0.16940838783484122,True,2026-09-06T14:21:45Z,https://calmforest.cloud,d7fa8f5f-3fd5-45fb-93c4-16c35e8af6fd,2026-09-13 12:11:05.929000+00:00,2026-09-13 12:46:01.220000+00:00,2095,1428,1,True
2026-09-13 12:24:09.031381+00:00,sess-qallrhgm64mtzrw75x,c-3b552f05-ae7f-4f6c-a545-b245292a0149,beta_A,treat,quest,0.17132525850493255,True,2026-09-06T14:21:45Z,https://calmforest.cloud,d7fa8f5f-3fd5-45fb-93c4-16c35e8af6fd,2026-09-13 12:11:05.929000+00:00,2026-09-13 12:46:01.220000+00:00,2095,1312,1,True
2026-09-13 12:24:10.543973+00:00,sess-qallrhgm64mtzrw75x,c-3b552f05-ae7f-4f6c-a545-b245292a0149,beta_A,treat,quest,0.16554907727194523,True,2026-09-06T14:21:45Z,https://calmforest.cloud,d7fa8f5f-3fd5-45fb-93c4-16c35e8af6fd,2026-09-13 12:11:05.929000+00:00,2026-09-13 12:46:01.220000+00:00,2095,1310,1,True
2026-09-13 12:24:12.358570+00:00,sess-qallrhgm64mtzrw75x,c-3b552f05-ae7f-4f6c-a545-b245292a0149,beta_A,treat,quest,0.16311644784335474,True,2026-09-06T14:21:45Z,https://calmforest.cloud,d7fa8f5f-3fd5-45fb-93c4-16c35e8af6fd,2026-09-13 12:11:05.929000+00:00,2026-09-13 12:46:01.220000+00:00,2095,1308,1,True
2026-09-13 12:24:13.124827+00:00,sess-qallrhgm64mtzrw75x,c-3b552f05-ae7f-4f6c-a545-b245292a0149,beta_A,treat,quest,0.1570233529037206,True,2026-09-06T14:21:45Z,https://calmforest.cloud,d7fa8f5f-3fd5-45fb-93c4-16c35e8af6fd,2026-09-13 12:11:05.929000+00:00,2026-09-13 12:46:01.220000+00:00,2095,1308,1,True
2026-09-13 12:24:26.173203+00:00,sess-qallrhgm64mtzrw75x,c-3b552f05-ae7f-4f6c-a545-b245292a0149,beta_A,treat,quest,0.15261423639118804,True,2026-09-06T14:21:45Z,https://calmforest.cloud,d7fa8f5f-3fd5-45fb-93c4-16c35e8af6fd,2026-09-13 12:11:05.929000+00:00,2026-09-13 12:46:01.220000+00:00,2095,1295,1,True
2026-09-13 12:24:27.834635+00:00,sess-qallrhgm64mtzrw75x,c-3b552f05-ae7f-4f6c-a545-b245292a0149,beta_A,treat,quest,0.1098504710380681,False,2026-09-06T14:21:45Z,https://calmforest.cloud,d7fa8f5f-3fd5-45fb-93c4-16c35e8af6fd,2026-09-13 12:11:05.929000+00:00,2026-09-13 12:46:01.220000+00:00,2095,1293,1,False
2026-09-13 12:24:40.824606+00:00,sess-qallrhgm64mtzrw75x,c-3b552f05-ae7f-4f6c-a545-b245292a0149,beta_A,treat,quest,0.17084647256603347,True,2026-09-06T14:21:45Z,https://calmforest.cloud,d7fa8f5f-3fd5-45fb-93c4-16c35e8af6fd,2026-09-13 12:11:05.929000+00:00,2026-09-13 12:46:01.220000+00:00,2095,1280,1,True
2026-09-13 12:24:41.016127+00:00,sess-qallrhgm64mtzrw75x,c-3b552f05-ae7f-4f6c-a545-b245292a0149,beta_A,treat,quest,0.1707216804280631,True,2026-09-06T14:21:45Z,https://calmforest.cloud,d7fa8f5f-3fd5-45fb-93c4-16c35e8af6fd,2026-09-13 12:11:05.929000+00:00,2026-09-13 12:46:01.220000+00:00,2095,1280,1,True
2026-09-13 12:24:43.268560+00:00,sess-qallrhgm64mtzrw75x,c-3b552f05-ae7f-4f6c-a545-b245292a0149,beta_A,treat,quest,0.1723368414664546,True,2026-09-06T14:21:45Z,https://calmforest.cloud,d7fa8f5f-3fd5-45fb-93c4-16c35e8af6fd,2026-09-13 12:11:05.929000+00:00,2026-09-13 12:46:01.220000+00:00,2095,1277,1,True
2026-09-13 12:24:43.861422+00:00,sess-qallrhgm64mtzrw75x,c-3b552f05-ae7f-4f6c-a545-b245292a0149,beta_A,treat,quest,0.1643606591521421,True,2026-09-06T14:21:45Z,https://calmforest.cloud,d7fa8f5f-3fd5-45fb-93c4-16c35e8af6fd,2026-09-13 12:11:05.929000+00:00,2026-09-13 12:46:01.220000+00:00,2095,1277,1,True
2026-09-13 12:24:44.689637+00:00,sess-qallrhgm64mtzrw75x,c-3b552f05-ae7f-4f6c-a545-b245292a0149,beta_A,treat,quest,0.1619945661162081,True,2026-09-06T14:21:45Z,https://calmforest.cloud,d7fa8f5f-3fd5-45fb-93c4-16c35e8af6fd,2026-09-13 12:11:05.929000+00:00,2026-09-13 12:46:01.220000+00:00,2095,1276,1,True
2026-09-13 12:25:07.152736+00:00,sess-qallrhgm64mtzrw75x,c-3b552f05-ae7f-4f6c-a545-b245292a0149,beta_A,treat,quest,0.16241436993365632,True,2026-09-06T14:21:45Z,https://calmforest.cloud,d7fa8f5f-3fd5-45fb-93c4-16c35e8af6fd,2026-09-13 12:11:05.929000+00:00,2026-09-13 12:46:01.220000+00:00,2095,1254,1,True
2026-09-13 12:25:07.676093+00:00,sess-qallrhgm64mtzrw75x,c-3b552f05-ae7f-4f6c-a545-b245292a0149,beta_A,treat,quest,0.16394868873238827,True,2026-09-06T14:21:45Z,https://calmforest.cloud,d7fa8f5f-3fd5-45fb-93c4-16c35e8af6fd,2026-09-13 12:11:05.929000+00:00,2026-09-13 12:46:01.220000+00:00,2095,1253,1,True
2026-09-13 12:25:09.058892+00:00,sess-qallrhgm64mtzrw75x,c-3b552f05-ae7f-4f6c-a545-b245292a0149,beta_A,treat,quest,0.17265543946132156,True,2026-09-06T14:21:45Z,https://calmforest.cloud,d7fa8f5f-3fd5-45fb-93c4-16c35e8af6fd,2026-09-13 12:11:05.929000+00:00,2026-09-13 12:46:01.220000+00:00,2095,1252,1,True
2026-09-13 12:25:09.611276+00:00,sess-qallrhgm64mtzrw75x,c-3b552f05-ae7f-4f6c-a545-b245292a0149,beta_A,treat,quest,0.16686996814696645,True,2026-09-06T14:21:45Z,https://calmforest.cloud,d7fa8f5f-3fd5-45fb-93c4-16c35e8af6fd,2026-09-13 12:11:05.929000+00:00,2026-09-13 12:46:01.220000+00:00,2095,1251,1,True
2026-09-13 12:25:37.390610+00:00,sess-qallrhgm64mtzrw75x,c-3b552f05-ae7f-4f6c-a545-b245292a0149,beta_A,treat,quest,0.18238094829635523,True,2026-09-06T14:21:45Z,https://calmforest.cloud,d7fa8f5f-3fd5-45fb-93c4-16c35e8af6fd,2026-09-13 12:11:05.929000+00:00,2026-09-13 12:46:01.220000+00:00,2095,1223,1,True
2026-09-13 12:25:38.630955+00:00,sess-qallrhgm64mtzrw75x,c-3b552f05-ae7f-4f6c-a545-b245292a0149,beta_A,treat,quest,0.1811784632477201,True,2026-09-06T14:21:45Z,https://calmforest.cloud,d7fa8f5f-3fd5-45fb-93c4-16c35e8af6fd,2026-09-13 12:11:05.929000+00:00,2026-09-13 12:46:01.220000+00:00,2095,1222,1,True
2026-09-13 12:26:20.170519+00:00,sess-qallrhgm64mtzrw75x,c-3b552f05-ae7f-4f6c-a545-b245292a0149,beta_A,treat,quest,0.17131567381507729,True,2026-09-06T14:21:45Z,https://calmforest.cloud,d7fa8f5f-3fd5-45fb-93c4-16c35e8af6fd,2026-09-13 12:11:05.929000+00:00,2026-09-13 12:46:01.220000+00:00,2095,1181,1,True
2026-09-13 12:26:26.031531+00:00,sess-qallrhgm64mtzrw75x,c-3b552f05-ae7f-4f6c-a545-b245292a0149,beta_A,treat,quest,0.1715599995652612,True,2026-09-06T14:21:45Z,https://calmforest.cloud,d7fa8f5f-3fd5-45fb-93c4-16c35e8af6fd,2026-09-13 12:11:05.929000+00:00,2026-09-13 12:46:01.220000+00:00,2095,1175,1,True
2026-09-13 12:26:27.628489+00:00,sess-qallrhgm64mtzrw75x,c-3b552f05-ae7f-4f6c-a545-b245292a0149,beta_A,treat,quest,0.14168739716034429,True,2026-09-06T14:21:45Z,https://calmforest.cloud,d7fa8f5f-3fd5-45fb-93c4-16c35e8af6fd,2026-09-13 12:11:05.929000+00:00,2026-09-13 12:46:01.220000+00:00,2095,1173,1,True
2026-09-13 12:26:28.620185+00:00,sess-qallrhgm64mtzrw75x,c-3b552f05-ae7f-4f6c-a545-b245292a0149,beta_A,treat,quest,0.14686303199034786,True,2026-09-06T14:21:45Z,https://calmforest.cloud,d7fa8f5f-3fd5-45fb-93c4-16c35e8af6fd,2026-09-13 12:11:05.929000+00:00,2026-09-13 12:46:01.220000+00:00,2095,1172,1,True
2026-09-13 12:26:32.629489+00:00,sess-qallrhgm64mtzrw75x,c-3b552f05-ae7f-4f6c-a545-b245292a0149,beta_A,treat,quest,0.12917209548771302,False,2026-09-06T14:21:45Z,https://calmforest.cloud,d7fa8f5f-3fd5-45fb-93c4-16c35e8af6fd,2026-09-13 12:11:05.929000+00:00,2026-09-13 12:46:01.220000+00:00,2095,1168,1,False
2026-09-13 12:26:50.204860+00:00,sess-qallrhgm64mtzrw75x,c-3b552f05-ae7f-4f6c-a545-b245292a0149,beta_A,treat,quest,0.16426692917000277,True,2026-09-06T14:21:45Z,https://calmforest.cloud,d7fa8f5f-3fd5-45fb-93c4-16c35e8af6fd,2026-09-13 12:11:05.929000+00:00,2026-09-13 12:46:01.220000+00:00,2095,1151,1,True
2026-09-13 12:26:51.044591+00:00,sess-qallrhgm64mtzrw75x,c-3b552f05-ae7f-4f6c-a545-b245292a0149,beta_A,treat,quest,0.15121645467367337,True,2026-09-06T14:21:45Z,https://calmforest.cloud,d7fa8f5f-3fd5-45fb-93c4-16c35e8af6fd,2026-09-13 12:11:05.929000+00:00,2026-09-13 12:46:01.220000+00:00,2095,1150,1,True
2026-09-13 12:26:51.521460+00:00,sess-qallrhgm64mtzrw75x,c-3b552f05-ae7f-4f6c-a545-b245292a0149,beta_A,treat,quest,0.15121645467367337,True,2026-09-06T14:21:45Z,https://calmforest.cloud,d7fa8f5f-3fd5-45fb-93c4-16c35e8af6fd,2026-09-13 12:11:05.929000+00:00,2026-09-13 12:46:01.220000+00:00,2095,1149,1,True
2026-09-13 12:26:52.608097+00:00,sess-qallrhgm64mtzrw75x,c-3b552f05-ae7f-4f6c-a545-b245292a0149,beta_A,treat,quest,0.15117627726617658,True,2026-09-06T14:21:45Z,https://calmforest.cloud,d7fa8f5f-3fd5-45fb-93c4-16c35e8af6fd,2026-09-13 12:11:05.929000+00:00,2026-09-13 12:46:01.220000+00:00,2095,1148,1,True
2026-09-13 12:27:49.557385+00:00,sess-qallrhgm64mtzrw75x,c-3b552f05-ae7f-4f6c-a545-b245292a0149,beta_A,treat,quest,0.1707948377344475,True,2026-09-06T14:21:45Z,https://calmforest.cloud,d7fa8f5f-3fd5-45fb-93c4-16c35e8af6fd,2026-09-13 12:11:05.929000+00:00,2026-09-13 12:46:01.220000+00:00,2095,1091,1,True
2026-09-13 12:27:49.628371+00:00,sess-qallrhgm64mtzrw75x,c-3b552f05-ae7f-4f6c-a545-b245292a0149,beta_A,treat,quest,0.1706596313853141,True,2026-09-06T14:21:45Z,https://calmforest.cloud,d7fa8f5f-3fd5-45fb-93c4-16c35e8af6fd,2026-09-13 12:11:05.929000+00:00,2026-09-13 12:46:01.220000+00:00,2095,1091,1,True
2026-09-13 12:27:50.712415+00:00,sess-qallrhgm64mtzrw75x,c-3b552f05-ae7f-4f6c-a545-b245292a0149,beta_A,treat,quest,0.1707261756862197,True,2026-09-06T14:21:45Z,https://calmforest.cloud,d7fa8f5f-3fd5-45fb-93c4-16c35e8af6fd,2026-09-13 12:11:05.929000+00:00,2026-09-13 12:46:01.220000+00:00,2095,1090,1,True
2026-09-13 12:27:59.033479+00:00,sess-qallrhgm64mtzrw75x,c-3b552f05-ae7f-4f6c-a545-b245292a0149,beta_A,treat,quest,0.17118008442535862,True,2026-09-06T14:21:45Z,https://calmforest.cloud,d7fa8f5f-3fd5-45fb-93c4-16c35e8af6fd,2026-09-13 12:11:05.929000+00:00,2026-09-13 12:46:01.220000+00:00,2095,1082,1,True
2026-09-13 12:32:48.317730+00:00,sess-qallrhgm64mtzrw75x,c-3b552f05-ae7f-4f6c-a545-b245292a0149,beta_A,treat,quest,0.11353942468449592,False,2026-09-06T14:21:45Z,https://calmforest.cloud,d7fa8f5f-3fd5-45fb-93c4-16c35e8af6fd,2026-09-13 12:11:05.929000+00:00,2026-09-13 12:46:01.220000+00:00,2095,792,1,False
2026-09-13 12:32:49.274502+00:00,sess-qallrhgm64mtzrw75x,c-3b552f05-ae7f-4f6c-a545-b245292a0149,beta_A,treat,quest,0.1557374902771628,True,2026-09-06T14:21:45Z,https://calmforest.cloud,d7fa8f5f-3fd5-45fb-93c4-16c35e8af6fd,2026-09-13 12:11:05.929000+00:00,2026-09-13 12:46:01.220000+00:00,2095,791,1,True
2026-09-13 12:32:49.923879+00:00,sess-qallrhgm64mtzrw75x,c-3b552f05-ae7f-4f6c-a545-b245292a0149,beta_A,treat,quest,0.1557374902771628,True,2026-09-06T14:21:45Z,https://calmforest.cloud,d7fa8f5f-3fd5-45fb-93c4-16c35e8af6fd,2026-09-13 12:11:05.929000+00:00,2026-09-13 12:46:01.220000+00:00,2095,791,1,True
2026-09-13 12:32:51.157743+00:00,sess-qallrhgm64mtzrw75x,c-3b552f05-ae7f-4f6c-a545-b245292a0149,beta_A,treat,quest,0.1515489551512301,True,2026-09-06T14:21:45Z,https://calmforest.cloud,d7fa8f5f-3fd5-45fb-93c4-16c35e8af6fd,2026-09-13 12:11:05.929000+00:00,2026-09-13 12:46:01.220000+00:00,2095,790,1,True
2026-09-13 12:33:16.058093+00:00,sess-qallrhgm64mtzrw75x,c-3b552f05-ae7f-4f6c-a545-b245292a0149,beta_A,treat,quest,0.17215668816080704,True,2026-09-06T14:21:45Z,https://calmforest.cloud,d7fa8f5f-3fd5-45fb-93c4-16c35e8af6fd,2026-09-13 12:11:05.929000+00:00,2026-09-13 12:46:01.220000+00:00,2095,765,1,True
2026-09-13 12:33:16.914034+00:00,sess-qallrhgm64mtzrw75x,c-3b552f05-ae7f-4f6c-a545-b245292a0149,beta_A,treat,quest,0.14063745194452434,True,2026-09-06T14:21:45Z,https://calmforest.cloud,d7fa8f5f-3fd5-45fb-93c4-16c35e8af6fd,2026-09-13 12:11:05.929000+00:00,2026-09-13 12:46:01.220000+00:00,2095,764,1,True
2026-09-13 12:33:17.080591+00:00,sess-qallrhgm64mtzrw75x,c-3b552f05-ae7f-4f6c-a545-b245292a0149,beta_A,treat,quest,0.13950809563262695,True,2026-09-06T14:21:45Z,https://calmforest.cloud,d7fa8f5f-3fd5-45fb-93c4-16c35e8af6fd,2026-09-13 12:11:05.929000+00:00,2026-09-13 12:46:01.220000+00:00,2095,764,1,True
2026-09-13 12:33:17.511252+00:00,sess-qallrhgm64mtzrw75x,c-3b552f05-ae7f-4f6c-a545-b245292a0149,beta_A,treat,quest,0.13919477117792547,True,2026-09-06T14:21:45Z,https://calmforest.cloud,d7fa8f5f-3fd5-45fb-93c4-16c35e8af6fd,2026-09-13 12:11:05.929000+00:00,2026-09-13 12:46:01.220000+00:00,2095,763,1,True
2026-09-13 12:33:25.081678+00:00,sess-qallrhgm64mtzrw75x,c-3b552f05-ae7f-4f6c-a545-b245292a0149,beta_A,treat,quest,0.05037262885753423,False,2026-09-06T14:21:45Z,https://calmforest.cloud,d7fa8f5f-3fd5-45fb-93c4-16c35e8af6fd,2026-09-13 12:11:05.929000+00:00,2026-09-13 12:46:01.220000+00:00,2095,756,1,False
2026-09-13 12:33:26.780112+00:00,sess-qallrhgm64mtzrw75x,c-3b552f05-ae7f-4f6c-a545-b245292a0149,beta_A,treat,quest,0.0813399438014441,False,2026-09-06T14:21:45Z,https://calmforest.cloud,d7fa8f5f-3fd5-45fb-93c4-16c35e8af6fd,2026-09-13 12:11:05.929000+00:00,2026-09-13 12:46:01.220000+00:00,2095,754,1,False
2026-09-13 12:33:47.832157+00:00,sess-qallrhgm64mtzrw75x,c-3b552f05-ae7f-4f6c-a545-b245292a0149,beta_A,treat,quest,0.08556989401657078,False,2026-09-06T14:21:45Z,https://calmforest.cloud,d7fa8f5f-3fd5-45fb-93c4-16c35e8af6fd,2026-09-13 12:11:05.929000+00:00,2026-09-13 12:46:01.220000+00:00,2095,733,1,False
2026-09-13 12:33:49.452979+00:00,sess-qallrhgm64mtzrw75x,c-3b552f05-ae7f-4f6c-a545-b245292a0149,beta_A,treat,quest,0.13140202887783878,False,2026-09-06T14:21:45Z,https://calmforest.cloud,d7fa8f5f-3fd5-45fb-93c4-16c35e8af6fd,2026-09-13 12:11:05.929000+00:00,2026-09-13 12:46:01.220000+00:00,2095,731,1,False
2026-09-13 12:33:50.483358+00:00,sess-qallrhgm64mtzrw75x,c-3b552f05-ae7f-4f6c-a545-b245292a0149,beta_A,treat,quest,0.16797533634228945,True,2026-09-06T14:21:45Z,https://calmforest.cloud,d7fa8f5f-3fd5-45fb-93c4-16c35e8af6fd,2026-09-13 12:11:05.929000+00:00,2026-09-13 12:46:01.220000+00:00,2095,730,1,True
2026-09-13 12:33:56.043204+00:00,sess-qallrhgm64mtzrw75x,c-3b552f05-ae7f-4f6c-a545-b245292a0149,beta_A,treat,quest,0.16566380253202045,True,2026-09-06T14:21:45Z,https://calmforest.cloud,d7fa8f5f-3fd5-45fb-93c4-16c35e8af6fd,2026-09-13 12:11:05.929000+00:00,2026-09-13 12:46:01.220000+00:00,2095,725,1,True
2026-09-13 12:33:56.769361+00:00,sess-qallrhgm64mtzrw75x,c-3b552f05-ae7f-4f6c-a545-b245292a0149,beta_A,treat,quest,0.15286420635922823,True,2026-09-06T14:21:45Z,https://calmforest.cloud,d7fa8f5f-3fd5-45fb-93c4-16c35e8af6fd,2026-09-13 12:11:05.929000+00:00,2026-09-13 12:46:01.220000+00:00,2095,724,1,True
2026-09-13 12:33:57.769177+00:00,sess-qallrhgm64mtzrw75x,c-3b552f05-ae7f-4f6c-a545-b245292a0149,beta_A,treat,quest,0.14742527629786212,True,2026-09-06T14:21:45Z,https://calmforest.cloud,d7fa8f5f-3fd5-45fb-93c4-16c35e8af6fd,2026-09-13 12:11:05.929000+00:00,2026-09-13 12:46:01.220000+00:00,2095,723,1,True
2026-09-13 12:33:58.433600+00:00,sess-qallrhgm64mtzrw75x,c-3b552f05-ae7f-4f6c-a545-b245292a0149,beta_A,treat,quest,0.15177435903294997,True,2026-09-06T14:21:45Z,https://calmforest.cloud,d7fa8f5f-3fd5-45fb-93c4-16c35e8af6fd,2026-09-13 12:11:05.929000+00:00,2026-09-13 12:46:01.220000+00:00,2095,722,1,True
2026-09-13 12:34:01.945983+00:00,sess-qallrhgm64mtzrw75x,c-3b552f05-ae7f-4f6c-a545-b245292a0149,beta_A,treat,quest,0.1488621690317811,True,2026-09-06T14:21:45Z,https://calmforest.cloud,d7fa8f5f-3fd5-45fb-93c4-16c35e8af6fd,2026-09-13 12:11:05.929000+00:00,2026-09-13 12:46:01.220000+00:00,2095,719,1,True
2026-09-13 12:34:02.483542+00:00,sess-qallrhgm64mtzrw75x,c-3b552f05-ae7f-4f6c-a545-b245292a0149,beta_A,treat,quest,0.15427231857330032,True,2026-09-06T14:21:45Z,https://calmforest.cloud,d7fa8f5f-3fd5-45fb-93c4-16c35e8af6fd,2026-09-13 12:11:05.929000+00:00,2026-09-13 12:46:01.220000+00:00,2095,718,1,True
2026-09-13 12:34:03.059121+00:00,sess-qallrhgm64mtzrw75x,c-3b552f05-ae7f-4f6c-a545-b245292a0149,beta_A,treat,quest,0.15577785235568312,True,2026-09-06T14:21:45Z,https://calmforest.cloud,d7fa8f5f-3fd5-45fb-93c4-16c35e8af6fd,2026-09-13 12:11:05.929000+00:00,2026-09-13 12:46:01.220000+00:00,2095,718,1,True
2026-09-13 12:34:04.209669+00:00,sess-qallrhgm64mtzrw75x,c-3b552f05-ae7f-4f6c-a545-b245292a0149,beta_A,treat,quest,0.16372375074910706,True,2026-09-06T14:21:45Z,https://calmforest.cloud,d7fa8f5f-3fd5-45fb-93c4-16c35e8af6fd,2026-09-13 12:11:05.929000+00:00,2026-09-13 12:46:01.220000+00:00,2095,717,1,True
2026-09-13 12:34:08.206276+00:00,sess-qallrhgm64mtzrw75x,c-3b552f05-ae7f-4f6c-a545-b245292a0149,beta_A,treat,quest,0.17070965439661362,True,2026-09-06T14:21:45Z,https://calmforest.cloud,d7fa8f5f-3fd5-45fb-93c4-16c35e8af6fd,2026-09-13 12:11:05.929000+00:00,2026-09-13 12:46:01.220000+00:00,2095,713,1,True
2026-09-13 12:34:08.663451+00:00,sess-qallrhgm64mtzrw75x,c-3b552f05-ae7f-4f6c-a545-b245292a0149,beta_A,treat,quest,0.1686149512190271,True,2026-09-06T14:21:45Z,https://calmforest.cloud,d7fa8f5f-3fd5-45fb-93c4-16c35e8af6fd,2026-09-13 12:11:05.929000+00:00,2026-09-13 12:46:01.220000+00:00,2095,712,1,True
2026-09-13 12:34:09.538201+00:00,sess-qallrhgm64mtzrw75x,c-3b552f05-ae7f-4f6c-a545-b245292a0149,beta_A,treat,quest,0.1686149512190271,True,2026-09-06T14:21:45Z,https://calmforest.cloud,d7fa8f5f-3fd5-45fb-93c4-16c35e8af6fd,2026-09-13 12:11:05.929000+00:00,2026-09-13 12:46:01.220000+00:00,2095,711,1,True
2026-09-13 12:34:10.821579+00:00,sess-qallrhgm64mtzrw75x,c-3b552f05-ae7f-4f6c-a545-b245292a0149,beta_A,treat,quest,0.1723736650608472,True,2026-09-06T14:21:45Z,https://calmforest.cloud,d7fa8f5f-3fd5-45fb-93c4-16c35e8af6fd,2026-09-13 12:11:05.929000+00:00,2026-09-13 12:46:01.220000+00:00,2095,710,1,True
2026-09-13 12:34:17.378673+00:00,sess-qallrhgm64mtzrw75x,c-3b552f05-ae7f-4f6c-a545-b245292a0149,beta_A,treat,quest,0.17169715248015557,True,2026-09-06T14:21:45Z,https://calmforest.cloud,d7fa8f5f-3fd5-45fb-93c4-16c35e8af6fd,2026-09-13 12:11:05.929000+00:00,2026-09-13 12:46:01.220000+00:00,2095,703,1,True
2026-09-13 12:34:17.890957+00:00,sess-qallrhgm64mtzrw75x,c-3b552f05-ae7f-4f6c-a545-b245292a0149,beta_A,treat,quest,0.16401550368673212,True,2026-09-06T14:21:45Z,https://calmforest.cloud,d7fa8f5f-3fd5-45fb-93c4-16c35e8af6fd,2026-09-13 12:11:05.929000+00:00,2026-09-13 12:46:01.220000+00:00,2095,703,1,True
2026-09-13 12:34:18.305860+00:00,sess-qallrhgm64mtzrw75x,c-3b552f05-ae7f-4f6c-a545-b245292a0149,beta_A,treat,quest,0.16401550368673212,True,2026-09-06T14:21:45Z,https://calmforest.cloud,d7fa8f5f-3fd5-45fb-93c4-16c35e8af6fd,2026-09-13 12:11:05.929000+00:00,2026-09-13 12:46:01.220000+00:00,2095,702,1,True
2026-09-13 12:34:24.641779+00:00,sess-qallrhgm64mtzrw75x,c-3b552f05-ae7f-4f6c-a545-b245292a0149,beta_A,treat,quest,0.16342693862004487,True,2026-09-06T14:21:45Z,https://calmforest.cloud,d7fa8f5f-3fd5-45fb-93c4-16c35e8af6fd,2026-09-13 12:11:05.929000+00:00,2026-09-13 12:46:01.220000+00:00,2095,696,1,True
2026-09-13 12:36:26.675515+00:00,sess-qallrhgm64mtzrw75x,c-3b552f05-ae7f-4f6c-a545-b245292a0149,beta_A,treat,quest,0.1706716359030924,True,2026-09-06T14:21:45Z,https://calmforest.cloud,d7fa8f5f-3fd5-45fb-93c4-16c35e8af6fd,2026-09-13 12:11:05.929000+00:00,2026-09-13 12:46:01.220000+00:00,2095,574,1,True
2026-09-13 12:36:26.936431+00:00,sess-qallrhgm64mtzrw75x,c-3b552f05-ae7f-4f6c-a545-b245292a0149,beta_A,treat,quest,0.15076482123440166,True,2026-09-06T14:21:45Z,https://calmforest.cloud,d7fa8f5f-3fd5-45fb-93c4-16c35e8af6fd,2026-09-13 12:11:05.929000+00:00,2026-09-13 12:46:01.220000+00:00,2095,574,1,True
2026-09-13 12:36:38.520349+00:00,sess-qallrhgm64mtzrw75x,c-3b552f05-ae7f-4f6c-a545-b245292a0149,beta_A,treat,quest,0.12972908730611993,False,2026-09-06T14:21:45Z,https://calmforest.cloud,d7fa8f5f-3fd5-45fb-93c4-16c35e8af6fd,2026-09-13 12:11:05.929000+00:00,2026-09-13 12:46:01.220000+00:00,2095,562,1,False
2026-09-13 12:37:04.330688+00:00,sess-qallrhgm64mtzrw75x,c-3b552f05-ae7f-4f6c-a545-b245292a0149,beta_A,treat,quest,0.1605128955692825,True,2026-09-06T14:21:45Z,https://calmforest.cloud,d7fa8f5f-3fd5-45fb-93c4-16c35e8af6fd,2026-09-13 12:11:05.929000+00:00,2026-09-13 12:46:01.220000+00:00,2095,536,1,True
2026-09-13 12:37:04.883813+00:00,sess-qallrhgm64mtzrw75x,c-3b552f05-ae7f-4f6c-a545-b245292a0149,beta_A,treat,quest,0.1388826594583086,True,2026-09-06T14:21:45Z,https://calmforest.cloud,d7fa8f5f-3fd5-45fb-93c4-16c35e8af6fd,2026-09-13 12:11:05.929000+00:00,2026-09-13 12:46:01.220000+00:00,2095,536,1,True
2026-09-13 12:38:31.271850+00:00,sess-qallrhgm64mtzrw75x,c-3b552f05-ae7f-4f6c-a545-b245292a0149,beta_A,treat,quest,0.11360299103258724,False,2026-09-06T14:21:45Z,https://calmforest.cloud,d7fa8f5f-3fd5-45fb-93c4-16c35e8af6fd,2026-09-13 12:11:05.929000+00:00,2026-09-13 12:46:01.220000+00:00,2095,449,1,False
2026-09-13 14:02:32.669862+00:00,sess-8lrh1ym40mqmtzvuynm,c-8fa178a3-df51-4017-afd8-5ed16f887270,beta_A,treat,time15,0.4546188868773679,True,2026-09-06T14:21:45Z,https://calmforest.cloud,dba0c17e-cf7b-4fbc-be57-0f88d08029da,2026-09-13 14:02:06.709000+00:00,2026-09-13 15:11:13.436000+00:00,4147,4120,1,True
2026-09-13 14:03:10.628682+00:00,sess-8lrh1ym40mqmtzvuynm,c-8fa178a3-df51-4017-afd8-5ed16f887270,beta_A,treat,quest,0.16032351538945125,True,2026-09-06T14:21:45Z,https://calmforest.cloud,dba0c17e-cf7b-4fbc-be57-0f88d08029da,2026-09-13 14:02:06.709000+00:00,2026-09-13 15:11:13.436000+00:00,4147,4082,1,True
2026-09-13 14:03:12.150911+00:00,sess-8lrh1ym40mqmtzvuynm,c-8fa178a3-df51-4017-afd8-5ed16f887270,beta_A,treat,quest,0.16143824684516356,True,2026-09-06T14:21:45Z,https://calmforest.cloud,dba0c17e-cf7b-4fbc-be57-0f88d08029da,2026-09-13 14:02:06.709000+00:00,2026-09-13 15:11:13.436000+00:00,4147,4081,1,True
2026-09-13 14:03:30.553251+00:00,sess-8lrh1ym40mqmtzvuynm,c-8fa178a3-df51-4017-afd8-5ed16f887270,beta_A,treat,quest,0.1329514718315104,False,2026-09-06T14:21:45Z,https://calmforest.cloud,dba0c17e-cf7b-4fbc-be57-0f88d08029da,2026-09-13 14:02:06.709000+00:00,2026-09-13 15:11:13.436000+00:00,4147,4062,1,False
2026-09-13 14:03:31.480814+00:00,sess-8lrh1ym40mqmtzvuynm,c-8fa178a3-df51-4017-afd8-5ed16f887270,beta_A,treat,quest,0.14428348232148766,True,2026-09-06T14:21:45Z,https://calmforest.cloud,dba0c17e-cf7b-4fbc-be57-0f88d08029da,2026-09-13 14:02:06.709000+00:00,2026-09-13 15:11:13.436000+00:00,4147,4061,1,True
2026-09-13 14:03:45.761588+00:00,sess-8lrh1ym40mqmtzvuynm,c-8fa178a3-df51-4017-afd8-5ed16f887270,beta_A,treat,quest,0.17178862874278022,True,2026-09-06T14:21:45Z,https://calmforest.cloud,dba0c17e-cf7b-4fbc-be57-0f88d08029da,2026-09-13 14:02:06.709000+00:00,2026-09-13 15:11:13.436000+00:00,4147,4047,1,True
2026-09-13 14:03:46.037787+00:00,sess-8lrh1ym40mqmtzvuynm,c-8fa178a3-df51-4017-afd8-5ed16f887270,beta_A,treat,quest,0.17178862874278022,True,2026-09-06T14:21:45Z,https://calmforest.cloud,dba0c17e-cf7b-4fbc-be57-0f88d08029da,2026-09-13 14:02:06.709000+00:00,2026-09-13 15:11:13.436000+00:00,4147,4047,1,True
2026-09-13 14:03:46.907032+00:00,sess-8lrh1ym40mqmtzvuynm,c-8fa178a3-df51-4017-afd8-5ed16f887270,beta_A,treat,quest,0.16346971115545988,True,2026-09-06T14:21:45Z,https://calmforest.cloud,dba0c17e-cf7b-4fbc-be57-0f88d08029da,2026-09-13 14:02:06.709000+00:00,2026-09-13 15:11:13.436000+00:00,4147,4046,1,True
2026-09-13 14:05:35.260894+00:00,sess-8lrh1ym40mqmtzvuynm,c-8fa178a3-df51-4017-afd8-5ed16f887270,beta_A,treat,quest,0.1756099869352285,True,2026-09-06T14:21:45Z,https://calmforest.cloud,dba0c17e-cf7b-4fbc-be57-0f88d08029da,2026-09-13 14:02:06.709000+00:00,2026-09-13 15:11:13.436000+00:00,4147,3938,1,True
2026-09-13 14:05:36.597873+00:00,sess-8lrh1ym40mqmtzvuynm,c-8fa178a3-df51-4017-afd8-5ed16f887270,beta_A,treat,quest,0.17941527265000615,True,2026-09-06T14:21:45Z,https://calmforest.cloud,dba0c17e-cf7b-4fbc-be57-0f88d08029da,2026-09-13 14:02:06.709000+00:00,2026-09-13 15:11:13.436000+00:00,4147,3936,1,True
2026-09-13 14:06:29.334840+00:00,sess-8lrh1ym40mqmtzvuynm,c-8fa178a3-df51-4017-afd8-5ed16f887270,beta_A,treat,quest,0.14021188925523947,True,2026-09-06T14:21:45Z,https://calmforest.cloud,dba0c17e-cf7b-4fbc-be57-0f88d08029da,2026-09-13 14:02:06.709000+00:00,2026-09-13 15:11:13.436000+00:00,4147,3884,1,True
2026-09-13 14:06:30.962399+00:00,sess-8lrh1ym40mqmtzvuynm,c-8fa178a3-df51-4017-afd8-5ed16f887270,beta_A,treat,quest,0.10633717777945176,False,2026-09-06T14:21:45Z,https://calmforest.cloud,dba0c17e-cf7b-4fbc-be57-0f88d08029da,2026-09-13 14:02:06.709000+00:00,2026-09-13 15:11:13.436000+00:00,4147,3882,1,False
2026-09-13 14:06:34.223378+00:00,sess-8lrh1ym40mqmtzvuynm,c-8fa178a3-df51-4017-afd8-5ed16f887270,beta_A,treat,quest,0.17118392351683476,True,2026-09-06T14:21:45Z,https://calmforest.cloud,dba0c17e-cf7b-4fbc-be57-0f88d08029da,2026-09-13 14:02:06.709000+00:00,2026-09-13 15:11:13.436000+00:00,4147,3879,1,True
2026-09-13 14:06:35.141841+00:00,sess-8lrh1ym40mqmtzvuynm,c-8fa178a3-df51-4017-afd8-5ed16f887270,beta_A,treat,quest,0.17105474651146935,True,2026-09-06T14:21:45Z,https://calmforest.cloud,dba0c17e-cf7b-4fbc-be57-0f88d08029da,2026-09-13 14:02:06.709000+00:00,2026-09-13 15:11:13.436000+00:00,4147,3878,1,True
2026-09-13 14:06:37.844070+00:00,sess-8lrh1ym40mqmtzvuynm,c-8fa178a3-df51-4017-afd8-5ed16f887270,beta_A,treat,quest,0.1709037795039048,True,2026-09-06T14:21:45Z,https://calmforest.cloud,dba0c17e-cf7b-4fbc-be57-0f88d08029da,2026-09-13 14:02:06.709000+00:00,2026-09-13 15:11:13.436000+00:00,4147,3875,1,True
2026-09-13 14:06:39.091053+00:00,sess-8lrh1ym40mqmtzvuynm,c-8fa178a3-df51-4017-afd8-5ed16f887270,beta_A,treat,quest,0.16654557177506166,True,2026-09-06T14:21:45Z,https://calmforest.cloud,dba0c17e-cf7b-4fbc-be57-0f88d08029da,2026-09-13 14:02:06.709000+00:00,2026-09-13 15:11:13.436000+00:00,4147,3874,1,True
2026-09-13 14:06:54.797842+00:00,sess-8lrh1ym40mqmtzvuynm,c-8fa178a3-df51-4017-afd8-5ed16f887270,beta_A,treat,quest,0.1704667213836766,True,2026-09-06T14:21:45Z,https://calmforest.cloud,dba0c17e-cf7b-4fbc-be57-0f88d08029da,2026-09-13 14:02:06.709000+00:00,2026-09-13 15:11:13.436000+00:00,4147,3858,1,True
2026-09-13 14:06:55.575897+00:00,sess-8lrh1ym40mqmtzvuynm,c-8fa178a3-df51-4017-afd8-5ed16f887270,beta_A,treat,quest,0.15628457948561053,True,2026-09-06T14:21:45Z,https://calmforest.cloud,dba0c17e-cf7b-4fbc-be57-0f88d08029da,2026-09-13 14:02:06.709000+00:00,2026-09-13 15:11:13.436000+00:00,4147,3857,1,True
2026-09-13 14:06:56.466506+00:00,sess-8lrh1ym40mqmtzvuynm,c-8fa178a3-df51-4017-afd8-5ed16f887270,beta_A,treat,quest,0.14483226408434843,True,2026-09-06T14:21:45Z,https://calmforest.cloud,dba0c17e-cf7b-4fbc-be57-0f88d08029da,2026-09-13 14:02:06.709000+00:00,2026-09-13 15:11:13.436000+00:00,4147,3856,1,True
2026-09-13 14:06:57.629026+00:00,sess-8lrh1ym40mqmtzvuynm,c-8fa178a3-df51-4017-afd8-5ed16f887270,beta_A,treat,quest,0.1437765462103966,True,2026-09-06T14:21:45Z,https://calmforest.cloud,dba0c17e-cf7b-4fbc-be57-0f88d08029da,2026-09-13 14:02:06.709000+00:00,2026-09-13 15:11:13.436000+00:00,4147,3855,1,True
2026-09-13 14:07:05.668400+00:00,sess-8lrh1ym40mqmtzvuynm,c-8fa178a3-df51-4017-afd8-5ed16f887270,beta_A,treat,quest,0.17171816330149786,True,2026-09-06T14:21:45Z,https://calmforest.cloud,dba0c17e-cf7b-4fbc-be57-0f88d08029da,2026-09-13 14:02:06.709000+00:00,2026-09-13 15:11:13.436000+00:00,4147,3847,1,True
2026-09-13 14:07:15.211420+00:00,sess-8lrh1ym40mqmtzvuynm,c-8fa178a3-df51-4017-afd8-5ed16f887270,beta_A,treat,quest,0.17172011322805153,True,2026-09-06T14:21:45Z,https://calmforest.cloud,dba0c17e-cf7b-4fbc-be57-0f88d08029da,2026-09-13 14:02:06.709000+00:00,2026-09-13 15:11:13.436000+00:00,4147,3838,1,True
2026-09-13 14:07:16.292696+00:00,sess-8lrh1ym40mqmtzvuynm,c-8fa178a3-df51-4017-afd8-5ed16f887270,beta_A,treat,quest,0.16809058821568218,True,2026-09-06T14:21:45Z,https://calmforest.cloud,dba0c17e-cf7b-4fbc-be57-0f88d08029da,2026-09-13 14:02:06.709000+00:00,2026-09-13 15:11:13.436000+00:00,4147,3837,1,True
2026-09-13 14:07:56.226219+00:00,sess-8lrh1ym40mqmtzvuynm,c-8fa178a3-df51-4017-afd8-5ed16f887270,beta_A,treat,quest,0.25581492325673383,True,2026-09-06T14:21:45Z,https://calmforest.cloud,dba0c17e-cf7b-4fbc-be57-0f88d08029da,2026-09-13 14:02:06.709000+00:00,2026-09-13 15:11:13.436000+00:00,4147,3797,1,True
2026-09-13 14:08:02.717111+00:00,sess-8lrh1ym40mqmtzvuynm,c-8fa178a3-df51-4017-afd8-5ed16f887270,beta_A,treat,quest,0.1702400484961761,True,2026-09-06T14:21:45Z,https://calmforest.cloud,dba0c17e-cf7b-4fbc-be57-0f88d08029da,2026-09-13 14:02:06.709000+00:00,2026-09-13 15:11:13.436000+00:00,4147,3790,1,True
2026-09-13 14:08:03.580138+00:00,sess-8lrh1ym40mqmtzvuynm,c-8fa178a3-df51-4017-afd8-5ed16f887270,beta_A,treat,quest,0.17321858514309585,True,2026-09-06T14:21:45Z,https://calmforest.cloud,dba0c17e-cf7b-4fbc-be57-0f88d08029da,2026-09-13 14:02:06.709000+00:00,2026-09-13 15:11:13.436000+00:00,4147,3789,1,True
2026-09-13 14:08:06.290468+00:00,sess-8lrh1ym40mqmtzvuynm,c-8fa178a3-df51-4017-afd8-5ed16f887270,beta_A,treat,quest,0.17082905628711478,True,2026-09-06T14:21:45Z,https://calmforest.cloud,dba0c17e-cf7b-4fbc-be57-0f88d08029da,2026-09-13 14:02:06.709000+00:00,2026-09-13 15:11:13.436000+00:00,4147,3787,1,True
2026-09-13 14:08:07.133449+00:00,sess-8lrh1ym40mqmtzvuynm,c-8fa178a3-df51-4017-afd8-5ed16f887270,beta_A,treat,quest,0.17071182619092545,True,2026-09-06T14:21:45Z,https://calmforest.cloud,dba0c17e-cf7b-4fbc-be57-0f88d08029da,2026-09-13 14:02:06.709000+00:00,2026-09-13 15:11:13.436000+00:00,4147,3786,1,True
2026-09-13 14:09:18.282840+00:00,sess-8lrh1ym40mqmtzvuynm,c-8fa178a3-df51-4017-afd8-5ed16f887270,beta_A,treat,quest,0.17150301842527743,True,2026-09-06T14:21:45Z,https://calmforest.cloud,dba0c17e-cf7b-4fbc-be57-0f88d08029da,2026-09-13 14:02:06.709000+00:00,2026-09-13 15:11:13.436000+00:00,4147,3715,1,True
2026-09-13 14:09:27.201565+00:00,sess-8lrh1ym40mqmtzvuynm,c-8fa178a3-df51-4017-afd8-5ed16f887270,beta_A,treat,quest,0.17179663573419024,True,2026-09-06T14:21:45Z,https://calmforest.cloud,dba0c17e-cf7b-4fbc-be57-0f88d08029da,2026-09-13 14:02:06.709000+00:00,2026-09-13 15:11:13.436000+00:00,4147,3706,1,True
2026-09-13 14:09:28.636535+00:00,sess-8lrh1ym40mqmtzvuynm,c-8fa178a3-df51-4017-afd8-5ed16f887270,beta_A,treat,quest,0.17065234768226836,True,2026-09-06T14:21:45Z,https://calmforest.cloud,dba0c17e-cf7b-4fbc-be57-0f88d08029da,2026-09-13 14:02:06.709000+00:00,2026-09-13 15:11:13.436000+00:00,4147,3704,1,True
2026-09-13 14:09:29.488380+00:00,sess-8lrh1ym40mqmtzvuynm,c-8fa178a3-df51-4017-afd8-5ed16f887270,beta_A,treat,quest,0.17065234768226836,True,2026-09-06T14:21:45Z,https://calmforest.cloud,dba0c17e-cf7b-4fbc-be57-0f88d08029da,2026-09-13 14:02:06.709000+00:00,2026-09-13 15:11:13.436000+00:00,4147,3703,1,True
2026-09-13 14:09:43.871452+00:00,sess-8lrh1ym40mqmtzvuynm,c-8fa178a3-df51-4017-afd8-5ed16f887270,beta_A,treat,quest,0.1708985067481582,True,2026-09-06T14:21:45Z,https://calmforest.cloud,dba0c17e-cf7b-4fbc-be57-0f88d08029da,2026-09-13 14:02:06.709000+00:00,2026-09-13 15:11:13.436000+00:00,4147,3689,1,True
2026-09-13 14:09:46.183347+00:00,sess-8lrh1ym40mqmtzvuynm,c-8fa178a3-df51-4017-afd8-5ed16f887270,beta_A,treat,quest,0.16203562585498382,True,2026-09-06T14:21:45Z,https://calmforest.cloud,dba0c17e-cf7b-4fbc-be57-0f88d08029da,2026-09-13 14:02:06.709000+00:00,2026-09-13 15:11:13.436000+00:00,4147,3687,1,True
2026-09-13 14:09:56.456518+00:00,sess-8lrh1ym40mqmtzvuynm,c-8fa178a3-df51-4017-afd8-5ed16f887270,beta_A,treat,quest,0.16533157449480276,True,2026-09-06T14:21:45Z,https://calmforest.cloud,dba0c17e-cf7b-4fbc-be57-0f88d08029da,2026-09-13 14:02:06.709000+00:00,2026-09-13 15:11:13.436000+00:00,4147,3676,1,True
2026-09-13 14:09:57.800308+00:00,sess-8lrh1ym40mqmtzvuynm,c-8fa178a3-df51-4017-afd8-5ed16f887270,beta_A,treat,quest,0.1455199847091809,True,2026-09-06T14:21:45Z,https://calmforest.cloud,dba0c17e-cf7b-4fbc-be57-0f88d08029da,2026-09-13 14:02:06.709000+00:00,2026-09-13 15:11:13.436000+00:00,4147,3675,1,True
2026-09-13 14:10:05.790098+00:00,sess-8lrh1ym40mqmtzvuynm,c-8fa178a3-df51-4017-afd8-5ed16f887270,beta_A,treat,quest,0.10609015669330886,False,2026-09-06T14:21:45Z,https://calmforest.cloud,dba0c17e-cf7b-4fbc-be57-0f88d08029da,2026-09-13 14:02:06.709000+00:00,2026-09-13 15:11:13.436000+00:00,4147,3667,1,False
2026-09-13 14:10:06.223940+00:00,sess-8lrh1ym40mqmtzvuynm,c-8fa178a3-df51-4017-afd8-5ed16f887270,beta_A,treat,quest,0.08277137275418205,False,2026-09-06T14:21:45Z,https://calmforest.cloud,dba0c17e-cf7b-4fbc-be57-0f88d08029da,2026-09-13 14:02:06.709000+00:00,2026-09-13 15:11:13.436000+00:00,4147,3667,1,False
2026-09-13 14:10:57.262398+00:00,sess-8lrh1ym40mqmtzvuynm,c-8fa178a3-df51-4017-afd8-5ed16f887270,beta_A,treat,quest,0.17152057896733516,True,2026-09-06T14:21:45Z,https://calmforest.cloud,dba0c17e-cf7b-4fbc-be57-0f88d08029da,2026-09-13 14:02:06.709000+00:00,2026-09-13 15:11:13.436000+00:00,4147,3616,1,True
2026-09-13 14:10:57.530126+00:00,sess-8lrh1ym40mqmtzvuynm,c-8fa178a3-df51-4017-afd8-5ed16f887270,beta_A,treat,quest,0.15523664062789042,True,2026-09-06T14:21:45Z,https://calmforest.cloud,dba0c17e-cf7b-4fbc-be57-0f88d08029da,2026-09-13 14:02:06.709000+00:00,2026-09-13 15:11:13.436000+00:00,4147,3615,1,True
2026-09-13 14:11:17.771469+00:00,sess-8lrh1ym40mqmtzvuynm,c-8fa178a3-df51-4017-afd8-5ed16f887270,beta_A,treat,quest,0.17634690439500159,True,2026-09-06T14:21:45Z,https://calmforest.cloud,dba0c17e-cf7b-4fbc-be57-0f88d08029da,2026-09-13 14:02:06.709000+00:00,2026-09-13 15:11:13.436000+00:00,4147,3595,1,True
2026-09-13 14:11:19.029935+00:00,sess-8lrh1ym40mqmtzvuynm,c-8fa178a3-df51-4017-afd8-5ed16f887270,beta_A,treat,quest,0.168562602837872,True,2026-09-06T14:21:45Z,https://calmforest.cloud,dba0c17e-cf7b-4fbc-be57-0f88d08029da,2026-09-13 14:02:06.709000+00:00,2026-09-13 15:11:13.436000+00:00,4147,3594,1,True
2026-09-13 14:12:45.099492+00:00,sess-hl0mn2jtlmhmtzw87k8,c-6c0f3dda-eb43-42ac-8324-ec1895c78ee4,beta_A,control,time15,0.4123744819149464,False,2026-09-06T14:21:45Z,https://calmforest.cloud,d7fa8f5f-3fd5-45fb-93c4-16c35e8af6fd,2026-09-13 14:12:24.799000+00:00,2026-09-13 14:12:56.812000+00:00,32,11,0,False
2026-09-13 14:12:46.768029+00:00,sess-8lrh1ym40mqmtzvuynm,c-8fa178a3-df51-4017-afd8-5ed16f887270,beta_A,treat,quest,0.17216707739422019,True,2026-09-06T14:21:45Z,https://calmforest.cloud,dba0c17e-cf7b-4fbc-be57-0f88d08029da,2026-09-13 14:02:06.709000+00:00,2026-09-13 15:11:13.436000+00:00,4147,3506,1,True
2026-09-13 14:12:48.011888+00:00,sess-8lrh1ym40mqmtzvuynm,c-8fa178a3-df51-4017-afd8-5ed16f887270,beta_A,treat,quest,0.06868898955013962,False,2026-09-06T14:21:45Z,https://calmforest.cloud,dba0c17e-cf7b-4fbc-be57-0f88d08029da,2026-09-13 14:02:06.709000+00:00,2026-09-13 15:11:13.436000+00:00,4147,3505,1,False
2026-09-13 14:13:05.039127+00:00,sess-8lrh1ym40mqmtzvuynm,c-8fa178a3-df51-4017-afd8-5ed16f887270,beta_A,treat,quest,0.0444851064017423,False,2026-09-06T14:21:45Z,https://calmforest.cloud,dba0c17e-cf7b-4fbc-be57-0f88d08029da,2026-09-13 14:02:06.709000+00:00,2026-09-13 15:11:13.436000+00:00,4147,3488,1,False
2026-09-13 14:14:00.090710+00:00,sess-8lrh1ym40mqmtzvuynm,c-8fa178a3-df51-4017-afd8-5ed16f887270,beta_A,treat,quest,0.17009677850886107,True,2026-09-06T14:21:45Z,https://calmforest.cloud,dba0c17e-cf7b-4fbc-be57-0f88d08029da,2026-09-13 14:02:06.709000+00:00,2026-09-13 15:11:13.436000+00:00,4147,3433,1,True
2026-09-13 14:14:00.558463+00:00,sess-8lrh1ym40mqmtzvuynm,c-8fa178a3-df51-4017-afd8-5ed16f887270,beta_A,treat,quest,0.16843024344272656,True,2026-09-06T14:21:45Z,https://calmforest.cloud,dba0c17e-cf7b-4fbc-be57-0f88d08029da,2026-09-13 14:02:06.709000+00:00,2026-09-13 15:11:13.436000+00:00,4147,3432,1,True
2026-09-13 14:14:01.851236+00:00,sess-8lrh1ym40mqmtzvuynm,c-8fa178a3-df51-4017-afd8-5ed16f887270,beta_A,treat,quest,0.1660121256742637,True,2026-09-06T14:21:45Z,https://calmforest.cloud,dba0c17e-cf7b-4fbc-be57-0f88d08029da,2026-09-13 14:02:06.709000+00:00,2026-09-13 15:11:13.436000+00:00,4147,3431,1,True
2026-09-13 14:14:02.736304+00:00,sess-8lrh1ym40mqmtzvuynm,c-8fa178a3-df51-4017-afd8-5ed16f887270,beta_A,treat,quest,0.16489848192387027,True,2026-09-06T14:21:45Z,https://calmforest.cloud,dba0c17e-cf7b-4fbc-be57-0f88d08029da,2026-09-13 14:02:06.709000+00:00,2026-09-13 15:11:13.436000+00:00,4147,3430,1,True
2026-09-14 01:10:29.613920+00:00,sess-9uvx9dkt33qmu0jpbtp,c-530d5746-aad0-4dd7-b3f4-50abb3ad39a5,beta_B,control,quest,0.07023309824975697,False,2026-09-13T19:00:08Z,https://calmforest.cloud,e9e102ad-dc26-4d4f-9aab-0c8b2df0e925,2026-09-14 01:09:34.628000+00:00,2026-09-14 01:26:15.660000+00:00,1001,946,1,False
2026-09-14 01:10:31.483864+00:00,sess-9uvx9dkt33qmu0jpbtp,c-530d5746-aad0-4dd7-b3f4-50abb3ad39a5,beta_B,control,quest,0.07033703298337679,False,2026-09-13T19:00:08Z,https://calmforest.cloud,e9e102ad-dc26-4d4f-9aab-0c8b2df0e925,2026-09-14 01:09:34.628000+00:00,2026-09-14 01:26:15.660000+00:00,1001,944,1,False
2026-09-14 01:10:40.355618+00:00,sess-9uvx9dkt33qmu0jpbtp,c-530d5746-aad0-4dd7-b3f4-50abb3ad39a5,beta_B,control,quest,0.09347128649595324,False,2026-09-13T19:00:08Z,https://calmforest.cloud,e9e102ad-dc26-4d4f-9aab-0c8b2df0e925,2026-09-14 01:09:34.628000+00:00,2026-09-14 01:26:15.660000+00:00,1001,935,1,False
2026-09-14 01:10:42.761564+00:00,sess-9uvx9dkt33qmu0jpbtp,c-530d5746-aad0-4dd7-b3f4-50abb3ad39a5,beta_B,control,quest,0.09347128649595324,False,2026-09-13T19:00:08Z,https://calmforest.cloud,e9e102ad-dc26-4d4f-9aab-0c8b2df0e925,2026-09-14 01:09:34.628000+00:00,2026-09-14 01:26:15.660000+00:00,1001,932,1,False
2026-09-14 01:10:44.861645+00:00,sess-9uvx9dkt33qmu0jpbtp,c-530d5746-aad0-4dd7-b3f4-50abb3ad39a5,beta_B,control,quest,0.09347128649595324,False,2026-09-13T19:00:08Z,https://calmforest.cloud,e9e102ad-dc26-4d4f-9aab-0c8b2df0e925,2026-09-14 01:09:34.628000+00:00,2026-09-14 01:26:15.660000+00:00,1001,930,1,False
2026-09-14 01:10:47.815709+00:00,sess-9uvx9dkt33qmu0jpbtp,c-530d5746-aad0-4dd7-b3f4-50abb3ad39a5,beta_B,control,quest,0.09417822968919301,False,2026-09-13T19:00:08Z,https://calmforest.cloud,e9e102ad-dc26-4d4f-9aab-0c8b2df0e925,2026-09-14 01:09:34.628000+00:00,2026-09-14 01:26:15.660000+00:00,1001,927,1,False
2026-09-14 01:10:50.662259+00:00,sess-9uvx9dkt33qmu0jpbtp,c-530d5746-aad0-4dd7-b3f4-50abb3ad39a5,beta_B,control,quest,0.08763551004487541,False,2026-09-13T19:00:08Z,https://calmforest.cloud,e9e102ad-dc26-4d4f-9aab-0c8b2df0e925,2026-09-14 01:09:34.628000+00:00,2026-09-14 01:26:15.660000+00:00,1001,924,1,False
2026-09-14 01:10:54.445867+00:00,sess-9uvx9dkt33qmu0jpbtp,c-530d5746-aad0-4dd7-b3f4-50abb3ad39a5,beta_B,control,quest,0.09414914267932273,False,2026-09-13T19:00:08Z,https://calmforest.cloud,e9e102ad-dc26-4d4f-9aab-0c8b2df0e925,2026-09-14 01:09:34.628000+00:00,2026-09-14 01:26:15.660000+00:00,1001,921,1,False
2026-09-14 01:10:56.075005+00:00,sess-20cyhkcnpzbmu0jqxni,c-6c0f3dda-eb43-42ac-8324-ec1895c78ee4,beta_A,treat,quest,0.061543951242987845,False,2026-09-13T19:00:08Z,https://calmforest.cloud,d7fa8f5f-3fd5-45fb-93c4-16c35e8af6fd,2026-09-14 01:10:49.569000+00:00,2026-09-14 01:22:54.321000+00:00,725,718,1,False
2026-09-14 01:10:56.406076+00:00,sess-20cyhkcnpzbmu0jqxni,c-6c0f3dda-eb43-42ac-8324-ec1895c78ee4,beta_A,treat,quest,0.06132186879205547,False,2026-09-13T19:00:08Z,https://calmforest.cloud,d7fa8f5f-3fd5-45fb-93c4-16c35e8af6fd,2026-09-14 01:10:49.569000+00:00,2026-09-14 01:22:54.321000+00:00,725,717,1,False
2026-09-14 01:10:57.582835+00:00,sess-9uvx9dkt33qmu0jpbtp,c-530d5746-aad0-4dd7-b3f4-50abb3ad39a5,beta_B,control,quest,0.08132715391984173,False,2026-09-13T19:00:08Z,https://calmforest.cloud,e9e102ad-dc26-4d4f-9aab-0c8b2df0e925,2026-09-14 01:09:34.628000+00:00,2026-09-14 01:26:15.660000+00:00,1001,918,1,False
2026-09-14 01:10:58.643003+00:00,sess-20cyhkcnpzbmu0jqxni,c-6c0f3dda-eb43-42ac-8324-ec1895c78ee4,beta_A,treat,quest,0.09428853263402999,False,2026-09-13T19:00:08Z,https://calmforest.cloud,d7fa8f5f-3fd5-45fb-93c4-16c35e8af6fd,2026-09-14 01:10:49.569000+00:00,2026-09-14 01:22:54.321000+00:00,725,715,1,False
2026-09-14 01:10:59.741428+00:00,sess-20cyhkcnpzbmu0jqxni,c-6c0f3dda-eb43-42ac-8324-ec1895c78ee4,beta_A,treat,quest,0.07579348937079271,False,2026-09-13T19:00:08Z,https://calmforest.cloud,d7fa8f5f-3fd5-45fb-93c4-16c35e8af6fd,2026-09-14 01:10:49.569000+00:00,2026-09-14 01:22:54.321000+00:00,725,714,1,False
2026-09-14 01:11:04.090535+00:00,sess-20cyhkcnpzbmu0jqxni,c-6c0f3dda-eb43-42ac-8324-ec1895c78ee4,beta_A,treat,time15,0.34940287003843945,False,2026-09-13T19:00:08Z,https://calmforest.cloud,d7fa8f5f-3fd5-45fb-93c4-16c35e8af6fd,2026-09-14 01:10:49.569000+00:00,2026-09-14 01:22:54.321000+00:00,725,710,1,False
2026-09-14 01:11:06.047748+00:00,sess-9uvx9dkt33qmu0jpbtp,c-530d5746-aad0-4dd7-b3f4-50abb3ad39a5,beta_B,control,quest,0.09398831725914322,False,2026-09-13T19:00:08Z,https://calmforest.cloud,e9e102ad-dc26-4d4f-9aab-0c8b2df0e925,2026-09-14 01:09:34.628000+00:00,2026-09-14 01:26:15.660000+00:00,1001,909,1,False
2026-09-14 01:11:10.350273+00:00,sess-9uvx9dkt33qmu0jpbtp,c-530d5746-aad0-4dd7-b3f4-50abb3ad39a5,beta_B,control,quest,0.0753824718396635,False,2026-09-13T19:00:08Z,https://calmforest.cloud,e9e102ad-dc26-4d4f-9aab-0c8b2df0e925,2026-09-14 01:09:34.628000+00:00,2026-09-14 01:26:15.660000+00:00,1001,905,1,False
2026-09-14 01:11:11.441205+00:00,sess-9uvx9dkt33qmu0jpbtp,c-530d5746-aad0-4dd7-b3f4-50abb3ad39a5,beta_B,control,quest,0.0753824718396635,False,2026-09-13T19:00:08Z,https://calmforest.cloud,e9e102ad-dc26-4d4f-9aab-0c8b2df0e925,2026-09-14 01:09:34.628000+00:00,2026-09-14 01:26:15.660000+00:00,1001,904,1,False
2026-09-14 01:11:13.337753+00:00,sess-9uvx9dkt33qmu0jpbtp,c-530d5746-aad0-4dd7-b3f4-50abb3ad39a5,beta_B,control,quest,0.060249251326925164,False,2026-09-13T19:00:08Z,https://calmforest.cloud,e9e102ad-dc26-4d4f-9aab-0c8b2df0e925,2026-09-14 01:09:34.628000+00:00,2026-09-14 01:26:15.660000+00:00,1001,902,1,False
2026-09-14 01:11:13.954699+00:00,sess-9uvx9dkt33qmu0jpbtp,c-530d5746-aad0-4dd7-b3f4-50abb3ad39a5,beta_B,control,quest,0.060249251326925164,False,2026-09-13T19:00:08Z,https://calmforest.cloud,e9e102ad-dc26-4d4f-9aab-0c8b2df0e925,2026-09-14 01:09:34.628000+00:00,2026-09-14 01:26:15.660000+00:00,1001,901,1,False
2026-09-14 01:11:15.764870+00:00,sess-9uvx9dkt33qmu0jpbtp,c-530d5746-aad0-4dd7-b3f4-50abb3ad39a5,beta_B,control,quest,0.055791415953364426,False,2026-09-13T19:00:08Z,https://calmforest.cloud,e9e102ad-dc26-4d4f-9aab-0c8b2df0e925,2026-09-14 01:09:34.628000+00:00,2026-09-14 01:26:15.660000+00:00,1001,899,1,False
2026-09-14 01:11:16.267993+00:00,sess-9uvx9dkt33qmu0jpbtp,c-530d5746-aad0-4dd7-b3f4-50abb3ad39a5,beta_B,control,quest,0.055791415953364426,False,2026-09-13T19:00:08Z,https://calmforest.cloud,e9e102ad-dc26-4d4f-9aab-0c8b2df0e925,2026-09-14 01:09:34.628000+00:00,2026-09-14 01:26:15.660000+00:00,1001,899,1,False
2026-09-14 01:11:17.241659+00:00,sess-9uvx9dkt33qmu0jpbtp,c-530d5746-aad0-4dd7-b3f4-50abb3ad39a5,beta_B,control,quest,0.05188685069479081,False,2026-09-13T19:00:08Z,https://calmforest.cloud,e9e102ad-dc26-4d4f-9aab-0c8b2df0e925,2026-09-14 01:09:34.628000+00:00,2026-09-14 01:26:15.660000+00:00,1001,898,1,False
2026-09-14 01:11:17.835612+00:00,sess-refxfm3b83mu0jr5xr,c-9bc15435-eaca-4508-8743-6f7076b4c2ae,beta_A,control,time15,0.21972051139777588,False,2026-09-13T19:00:08Z,https://calmforest.cloud,e449a249-1fea-49e0-9cda-615810f132ca,2026-09-14 01:11:00.314000+00:00,2026-09-14 01:50:05.203000+00:00,2345,2327,1,False
2026-09-14 01:11:18.165844+00:00,sess-9uvx9dkt33qmu0jpbtp,c-530d5746-aad0-4dd7-b3f4-50abb3ad39a5,beta_B,control,quest,0.048109308678321736,False,2026-09-13T19:00:08Z,https://calmforest.cloud,e9e102ad-dc26-4d4f-9aab-0c8b2df0e925,2026-09-14 01:09:34.628000+00:00,2026-09-14 01:26:15.660000+00:00,1001,897,1,False
2026-09-14 01:11:19.014712+00:00,sess-9uvx9dkt33qmu0jpbtp,c-530d5746-aad0-4dd7-b3f4-50abb3ad39a5,beta_B,control,quest,0.04811064388917944,False,2026-09-13T19:00:08Z,https://calmforest.cloud,e9e102ad-dc26-4d4f-9aab-0c8b2df0e925,2026-09-14 01:09:34.628000+00:00,2026-09-14 01:26:15.660000+00:00,1001,896,1,False
2026-09-14 01:11:19.483034+00:00,sess-9uvx9dkt33qmu0jpbtp,c-530d5746-aad0-4dd7-b3f4-50abb3ad39a5,beta_B,control,quest,0.04811064388917944,False,2026-09-13T19:00:08Z,https://calmforest.cloud,e9e102ad-dc26-4d4f-9aab-0c8b2df0e925,2026-09-14 01:09:34.628000+00:00,2026-09-14 01:26:15.660000+00:00,1001,896,1,False
2026-09-14 01:11:20.260662+00:00,sess-9uvx9dkt33qmu0jpbtp,c-530d5746-aad0-4dd7-b3f4-50abb3ad39a5,beta_B,control,quest,0.04812283678349592,False,2026-09-13T19:00:08Z,https://calmforest.cloud,e9e102ad-dc26-4d4f-9aab-0c8b2df0e925,2026-09-14 01:09:34.628000+00:00,2026-09-14 01:26:15.660000+00:00,1001,895,1,False
2026-09-14 01:11:20.758489+00:00,sess-9uvx9dkt33qmu0jpbtp,c-530d5746-aad0-4dd7-b3f4-50abb3ad39a5,beta_B,control,quest,0.04812283678349592,False,2026-09-13T19:00:08Z,https://calmforest.cloud,e9e102ad-dc26-4d4f-9aab-0c8b2df0e925,2026-09-14 01:09:34.628000+00:00,2026-09-14 01:26:15.660000+00:00,1001,894,1,False
2026-09-14 01:11:25.567134+00:00,sess-20cyhkcnpzbmu0jqxni,c-6c0f3dda-eb43-42ac-8324-ec1895c78ee4,beta_A,treat,quest,0.09424176227633621,False,2026-09-13T19:00:08Z,https://calmforest.cloud,d7fa8f5f-3fd5-45fb-93c4-16c35e8af6fd,2026-09-14 01:10:49.569000+00:00,2026-09-14 01:22:54.321000+00:00,725,688,1,False
2026-09-14 01:11:25.853018+00:00,sess-20cyhkcnpzbmu0jqxni,c-6c0f3dda-eb43-42ac-8324-ec1895c78ee4,beta_A,treat,quest,0.09426663036524284,False,2026-09-13T19:00:08Z,https://calmforest.cloud,d7fa8f5f-3fd5-45fb-93c4-16c35e8af6fd,2026-09-14 01:10:49.569000+00:00,2026-09-14 01:22:54.321000+00:00,725,688,1,False
2026-09-14 01:11:27.009559+00:00,sess-20cyhkcnpzbmu0jqxni,c-6c0f3dda-eb43-42ac-8324-ec1895c78ee4,beta_A,treat,quest,0.07562646837050006,False,2026-09-13T19:00:08Z,https://calmforest.cloud,d7fa8f5f-3fd5-45fb-93c4-16c35e8af6fd,2026-09-14 01:10:49.569000+00:00,2026-09-14 01:22:54.321000+00:00,725,687,1,False
2026-09-14 01:11:27.312072+00:00,sess-20cyhkcnpzbmu0jqxni,c-6c0f3dda-eb43-42ac-8324-ec1895c78ee4,beta_A,treat,quest,0.07556395992891149,False,2026-09-13T19:00:08Z,https://calmforest.cloud,d7fa8f5f-3fd5-45fb-93c4-16c35e8af6fd,2026-09-14 01:10:49.569000+00:00,2026-09-14 01:22:54.321000+00:00,725,687,1,False
2026-09-14 01:12:00.186171+00:00,sess-20cyhkcnpzbmu0jqxni,c-6c0f3dda-eb43-42ac-8324-ec1895c78ee4,beta_A,treat,quest,0.06586264386759368,False,2026-09-13T19:00:08Z,https://calmforest.cloud,d7fa8f5f-3fd5-45fb-93c4-16c35e8af6fd,2026-09-14 01:10:49.569000+00:00,2026-09-14 01:22:54.321000+00:00,725,654,1,False
2026-09-14 01:12:22.297312+00:00,sess-20cyhkcnpzbmu0jqxni,c-6c0f3dda-eb43-42ac-8324-ec1895c78ee4,beta_A,treat,quest,0.06510575975696314,False,2026-09-13T19:00:08Z,https://calmforest.cloud,d7fa8f5f-3fd5-45fb-93c4-16c35e8af6fd,2026-09-14 01:10:49.569000+00:00,2026-09-14 01:22:54.321000+00:00,725,632,1,False
2026-09-14 01:12:25.930052+00:00,sess-20cyhkcnpzbmu0jqxni,c-6c0f3dda-eb43-42ac-8324-ec1895c78ee4,beta_A,treat,quest,0.0826170822843774,False,2026-09-13T19:00:08Z,https://calmforest.cloud,d7fa8f5f-3fd5-45fb-93c4-16c35e8af6fd,2026-09-14 01:10:49.569000+00:00,2026-09-14 01:22:54.321000+00:00,725,628,1,False
2026-09-14 01:12:26.628394+00:00,sess-20cyhkcnpzbmu0jqxni,c-6c0f3dda-eb43-42ac-8324-ec1895c78ee4,beta_A,treat,quest,0.07074195489560507,False,2026-09-13T19:00:08Z,https://calmforest.cloud,d7fa8f5f-3fd5-45fb-93c4-16c35e8af6fd,2026-09-14 01:10:49.569000+00:00,2026-09-14 01:22:54.321000+00:00,725,627,1,False
2026-09-14 01:12:28.744975+00:00,sess-20cyhkcnpzbmu0jqxni,c-6c0f3dda-eb43-42ac-8324-ec1895c78ee4,beta_A,treat,quest,0.09473473676690816,False,2026-09-13T19:00:08Z,https://calmforest.cloud,d7fa8f5f-3fd5-45fb-93c4-16c35e8af6fd,2026-09-14 01:10:49.569000+00:00,2026-09-14 01:22:54.321000+00:00,725,625,1,False
2026-09-14 01:12:55.036500+00:00,sess-20cyhkcnpzbmu0jqxni,c-6c0f3dda-eb43-42ac-8324-ec1895c78ee4,beta_A,treat,quest,0.08189696781409361,False,2026-09-13T19:00:08Z,https://calmforest.cloud,d7fa8f5f-3fd5-45fb-93c4-16c35e8af6fd,2026-09-14 01:10:49.569000+00:00,2026-09-14 01:22:54.321000+00:00,725,599,1,False
2026-09-14 01:12:55.762186+00:00,sess-20cyhkcnpzbmu0jqxni,c-6c0f3dda-eb43-42ac-8324-ec1895c78ee4,beta_A,treat,quest,0.07615032952939135,False,2026-09-13T19:00:08Z,https://calmforest.cloud,d7fa8f5f-3fd5-45fb-93c4-16c35e8af6fd,2026-09-14 01:10:49.569000+00:00,2026-09-14 01:22:54.321000+00:00,725,598,1,False
2026-09-14 01:12:58.625303+00:00,sess-20cyhkcnpzbmu0jqxni,c-6c0f3dda-eb43-42ac-8324-ec1895c78ee4,beta_A,treat,quest,0.09458918137050476,False,2026-09-13T19:00:08Z,https://calmforest.cloud,d7fa8f5f-3fd5-45fb-93c4-16c35e8af6fd,2026-09-14 01:10:49.569000+00:00,2026-09-14 01:22:54.321000+00:00,725,595,1,False
2026-09-14 01:13:00.723172+00:00,sess-20cyhkcnpzbmu0jqxni,c-6c0f3dda-eb43-42ac-8324-ec1895c78ee4,beta_A,treat,quest,0.07603375913152714,False,2026-09-13T19:00:08Z,https://calmforest.cloud,d7fa8f5f-3fd5-45fb-93c4-16c35e8af6fd,2026-09-14 01:10:49.569000+00:00,2026-09-14 01:22:54.321000+00:00,725,593,1,False
2026-09-14 01:13:01.361622+00:00,sess-9uvx9dkt33qmu0jpbtp,c-530d5746-aad0-4dd7-b3f4-50abb3ad39a5,beta_B,control,quest,0.09412708036058577,False,2026-09-13T19:00:08Z,https://calmforest.cloud,e9e102ad-dc26-4d4f-9aab-0c8b2df0e925,2026-09-14 01:09:34.628000+00:00,2026-09-14 01:26:15.660000+00:00,1001,794,1,False
2026-09-14 01:13:03.496357+00:00,sess-9uvx9dkt33qmu0jpbtp,c-530d5746-aad0-4dd7-b3f4-50abb3ad39a5,beta_B,control,quest,0.08146021981504505,False,2026-09-13T19:00:08Z,https://calmforest.cloud,e9e102ad-dc26-4d4f-9aab-0c8b2df0e925,2026-09-14 01:09:34.628000+00:00,2026-09-14 01:26:15.660000+00:00,1001,792,1,False
2026-09-14 01:13:03.829469+00:00,sess-9uvx9dkt33qmu0jpbtp,c-530d5746-aad0-4dd7-b3f4-50abb3ad39a5,beta_B,control,quest,0.08146021981504505,False,2026-09-13T19:00:08Z,https://calmforest.cloud,e9e102ad-dc26-4d4f-9aab-0c8b2df0e925,2026-09-14 01:09:34.628000+00:00,2026-09-14 01:26:15.660000+00:00,1001,791,1,False
2026-09-14 01:13:28.688587+00:00,sess-20cyhkcnpzbmu0jqxni,c-6c0f3dda-eb43-42ac-8324-ec1895c78ee4,beta_A,treat,quest,0.09429070454717423,False,2026-09-13T19:00:08Z,https://calmforest.cloud,d7fa8f5f-3fd5-45fb-93c4-16c35e8af6fd,2026-09-14 01:10:49.569000+00:00,2026-09-14 01:22:54.321000+00:00,725,565,1,False
2026-09-14 01:13:28.921147+00:00,sess-20cyhkcnpzbmu0jqxni,c-6c0f3dda-eb43-42ac-8324-ec1895c78ee4,beta_A,treat,quest,0.09421075153167444,False,2026-09-13T19:00:08Z,https://calmforest.cloud,d7fa8f5f-3fd5-45fb-93c4-16c35e8af6fd,2026-09-14 01:10:49.569000+00:00,2026-09-14 01:22:54.321000+00:00,725,565,1,False
2026-09-14 01:13:29.682389+00:00,sess-20cyhkcnpzbmu0jqxni,c-6c0f3dda-eb43-42ac-8324-ec1895c78ee4,beta_A,treat,quest,0.08181345970178422,False,2026-09-13T19:00:08Z,https://calmforest.cloud,d7fa8f5f-3fd5-45fb-93c4-16c35e8af6fd,2026-09-14 01:10:49.569000+00:00,2026-09-14 01:22:54.321000+00:00,725,564,1,False
2026-09-14 01:13:32.661030+00:00,sess-20cyhkcnpzbmu0jqxni,c-6c0f3dda-eb43-42ac-8324-ec1895c78ee4,beta_A,treat,quest,0.0945207793827109,False,2026-09-13T19:00:08Z,https://calmforest.cloud,d7fa8f5f-3fd5-45fb-93c4-16c35e8af6fd,2026-09-14 01:10:49.569000+00:00,2026-09-14 01:22:54.321000+00:00,725,561,1,False
2026-09-14 01:13:33.278070+00:00,sess-20cyhkcnpzbmu0jqxni,c-6c0f3dda-eb43-42ac-8324-ec1895c78ee4,beta_A,treat,quest,0.08177065320469237,False,2026-09-13T19:00:08Z,https://calmforest.cloud,d7fa8f5f-3fd5-45fb-93c4-16c35e8af6fd,2026-09-14 01:10:49.569000+00:00,2026-09-14 01:22:54.321000+00:00,725,561,1,False
2026-09-14 01:13:52.760032+00:00,sess-9uvx9dkt33qmu0jpbtp,c-530d5746-aad0-4dd7-b3f4-50abb3ad39a5,beta_B,control,quest,0.08135079345637561,False,2026-09-13T19:00:08Z,https://calmforest.cloud,e9e102ad-dc26-4d4f-9aab-0c8b2df0e925,2026-09-14 01:09:34.628000+00:00,2026-09-14 01:26:15.660000+00:00,1001,742,1,False
2026-09-14 01:13:54.405795+00:00,sess-9uvx9dkt33qmu0jpbtp,c-530d5746-aad0-4dd7-b3f4-50abb3ad39a5,beta_B,control,quest,0.08127122741796468,False,2026-09-13T19:00:08Z,https://calmforest.cloud,e9e102ad-dc26-4d4f-9aab-0c8b2df0e925,2026-09-14 01:09:34.628000+00:00,2026-09-14 01:26:15.660000+00:00,1001,741,1,False
2026-09-14 01:13:55.098857+00:00,sess-9uvx9dkt33qmu0jpbtp,c-530d5746-aad0-4dd7-b3f4-50abb3ad39a5,beta_B,control,quest,0.08127122741796468,False,2026-09-13T19:00:08Z,https://calmforest.cloud,e9e102ad-dc26-4d4f-9aab-0c8b2df0e925,2026-09-14 01:09:34.628000+00:00,2026-09-14 01:26:15.660000+00:00,1001,740,1,False
2026-09-14 01:13:58.413642+00:00,sess-9uvx9dkt33qmu0jpbtp,c-530d5746-aad0-4dd7-b3f4-50abb3ad39a5,beta_B,control,quest,0.07007778531399442,False,2026-09-13T19:00:08Z,https://calmforest.cloud,e9e102ad-dc26-4d4f-9aab-0c8b2df0e925,2026-09-14 01:09:34.628000+00:00,2026-09-14 01:26:15.660000+00:00,1001,737,1,False
2026-09-14 01:14:01.381641+00:00,sess-20cyhkcnpzbmu0jqxni,c-6c0f3dda-eb43-42ac-8324-ec1895c78ee4,beta_A,treat,quest,0.0941072375850784,False,2026-09-13T19:00:08Z,https://calmforest.cloud,d7fa8f5f-3fd5-45fb-93c4-16c35e8af6fd,2026-09-14 01:10:49.569000+00:00,2026-09-14 01:22:54.321000+00:00,725,532,1,False
2026-09-14 01:14:02.069700+00:00,sess-20cyhkcnpzbmu0jqxni,c-6c0f3dda-eb43-42ac-8324-ec1895c78ee4,beta_A,treat,quest,0.0814878451354867,False,2026-09-13T19:00:08Z,https://calmforest.cloud,d7fa8f5f-3fd5-45fb-93c4-16c35e8af6fd,2026-09-14 01:10:49.569000+00:00,2026-09-14 01:22:54.321000+00:00,725,532,1,False
2026-09-14 01:14:04.045437+00:00,sess-20cyhkcnpzbmu0jqxni,c-6c0f3dda-eb43-42ac-8324-ec1895c78ee4,beta_A,treat,quest,0.0942050231330908,False,2026-09-13T19:00:08Z,https://calmforest.cloud,d7fa8f5f-3fd5-45fb-93c4-16c35e8af6fd,2026-09-14 01:10:49.569000+00:00,2026-09-14 01:22:54.321000+00:00,725,530,1,False
2026-09-14 01:14:04.399092+00:00,sess-20cyhkcnpzbmu0jqxni,c-6c0f3dda-eb43-42ac-8324-ec1895c78ee4,beta_A,treat,quest,0.0942050231330908,False,2026-09-13T19:00:08Z,https://calmforest.cloud,d7fa8f5f-3fd5-45fb-93c4-16c35e8af6fd,2026-09-14 01:10:49.569000+00:00,2026-09-14 01:22:54.321000+00:00,725,529,1,False
2026-09-14 01:14:04.678138+00:00,sess-20cyhkcnpzbmu0jqxni,c-6c0f3dda-eb43-42ac-8324-ec1895c78ee4,beta_A,treat,quest,0.08141908693810981,False,2026-09-13T19:00:08Z,https://calmforest.cloud,d7fa8f5f-3fd5-45fb-93c4-16c35e8af6fd,2026-09-14 01:10:49.569000+00:00,2026-09-14 01:22:54.321000+00:00,725,529,1,False
2026-09-14 01:14:21.246584+00:00,sess-20cyhkcnpzbmu0jqxni,c-6c0f3dda-eb43-42ac-8324-ec1895c78ee4,beta_A,treat,quest,0.09426622071759917,False,2026-09-13T19:00:08Z,https://calmforest.cloud,d7fa8f5f-3fd5-45fb-93c4-16c35e8af6fd,2026-09-14 01:10:49.569000+00:00,2026-09-14 01:22:54.321000+00:00,725,513,1,False
2026-09-14 01:14:22.061583+00:00,sess-20cyhkcnpzbmu0jqxni,c-6c0f3dda-eb43-42ac-8324-ec1895c78ee4,beta_A,treat,quest,0.08767847080924572,False,2026-09-13T19:00:08Z,https://calmforest.cloud,d7fa8f5f-3fd5-45fb-93c4-16c35e8af6fd,2026-09-14 01:10:49.569000+00:00,2026-09-14 01:22:54.321000+00:00,725,512,1,False
2026-09-14 01:14:22.811308+00:00,sess-20cyhkcnpzbmu0jqxni,c-6c0f3dda-eb43-42ac-8324-ec1895c78ee4,beta_A,treat,quest,0.08765453064540012,False,2026-09-13T19:00:08Z,https://calmforest.cloud,d7fa8f5f-3fd5-45fb-93c4-16c35e8af6fd,2026-09-14 01:10:49.569000+00:00,2026-09-14 01:22:54.321000+00:00,725,511,1,False
2026-09-14 01:14:23.510860+00:00,sess-20cyhkcnpzbmu0jqxni,c-6c0f3dda-eb43-42ac-8324-ec1895c78ee4,beta_A,treat,quest,0.07549761843543927,False,2026-09-13T19:00:08Z,https://calmforest.cloud,d7fa8f5f-3fd5-45fb-93c4-16c35e8af6fd,2026-09-14 01:10:49.569000+00:00,2026-09-14 01:22:54.321000+00:00,725,510,1,False
2026-09-14 01:14:25.653420+00:00,sess-9uvx9dkt33qmu0jpbtp,c-530d5746-aad0-4dd7-b3f4-50abb3ad39a5,beta_B,control,quest,0.09426079821652726,False,2026-09-13T19:00:08Z,https://calmforest.cloud,e9e102ad-dc26-4d4f-9aab-0c8b2df0e925,2026-09-14 01:09:34.628000+00:00,2026-09-14 01:26:15.660000+00:00,1001,710,1,False
2026-09-14 01:14:27.275850+00:00,sess-9uvx9dkt33qmu0jpbtp,c-530d5746-aad0-4dd7-b3f4-50abb3ad39a5,beta_B,control,quest,0.07566374175646592,False,2026-09-13T19:00:08Z,https://calmforest.cloud,e9e102ad-dc26-4d4f-9aab-0c8b2df0e925,2026-09-14 01:09:34.628000+00:00,2026-09-14 01:26:15.660000+00:00,1001,708,1,False
2026-09-14 01:14:28.142300+00:00,sess-9uvx9dkt33qmu0jpbtp,c-530d5746-aad0-4dd7-b3f4-50abb3ad39a5,beta_B,control,quest,0.07025022899070349,False,2026-09-13T19:00:08Z,https://calmforest.cloud,e9e102ad-dc26-4d4f-9aab-0c8b2df0e925,2026-09-14 01:09:34.628000+00:00,2026-09-14 01:26:15.660000+00:00,1001,707,1,False
2026-09-14 01:14:29.724823+00:00,sess-9uvx9dkt33qmu0jpbtp,c-530d5746-aad0-4dd7-b3f4-50abb3ad39a5,beta_B,control,quest,0.06048468311933698,False,2026-09-13T19:00:08Z,https://calmforest.cloud,e9e102ad-dc26-4d4f-9aab-0c8b2df0e925,2026-09-14 01:09:34.628000+00:00,2026-09-14 01:26:15.660000+00:00,1001,705,1,False
2026-09-14 01:14:33.326828+00:00,sess-9uvx9dkt33qmu0jpbtp,c-530d5746-aad0-4dd7-b3f4-50abb3ad39a5,beta_B,control,quest,0.09421177766698162,False,2026-09-13T19:00:08Z,https://calmforest.cloud,e9e102ad-dc26-4d4f-9aab-0c8b2df0e925,2026-09-14 01:09:34.628000+00:00,2026-09-14 01:26:15.660000+00:00,1001,702,1,False
2026-09-14 01:14:34.849295+00:00,sess-9uvx9dkt33qmu0jpbtp,c-530d5746-aad0-4dd7-b3f4-50abb3ad39a5,beta_B,control,quest,0.0876540592499704,False,2026-09-13T19:00:08Z,https://calmforest.cloud,e9e102ad-dc26-4d4f-9aab-0c8b2df0e925,2026-09-14 01:09:34.628000+00:00,2026-09-14 01:26:15.660000+00:00,1001,700,1,False
2026-09-14 01:14:38.979005+00:00,sess-20cyhkcnpzbmu0jqxni,c-6c0f3dda-eb43-42ac-8324-ec1895c78ee4,beta_A,treat,quest,0.0945140122984274,False,2026-09-13T19:00:08Z,https://calmforest.cloud,d7fa8f5f-3fd5-45fb-93c4-16c35e8af6fd,2026-09-14 01:10:49.569000+00:00,2026-09-14 01:22:54.321000+00:00,725,495,1,False
2026-09-14 01:14:40.018461+00:00,sess-20cyhkcnpzbmu0jqxni,c-6c0f3dda-eb43-42ac-8324-ec1895c78ee4,beta_A,treat,quest,0.07059676865217689,False,2026-09-13T19:00:08Z,https://calmforest.cloud,d7fa8f5f-3fd5-45fb-93c4-16c35e8af6fd,2026-09-14 01:10:49.569000+00:00,2026-09-14 01:22:54.321000+00:00,725,494,1,False
2026-09-14 01:14:40.437666+00:00,sess-20cyhkcnpzbmu0jqxni,c-6c0f3dda-eb43-42ac-8324-ec1895c78ee4,beta_A,treat,quest,0.06077300805512627,False,2026-09-13T19:00:08Z,https://calmforest.cloud,d7fa8f5f-3fd5-45fb-93c4-16c35e8af6fd,2026-09-14 01:10:49.569000+00:00,2026-09-14 01:22:54.321000+00:00,725,493,1,False
2026-09-14 01:14:45.789934+00:00,sess-20cyhkcnpzbmu0jqxni,c-6c0f3dda-eb43-42ac-8324-ec1895c78ee4,beta_A,treat,quest,0.09485842038155942,False,2026-09-13T19:00:08Z,https://calmforest.cloud,d7fa8f5f-3fd5-45fb-93c4-16c35e8af6fd,2026-09-14 01:10:49.569000+00:00,2026-09-14 01:22:54.321000+00:00,725,488,1,False
2026-09-14 01:14:46.592924+00:00,sess-20cyhkcnpzbmu0jqxni,c-6c0f3dda-eb43-42ac-8324-ec1895c78ee4,beta_A,treat,quest,0.0763076015144995,False,2026-09-13T19:00:08Z,https://calmforest.cloud,d7fa8f5f-3fd5-45fb-93c4-16c35e8af6fd,2026-09-14 01:10:49.569000+00:00,2026-09-14 01:22:54.321000+00:00,725,487,1,False
2026-09-14 01:14:47.712658+00:00,sess-20cyhkcnpzbmu0jqxni,c-6c0f3dda-eb43-42ac-8324-ec1895c78ee4,beta_A,treat,quest,0.07082250135731022,False,2026-09-13T19:00:08Z,https://calmforest.cloud,d7fa8f5f-3fd5-45fb-93c4-16c35e8af6fd,2026-09-14 01:10:49.569000+00:00,2026-09-14 01:22:54.321000+00:00,725,486,1,False
2026-09-14 01:14:48.466306+00:00,sess-20cyhkcnpzbmu0jqxni,c-6c0f3dda-eb43-42ac-8324-ec1895c78ee4,beta_A,treat,quest,0.06063207500620858,False,2026-09-13T19:00:08Z,https://calmforest.cloud,d7fa8f5f-3fd5-45fb-93c4-16c35e8af6fd,2026-09-14 01:10:49.569000+00:00,2026-09-14 01:22:54.321000+00:00,725,485,1,False
2026-09-14 01:14:49.451235+00:00,sess-20cyhkcnpzbmu0jqxni,c-6c0f3dda-eb43-42ac-8324-ec1895c78ee4,beta_A,treat,quest,0.05214353887974114,False,2026-09-13T19:00:08Z,https://calmforest.cloud,d7fa8f5f-3fd5-45fb-93c4-16c35e8af6fd,2026-09-14 01:10:49.569000+00:00,2026-09-14 01:22:54.321000+00:00,725,484,1,False
2026-09-14 01:14:51.217290+00:00,sess-20cyhkcnpzbmu0jqxni,c-6c0f3dda-eb43-42ac-8324-ec1895c78ee4,beta_A,treat,quest,0.04845423624135114,False,2026-09-13T19:00:08Z,https://calmforest.cloud,d7fa8f5f-3fd5-45fb-93c4-16c35e8af6fd,2026-09-14 01:10:49.569000+00:00,2026-09-14 01:22:54.321000+00:00,725,483,1,False
2026-09-14 01:14:51.719089+00:00,sess-20cyhkcnpzbmu0jqxni,c-6c0f3dda-eb43-42ac-8324-ec1895c78ee4,beta_A,treat,quest,0.04845423624135114,False,2026-09-13T19:00:08Z,https://calmforest.cloud,d7fa8f5f-3fd5-45fb-93c4-16c35e8af6fd,2026-09-14 01:10:49.569000+00:00,2026-09-14 01:22:54.321000+00:00,725,482,1,False
2026-09-14 01:14:52.028743+00:00,sess-20cyhkcnpzbmu0jqxni,c-6c0f3dda-eb43-42ac-8324-ec1895c78ee4,beta_A,treat,quest,0.048412357110806964,False,2026-09-13T19:00:08Z,https://calmforest.cloud,d7fa8f5f-3fd5-45fb-93c4-16c35e8af6fd,2026-09-14 01:10:49.569000+00:00,2026-09-14 01:22:54.321000+00:00,725,482,1,False
2026-09-14 01:14:52.390077+00:00,sess-20cyhkcnpzbmu0jqxni,c-6c0f3dda-eb43-42ac-8324-ec1895c78ee4,beta_A,treat,quest,0.048412357110806964,False,2026-09-13T19:00:08Z,https://calmforest.cloud,d7fa8f5f-3fd5-45fb-93c4-16c35e8af6fd,2026-09-14 01:10:49.569000+00:00,2026-09-14 01:22:54.321000+00:00,725,481,1,False
2026-09-14 01:14:52.810192+00:00,sess-20cyhkcnpzbmu0jqxni,c-6c0f3dda-eb43-42ac-8324-ec1895c78ee4,beta_A,treat,quest,0.048412357110806964,False,2026-09-13T19:00:08Z,https://calmforest.cloud,d7fa8f5f-3fd5-45fb-93c4-16c35e8af6fd,2026-09-14 01:10:49.569000+00:00,2026-09-14 01:22:54.321000+00:00,725,481,1,False
2026-09-14 01:14:53.353743+00:00,sess-20cyhkcnpzbmu0jqxni,c-6c0f3dda-eb43-42ac-8324-ec1895c78ee4,beta_A,treat,quest,0.048372217482429335,False,2026-09-13T19:00:08Z,https://calmforest.cloud,d7fa8f5f-3fd5-45fb-93c4-16c35e8af6fd,2026-09-14 01:10:49.569000+00:00,2026-09-14 01:22:54.321000+00:00,725,480,1,False
2026-09-14 01:14:53.827373+00:00,sess-20cyhkcnpzbmu0jqxni,c-6c0f3dda-eb43-42ac-8324-ec1895c78ee4,beta_A,treat,quest,0.048322374614340066,False,2026-09-13T19:00:08Z,https://calmforest.cloud,d7fa8f5f-3fd5-45fb-93c4-16c35e8af6fd,2026-09-14 01:10:49.569000+00:00,2026-09-14 01:22:54.321000+00:00,725,480,1,False
2026-09-14 01:14:54.490314+00:00,sess-20cyhkcnpzbmu0jqxni,c-6c0f3dda-eb43-42ac-8324-ec1895c78ee4,beta_A,treat,quest,0.04821159980894161,False,2026-09-13T19:00:08Z,https://calmforest.cloud,d7fa8f5f-3fd5-45fb-93c4-16c35e8af6fd,2026-09-14 01:10:49.569000+00:00,2026-09-14 01:22:54.321000+00:00,725,479,1,False
2026-09-14 01:14:54.778496+00:00,sess-20cyhkcnpzbmu0jqxni,c-6c0f3dda-eb43-42ac-8324-ec1895c78ee4,beta_A,treat,quest,0.04819824937279789,False,2026-09-13T19:00:08Z,https://calmforest.cloud,d7fa8f5f-3fd5-45fb-93c4-16c35e8af6fd,2026-09-14 01:10:49.569000+00:00,2026-09-14 01:22:54.321000+00:00,725,479,1,False
2026-09-14 01:15:02.992752+00:00,sess-9uvx9dkt33qmu0jpbtp,c-530d5746-aad0-4dd7-b3f4-50abb3ad39a5,beta_B,control,quest,0.09433738688361648,False,2026-09-13T19:00:08Z,https://calmforest.cloud,e9e102ad-dc26-4d4f-9aab-0c8b2df0e925,2026-09-14 01:09:34.628000+00:00,2026-09-14 01:26:15.660000+00:00,1001,672,1,False
2026-09-14 01:15:03.603137+00:00,sess-9uvx9dkt33qmu0jpbtp,c-530d5746-aad0-4dd7-b3f4-50abb3ad39a5,beta_B,control,quest,0.09421019591655964,False,2026-09-13T19:00:08Z,https://calmforest.cloud,e9e102ad-dc26-4d4f-9aab-0c8b2df0e925,2026-09-14 01:09:34.628000+00:00,2026-09-14 01:26:15.660000+00:00,1001,672,1,False
2026-09-14 01:15:04.713786+00:00,sess-9uvx9dkt33qmu0jpbtp,c-530d5746-aad0-4dd7-b3f4-50abb3ad39a5,beta_B,control,quest,0.08754317507922585,False,2026-09-13T19:00:08Z,https://calmforest.cloud,e9e102ad-dc26-4d4f-9aab-0c8b2df0e925,2026-09-14 01:09:34.628000+00:00,2026-09-14 01:26:15.660000+00:00,1001,670,1,False
2026-09-14 01:15:05.803189+00:00,sess-9uvx9dkt33qmu0jpbtp,c-530d5746-aad0-4dd7-b3f4-50abb3ad39a5,beta_B,control,quest,0.08754317507922585,False,2026-09-13T19:00:08Z,https://calmforest.cloud,e9e102ad-dc26-4d4f-9aab-0c8b2df0e925,2026-09-14 01:09:34.628000+00:00,2026-09-14 01:26:15.660000+00:00,1001,669,1,False
2026-09-14 01:15:07.869395+00:00,sess-9uvx9dkt33qmu0jpbtp,c-530d5746-aad0-4dd7-b3f4-50abb3ad39a5,beta_B,control,quest,0.08137463956636687,False,2026-09-13T19:00:08Z,https://calmforest.cloud,e9e102ad-dc26-4d4f-9aab-0c8b2df0e925,2026-09-14 01:09:34.628000+00:00,2026-09-14 01:26:15.660000+00:00,1001,667,1,False
2026-09-14 01:15:10.832236+00:00,sess-20cyhkcnpzbmu0jqxni,c-6c0f3dda-eb43-42ac-8324-ec1895c78ee4,beta_A,treat,quest,0.0941503127384189,False,2026-09-13T19:00:08Z,https://calmforest.cloud,d7fa8f5f-3fd5-45fb-93c4-16c35e8af6fd,2026-09-14 01:10:49.569000+00:00,2026-09-14 01:22:54.321000+00:00,725,463,1,False
2026-09-14 01:15:11.507786+00:00,sess-20cyhkcnpzbmu0jqxni,c-6c0f3dda-eb43-42ac-8324-ec1895c78ee4,beta_A,treat,quest,0.08151710586651432,False,2026-09-13T19:00:08Z,https://calmforest.cloud,d7fa8f5f-3fd5-45fb-93c4-16c35e8af6fd,2026-09-14 01:10:49.569000+00:00,2026-09-14 01:22:54.321000+00:00,725,462,1,False
2026-09-14 01:15:23.724799+00:00,sess-9uvx9dkt33qmu0jpbtp,c-530d5746-aad0-4dd7-b3f4-50abb3ad39a5,beta_B,control,quest,0.09423523860371695,False,2026-09-13T19:00:08Z,https://calmforest.cloud,e9e102ad-dc26-4d4f-9aab-0c8b2df0e925,2026-09-14 01:09:34.628000+00:00,2026-09-14 01:26:15.660000+00:00,1001,651,1,False
2026-09-14 01:15:25.016769+00:00,sess-20cyhkcnpzbmu0jqxni,c-6c0f3dda-eb43-42ac-8324-ec1895c78ee4,beta_A,treat,quest,0.09484204406451749,False,2026-09-13T19:00:08Z,https://calmforest.cloud,d7fa8f5f-3fd5-45fb-93c4-16c35e8af6fd,2026-09-14 01:10:49.569000+00:00,2026-09-14 01:22:54.321000+00:00,725,449,1,False
2026-09-14 01:15:25.117033+00:00,sess-9uvx9dkt33qmu0jpbtp,c-530d5746-aad0-4dd7-b3f4-50abb3ad39a5,beta_B,control,quest,0.08139547733754487,False,2026-09-13T19:00:08Z,https://calmforest.cloud,e9e102ad-dc26-4d4f-9aab-0c8b2df0e925,2026-09-14 01:09:34.628000+00:00,2026-09-14 01:26:15.660000+00:00,1001,650,1,False
2026-09-14 01:15:25.661575+00:00,sess-20cyhkcnpzbmu0jqxni,c-6c0f3dda-eb43-42ac-8324-ec1895c78ee4,beta_A,treat,quest,0.08213034492214774,False,2026-09-13T19:00:08Z,https://calmforest.cloud,d7fa8f5f-3fd5-45fb-93c4-16c35e8af6fd,2026-09-14 01:10:49.569000+00:00,2026-09-14 01:22:54.321000+00:00,725,448,1,False
2026-09-14 01:15:28.551116+00:00,sess-9uvx9dkt33qmu0jpbtp,c-530d5746-aad0-4dd7-b3f4-50abb3ad39a5,beta_B,control,quest,0.09424185912487294,False,2026-09-13T19:00:08Z,https://calmforest.cloud,e9e102ad-dc26-4d4f-9aab-0c8b2df0e925,2026-09-14 01:09:34.628000+00:00,2026-09-14 01:26:15.660000+00:00,1001,647,1,False
2026-09-14 01:17:19.673139+00:00,sess-9uvx9dkt33qmu0jpbtp,c-530d5746-aad0-4dd7-b3f4-50abb3ad39a5,beta_B,control,quest,0.10485997132602036,True,2026-09-13T19:00:08Z,https://calmforest.cloud,e9e102ad-dc26-4d4f-9aab-0c8b2df0e925,2026-09-14 01:09:34.628000+00:00,2026-09-14 01:26:15.660000+00:00,1001,535,1,True
2026-09-14 01:17:20.772034+00:00,sess-9uvx9dkt33qmu0jpbtp,c-530d5746-aad0-4dd7-b3f4-50abb3ad39a5,beta_B,control,quest,0.08146834635041847,False,2026-09-13T19:00:08Z,https://calmforest.cloud,e9e102ad-dc26-4d4f-9aab-0c8b2df0e925,2026-09-14 01:09:34.628000+00:00,2026-09-14 01:26:15.660000+00:00,1001,534,1,False
2026-09-14 01:18:48.364679+00:00,sess-refxfm3b83mu0jr5xr,c-9bc15435-eaca-4508-8743-6f7076b4c2ae,beta_A,control,quest,0.08130932040106108,False,2026-09-13T19:00:08Z,https://calmforest.cloud,e449a249-1fea-49e0-9cda-615810f132ca,2026-09-14 01:11:00.314000+00:00,2026-09-14 01:50:05.203000+00:00,2345,1876,1,False
2026-09-14 01:18:52.651567+00:00,sess-refxfm3b83mu0jr5xr,c-9bc15435-eaca-4508-8743-6f7076b4c2ae,beta_A,control,quest,0.05622650077446644,False,2026-09-13T19:00:08Z,https://calmforest.cloud,e449a249-1fea-49e0-9cda-615810f132ca,2026-09-14 01:11:00.314000+00:00,2026-09-14 01:50:05.203000+00:00,2345,1872,1,False
2026-09-14 01:19:33.086629+00:00,sess-20cyhkcnpzbmu0jqxni,c-6c0f3dda-eb43-42ac-8324-ec1895c78ee4,beta_A,treat,quest,0.06509685001971705,False,2026-09-13T19:00:08Z,https://calmforest.cloud,d7fa8f5f-3fd5-45fb-93c4-16c35e8af6fd,2026-09-14 01:10:49.569000+00:00,2026-09-14 01:22:54.321000+00:00,725,201,1,False
2026-09-14 01:19:33.965628+00:00,sess-20cyhkcnpzbmu0jqxni,c-6c0f3dda-eb43-42ac-8324-ec1895c78ee4,beta_A,treat,quest,0.07000642888294734,False,2026-09-13T19:00:08Z,https://calmforest.cloud,d7fa8f5f-3fd5-45fb-93c4-16c35e8af6fd,2026-09-14 01:10:49.569000+00:00,2026-09-14 01:22:54.321000+00:00,725,200,1,False
2026-09-14 01:19:51.514003+00:00,sess-20cyhkcnpzbmu0jqxni,c-6c0f3dda-eb43-42ac-8324-ec1895c78ee4,beta_A,treat,quest,0.06501320161128663,False,2026-09-13T19:00:08Z,https://calmforest.cloud,d7fa8f5f-3fd5-45fb-93c4-16c35e8af6fd,2026-09-14 01:10:49.569000+00:00,2026-09-14 01:22:54.321000+00:00,725,182,1,False
2026-09-14 01:20:14.248905+00:00,sess-refxfm3b83mu0jr5xr,c-9bc15435-eaca-4508-8743-6f7076b4c2ae,beta_A,control,quest,0.0817356383117475,False,2026-09-13T19:00:08Z,https://calmforest.cloud,e449a249-1fea-49e0-9cda-615810f132ca,2026-09-14 01:11:00.314000+00:00,2026-09-14 01:50:05.203000+00:00,2345,1790,1,False
2026-09-14 01:20:15.233408+00:00,sess-refxfm3b83mu0jr5xr,c-9bc15435-eaca-4508-8743-6f7076b4c2ae,beta_A,control,quest,0.06064147472396425,False,2026-09-13T19:00:08Z,https://calmforest.cloud,e449a249-1fea-49e0-9cda-615810f132ca,2026-09-14 01:11:00.314000+00:00,2026-09-14 01:50:05.203000+00:00,2345,1789,1,False
2026-09-14 01:22:37.722211+00:00,sess-refxfm3b83mu0jr5xr,c-9bc15435-eaca-4508-8743-6f7076b4c2ae,beta_A,control,quest,0.09420311714171123,False,2026-09-13T19:00:08Z,https://calmforest.cloud,e449a249-1fea-49e0-9cda-615810f132ca,2026-09-14 01:11:00.314000+00:00,2026-09-14 01:50:05.203000+00:00,2345,1647,1,False
2026-09-14 01:22:41.835097+00:00,sess-refxfm3b83mu0jr5xr,c-9bc15435-eaca-4508-8743-6f7076b4c2ae,beta_A,control,quest,0.048285925740405446,False,2026-09-13T19:00:08Z,https://calmforest.cloud,e449a249-1fea-49e0-9cda-615810f132ca,2026-09-14 01:11:00.314000+00:00,2026-09-14 01:50:05.203000+00:00,2345,1643,1,False
2026-09-14 01:22:44.434548+00:00,sess-refxfm3b83mu0jr5xr,c-9bc15435-eaca-4508-8743-6f7076b4c2ae,beta_A,control,quest,0.0941434226517622,False,2026-09-13T19:00:08Z,https://calmforest.cloud,e449a249-1fea-49e0-9cda-615810f132ca,2026-09-14 01:11:00.314000+00:00,2026-09-14 01:50:05.203000+00:00,2345,1640,1,False
2026-09-14 01:22:46.748271+00:00,sess-refxfm3b83mu0jr5xr,c-9bc15435-eaca-4508-8743-6f7076b4c2ae,beta_A,control,quest,0.060368736692682175,False,2026-09-13T19:00:08Z,https://calmforest.cloud,e449a249-1fea-49e0-9cda-615810f132ca,2026-09-14 01:11:00.314000+00:00,2026-09-14 01:50:05.203000+00:00,2345,1638,1,False
2026-09-14 01:22:56.406281+00:00,sess-refxfm3b83mu0jr5xr,c-9bc15435-eaca-4508-8743-6f7076b4c2ae,beta_A,control,quest,0.0874216964347554,False,2026-09-13T19:00:08Z,https://calmforest.cloud,e449a249-1fea-49e0-9cda-615810f132ca,2026-09-14 01:11:00.314000+00:00,2026-09-14 01:50:05.203000+00:00,2345,1628,1,False
2026-09-14 01:22:58.938688+00:00,sess-refxfm3b83mu0jr5xr,c-9bc15435-eaca-4508-8743-6f7076b4c2ae,beta_A,control,quest,0.07565674815814959,False,2026-09-13T19:00:08Z,https://calmforest.cloud,e449a249-1fea-49e0-9cda-615810f132ca,2026-09-14 01:11:00.314000+00:00,2026-09-14 01:50:05.203000+00:00,2345,1626,1,False
2026-09-14 01:23:00.983028+00:00,sess-refxfm3b83mu0jr5xr,c-9bc15435-eaca-4508-8743-6f7076b4c2ae,beta_A,control,quest,0.08110089042416545,False,2026-09-13T19:00:08Z,https://calmforest.cloud,e449a249-1fea-49e0-9cda-615810f132ca,2026-09-14 01:11:00.314000+00:00,2026-09-14 01:50:05.203000+00:00,2345,1624,1,False
2026-09-14 01:23:01.941622+00:00,sess-refxfm3b83mu0jr5xr,c-9bc15435-eaca-4508-8743-6f7076b4c2ae,beta_A,control,quest,0.08709914581340548,False,2026-09-13T19:00:08Z,https://calmforest.cloud,e449a249-1fea-49e0-9cda-615810f132ca,2026-09-14 01:11:00.314000+00:00,2026-09-14 01:50:05.203000+00:00,2345,1623,1,False
2026-09-14 01:23:03.244642+00:00,sess-refxfm3b83mu0jr5xr,c-9bc15435-eaca-4508-8743-6f7076b4c2ae,beta_A,control,quest,0.07511942832305311,False,2026-09-13T19:00:08Z,https://calmforest.cloud,e449a249-1fea-49e0-9cda-615810f132ca,2026-09-14 01:11:00.314000+00:00,2026-09-14 01:50:05.203000+00:00,2345,1621,1,False
2026-09-14 01:23:06.093562+00:00,sess-refxfm3b83mu0jr5xr,c-9bc15435-eaca-4508-8743-6f7076b4c2ae,beta_A,control,quest,0.06979149920598171,False,2026-09-13T19:00:08Z,https://calmforest.cloud,e449a249-1fea-49e0-9cda-615810f132ca,2026-09-14 01:11:00.314000+00:00,2026-09-14 01:50:05.203000+00:00,2345,1619,1,False
2026-09-14 01:23:06.611569+00:00,sess-refxfm3b83mu0jr5xr,c-9bc15435-eaca-4508-8743-6f7076b4c2ae,beta_A,control,quest,0.06983256798193933,False,2026-09-13T19:00:08Z,https://calmforest.cloud,e449a249-1fea-49e0-9cda-615810f132ca,2026-09-14 01:11:00.314000+00:00,2026-09-14 01:50:05.203000+00:00,2345,1618,1,False
2026-09-14 01:23:07.272456+00:00,sess-refxfm3b83mu0jr5xr,c-9bc15435-eaca-4508-8743-6f7076b4c2ae,beta_A,control,quest,0.056012754482505256,False,2026-09-13T19:00:08Z,https://calmforest.cloud,e449a249-1fea-49e0-9cda-615810f132ca,2026-09-14 01:11:00.314000+00:00,2026-09-14 01:50:05.203000+00:00,2345,1617,1,False
2026-09-14 01:23:07.956552+00:00,sess-refxfm3b83mu0jr5xr,c-9bc15435-eaca-4508-8743-6f7076b4c2ae,beta_A,control,quest,0.056037203259232914,False,2026-09-13T19:00:08Z,https://calmforest.cloud,e449a249-1fea-49e0-9cda-615810f132ca,2026-09-14 01:11:00.314000+00:00,2026-09-14 01:50:05.203000+00:00,2345,1617,1,False
2026-09-14 01:23:09.703329+00:00,sess-refxfm3b83mu0jr5xr,c-9bc15435-eaca-4508-8743-6f7076b4c2ae,beta_A,control,quest,0.04815252225078937,False,2026-09-13T19:00:08Z,https://calmforest.cloud,e449a249-1fea-49e0-9cda-615810f132ca,2026-09-14 01:11:00.314000+00:00,2026-09-14 01:50:05.203000+00:00,2345,1615,1,False
2026-09-14 01:23:10.216676+00:00,sess-refxfm3b83mu0jr5xr,c-9bc15435-eaca-4508-8743-6f7076b4c2ae,beta_A,control,quest,0.04815539975290504,False,2026-09-13T19:00:08Z,https://calmforest.cloud,e449a249-1fea-49e0-9cda-615810f132ca,2026-09-14 01:11:00.314000+00:00,2026-09-14 01:50:05.203000+00:00,2345,1614,1,False
2026-09-14 01:23:10.850025+00:00,sess-refxfm3b83mu0jr5xr,c-9bc15435-eaca-4508-8743-6f7076b4c2ae,beta_A,control,quest,0.04816079559238877,False,2026-09-13T19:00:08Z,https://calmforest.cloud,e449a249-1fea-49e0-9cda-615810f132ca,2026-09-14 01:11:00.314000+00:00,2026-09-14 01:50:05.203000+00:00,2345,1614,1,False
2026-09-14 01:23:15.074739+00:00,sess-refxfm3b83mu0jr5xr,c-9bc15435-eaca-4508-8743-6f7076b4c2ae,beta_A,control,quest,0.09404066823935606,False,2026-09-13T19:00:08Z,https://calmforest.cloud,e449a249-1fea-49e0-9cda-615810f132ca,2026-09-14 01:11:00.314000+00:00,2026-09-14 01:50:05.203000+00:00,2345,1610,1,False
2026-09-14 01:23:17.725551+00:00,sess-refxfm3b83mu0jr5xr,c-9bc15435-eaca-4508-8743-6f7076b4c2ae,beta_A,control,quest,0.08123427287298388,False,2026-09-13T19:00:08Z,https://calmforest.cloud,e449a249-1fea-49e0-9cda-615810f132ca,2026-09-14 01:11:00.314000+00:00,2026-09-14 01:50:05.203000+00:00,2345,1607,1,False
2026-09-14 01:23:23.597968+00:00,sess-refxfm3b83mu0jr5xr,c-9bc15435-eaca-4508-8743-6f7076b4c2ae,beta_A,control,quest,0.09407965977751657,False,2026-09-13T19:00:08Z,https://calmforest.cloud,e449a249-1fea-49e0-9cda-615810f132ca,2026-09-14 01:11:00.314000+00:00,2026-09-14 01:50:05.203000+00:00,2345,1601,1,False
2026-09-14 01:23:24.370455+00:00,sess-refxfm3b83mu0jr5xr,c-9bc15435-eaca-4508-8743-6f7076b4c2ae,beta_A,control,quest,0.0940422994332535,False,2026-09-13T19:00:08Z,https://calmforest.cloud,e449a249-1fea-49e0-9cda-615810f132ca,2026-09-14 01:11:00.314000+00:00,2026-09-14 01:50:05.203000+00:00,2345,1600,1,False
2026-09-14 01:23:25.177406+00:00,sess-refxfm3b83mu0jr5xr,c-9bc15435-eaca-4508-8743-6f7076b4c2ae,beta_A,control,quest,0.0940422994332535,False,2026-09-13T19:00:08Z,https://calmforest.cloud,e449a249-1fea-49e0-9cda-615810f132ca,2026-09-14 01:11:00.314000+00:00,2026-09-14 01:50:05.203000+00:00,2345,1600,1,False
2026-09-14 01:23:27.262012+00:00,sess-refxfm3b83mu0jr5xr,c-9bc15435-eaca-4508-8743-6f7076b4c2ae,beta_A,control,quest,0.08126883337307092,False,2026-09-13T19:00:08Z,https://calmforest.cloud,e449a249-1fea-49e0-9cda-615810f132ca,2026-09-14 01:11:00.314000+00:00,2026-09-14 01:50:05.203000+00:00,2345,1597,1,False
2026-09-14 01:23:42.789397+00:00,sess-refxfm3b83mu0jr5xr,c-9bc15435-eaca-4508-8743-6f7076b4c2ae,beta_A,control,quest,0.09448391545738745,False,2026-09-13T19:00:08Z,https://calmforest.cloud,e449a249-1fea-49e0-9cda-615810f132ca,2026-09-14 01:11:00.314000+00:00,2026-09-14 01:50:05.203000+00:00,2345,1582,1,False
2026-09-14 01:23:43.512378+00:00,sess-refxfm3b83mu0jr5xr,c-9bc15435-eaca-4508-8743-6f7076b4c2ae,beta_A,control,quest,0.07595854411228602,False,2026-09-13T19:00:08Z,https://calmforest.cloud,e449a249-1fea-49e0-9cda-615810f132ca,2026-09-14 01:11:00.314000+00:00,2026-09-14 01:50:05.203000+00:00,2345,1581,1,False
2026-09-14 01:23:56.973916+00:00,sess-refxfm3b83mu0jr5xr,c-9bc15435-eaca-4508-8743-6f7076b4c2ae,beta_A,control,quest,0.09430445822064207,False,2026-09-13T19:00:08Z,https://calmforest.cloud,e449a249-1fea-49e0-9cda-615810f132ca,2026-09-14 01:11:00.314000+00:00,2026-09-14 01:50:05.203000+00:00,2345,1568,1,False
2026-09-14 01:23:59.328239+00:00,sess-refxfm3b83mu0jr5xr,c-9bc15435-eaca-4508-8743-6f7076b4c2ae,beta_A,control,quest,0.0521003059020032,False,2026-09-13T19:00:08Z,https://calmforest.cloud,e449a249-1fea-49e0-9cda-615810f132ca,2026-09-14 01:11:00.314000+00:00,2026-09-14 01:50:05.203000+00:00,2345,1565,1,False
2026-09-14 01:25:08.291115+00:00,sess-refxfm3b83mu0jr5xr,c-9bc15435-eaca-4508-8743-6f7076b4c2ae,beta_A,control,quest,0.09411653638013912,False,2026-09-13T19:00:08Z,https://calmforest.cloud,e449a249-1fea-49e0-9cda-615810f132ca,2026-09-14 01:11:00.314000+00:00,2026-09-14 01:50:05.203000+00:00,2345,1496,1,False
2026-09-14 01:25:10.930082+00:00,sess-refxfm3b83mu0jr5xr,c-9bc15435-eaca-4508-8743-6f7076b4c2ae,beta_A,control,quest,0.08141455999987793,False,2026-09-13T19:00:08Z,https://calmforest.cloud,e449a249-1fea-49e0-9cda-615810f132ca,2026-09-14 01:11:00.314000+00:00,2026-09-14 01:50:05.203000+00:00,2345,1494,1,False
2026-09-14 01:26:30.394297+00:00,sess-refxfm3b83mu0jr5xr,c-9bc15435-eaca-4508-8743-6f7076b4c2ae,beta_A,control,quest,0.09401635737528156,False,2026-09-13T19:00:08Z,https://calmforest.cloud,e449a249-1fea-49e0-9cda-615810f132ca,2026-09-14 01:11:00.314000+00:00,2026-09-14 01:50:05.203000+00:00,2345,1414,1,False
2026-09-14 01:26:31.084764+00:00,sess-refxfm3b83mu0jr5xr,c-9bc15435-eaca-4508-8743-6f7076b4c2ae,beta_A,control,quest,0.08169361970953523,False,2026-09-13T19:00:08Z,https://calmforest.cloud,e449a249-1fea-49e0-9cda-615810f132ca,2026-09-14 01:11:00.314000+00:00,2026-09-14 01:50:05.203000+00:00,2345,1414,1,False
2026-09-14 01:26:31.932821+00:00,sess-refxfm3b83mu0jr5xr,c-9bc15435-eaca-4508-8743-6f7076b4c2ae,beta_A,control,quest,0.08169586191692749,False,2026-09-13T19:00:08Z,https://calmforest.cloud,e449a249-1fea-49e0-9cda-615810f132ca,2026-09-14 01:11:00.314000+00:00,2026-09-14 01:50:05.203000+00:00,2345,1413,1,False
2026-09-14 01:26:32.694556+00:00,sess-refxfm3b83mu0jr5xr,c-9bc15435-eaca-4508-8743-6f7076b4c2ae,beta_A,control,quest,0.0813934903193402,False,2026-09-13T19:00:08Z,https://calmforest.cloud,e449a249-1fea-49e0-9cda-615810f132ca,2026-09-14 01:11:00.314000+00:00,2026-09-14 01:50:05.203000+00:00,2345,1412,1,False
2026-09-14 01:26:34.200252+00:00,sess-refxfm3b83mu0jr5xr,c-9bc15435-eaca-4508-8743-6f7076b4c2ae,beta_A,control,quest,0.08745046918037659,False,2026-09-13T19:00:08Z,https://calmforest.cloud,e449a249-1fea-49e0-9cda-615810f132ca,2026-09-14 01:11:00.314000+00:00,2026-09-14 01:50:05.203000+00:00,2345,1411,1,False
2026-09-14 01:26:37.074751+00:00,sess-refxfm3b83mu0jr5xr,c-9bc15435-eaca-4508-8743-6f7076b4c2ae,beta_A,control,quest,0.07571138724900714,False,2026-09-13T19:00:08Z,https://calmforest.cloud,e449a249-1fea-49e0-9cda-615810f132ca,2026-09-14 01:11:00.314000+00:00,2026-09-14 01:50:05.203000+00:00,2345,1408,1,False
2026-09-14 01:26:57.628657+00:00,sess-refxfm3b83mu0jr5xr,c-9bc15435-eaca-4508-8743-6f7076b4c2ae,beta_A,control,quest,0.09425950273033061,False,2026-09-13T19:00:08Z,https://calmforest.cloud,e449a249-1fea-49e0-9cda-615810f132ca,2026-09-14 01:11:00.314000+00:00,2026-09-14 01:50:05.203000+00:00,2345,1387,1,False
2026-09-14 01:27:00.571012+00:00,sess-refxfm3b83mu0jr5xr,c-9bc15435-eaca-4508-8743-6f7076b4c2ae,beta_A,control,quest,0.0651443630157503,False,2026-09-13T19:00:08Z,https://calmforest.cloud,e449a249-1fea-49e0-9cda-615810f132ca,2026-09-14 01:11:00.314000+00:00,2026-09-14 01:50:05.203000+00:00,2345,1384,1,False
2026-09-14 01:27:01.824782+00:00,sess-refxfm3b83mu0jr5xr,c-9bc15435-eaca-4508-8743-6f7076b4c2ae,beta_A,control,quest,0.07023806823836799,False,2026-09-13T19:00:08Z,https://calmforest.cloud,e449a249-1fea-49e0-9cda-615810f132ca,2026-09-14 01:11:00.314000+00:00,2026-09-14 01:50:05.203000+00:00,2345,1383,1,False
2026-09-14 01:27:02.628078+00:00,sess-refxfm3b83mu0jr5xr,c-9bc15435-eaca-4508-8743-6f7076b4c2ae,beta_A,control,quest,0.07555639089523171,False,2026-09-13T19:00:08Z,https://calmforest.cloud,e449a249-1fea-49e0-9cda-615810f132ca,2026-09-14 01:11:00.314000+00:00,2026-09-14 01:50:05.203000+00:00,2345,1382,1,False
2026-09-14 01:27:28.270270+00:00,sess-refxfm3b83mu0jr5xr,c-9bc15435-eaca-4508-8743-6f7076b4c2ae,beta_A,control,quest,0.09397540014081279,False,2026-09-13T19:00:08Z,https://calmforest.cloud,e449a249-1fea-49e0-9cda-615810f132ca,2026-09-14 01:11:00.314000+00:00,2026-09-14 01:50:05.203000+00:00,2345,1356,1,False
2026-09-14 01:27:32.375665+00:00,sess-refxfm3b83mu0jr5xr,c-9bc15435-eaca-4508-8743-6f7076b4c2ae,beta_A,control,quest,0.060907464057196756,False,2026-09-13T19:00:08Z,https://calmforest.cloud,e449a249-1fea-49e0-9cda-615810f132ca,2026-09-14 01:11:00.314000+00:00,2026-09-14 01:50:05.203000+00:00,2345,1352,1,False
2026-09-14 01:27:42.438262+00:00,sess-refxfm3b83mu0jr5xr,c-9bc15435-eaca-4508-8743-6f7076b4c2ae,beta_A,control,quest,0.08147361388929492,False,2026-09-13T19:00:08Z,https://calmforest.cloud,e449a249-1fea-49e0-9cda-615810f132ca,2026-09-14 01:11:00.314000+00:00,2026-09-14 01:50:05.203000+00:00,2345,1342,1,False
2026-09-14 01:27:43.985064+00:00,sess-refxfm3b83mu0jr5xr,c-9bc15435-eaca-4508-8743-6f7076b4c2ae,beta_A,control,quest,0.07032146317552147,False,2026-09-13T19:00:08Z,https://calmforest.cloud,e449a249-1fea-49e0-9cda-615810f132ca,2026-09-14 01:11:00.314000+00:00,2026-09-14 01:50:05.203000+00:00,2345,1341,1,False
2026-09-14 01:27:55.473341+00:00,sess-refxfm3b83mu0jr5xr,c-9bc15435-eaca-4508-8743-6f7076b4c2ae,beta_A,control,quest,0.09425085041877031,False,2026-09-13T19:00:08Z,https://calmforest.cloud,e449a249-1fea-49e0-9cda-615810f132ca,2026-09-14 01:11:00.314000+00:00,2026-09-14 01:50:05.203000+00:00,2345,1329,1,False
2026-09-14 01:28:00.474302+00:00,sess-refxfm3b83mu0jr5xr,c-9bc15435-eaca-4508-8743-6f7076b4c2ae,beta_A,control,quest,0.09413020414464174,False,2026-09-13T19:00:08Z,https://calmforest.cloud,e449a249-1fea-49e0-9cda-615810f132ca,2026-09-14 01:11:00.314000+00:00,2026-09-14 01:50:05.203000+00:00,2345,1324,1,False
2026-09-14 01:28:01.231730+00:00,sess-refxfm3b83mu0jr5xr,c-9bc15435-eaca-4508-8743-6f7076b4c2ae,beta_A,control,quest,0.08758517036679524,False,2026-09-13T19:00:08Z,https://calmforest.cloud,e449a249-1fea-49e0-9cda-615810f132ca,2026-09-14 01:11:00.314000+00:00,2026-09-14 01:50:05.203000+00:00,2345,1323,1,False
2026-09-14 01:28:26.003700+00:00,sess-refxfm3b83mu0jr5xr,c-9bc15435-eaca-4508-8743-6f7076b4c2ae,beta_A,control,quest,0.09410058119212264,False,2026-09-13T19:00:08Z,https://calmforest.cloud,e449a249-1fea-49e0-9cda-615810f132ca,2026-09-14 01:11:00.314000+00:00,2026-09-14 01:50:05.203000+00:00,2345,1299,1,False
2026-09-14 01:28:26.950342+00:00,sess-refxfm3b83mu0jr5xr,c-9bc15435-eaca-4508-8743-6f7076b4c2ae,beta_A,control,quest,0.07576470332714583,False,2026-09-13T19:00:08Z,https://calmforest.cloud,e449a249-1fea-49e0-9cda-615810f132ca,2026-09-14 01:11:00.314000+00:00,2026-09-14 01:50:05.203000+00:00,2345,1298,1,False
2026-09-14 01:28:27.937707+00:00,sess-refxfm3b83mu0jr5xr,c-9bc15435-eaca-4508-8743-6f7076b4c2ae,beta_A,control,quest,0.06525978485110531,False,2026-09-13T19:00:08Z,https://calmforest.cloud,e449a249-1fea-49e0-9cda-615810f132ca,2026-09-14 01:11:00.314000+00:00,2026-09-14 01:50:05.203000+00:00,2345,1297,1,False
2026-09-14 01:28:30.899654+00:00,sess-refxfm3b83mu0jr5xr,c-9bc15435-eaca-4508-8743-6f7076b4c2ae,beta_A,control,quest,0.04837520391606878,False,2026-09-13T19:00:08Z,https://calmforest.cloud,e449a249-1fea-49e0-9cda-615810f132ca,2026-09-14 01:11:00.314000+00:00,2026-09-14 01:50:05.203000+00:00,2345,1294,1,False
2026-09-14 01:29:54.373353+00:00,sess-refxfm3b83mu0jr5xr,c-9bc15435-eaca-4508-8743-6f7076b4c2ae,beta_A,control,quest,0.09421666415764099,False,2026-09-13T19:00:08Z,https://calmforest.cloud,e449a249-1fea-49e0-9cda-615810f132ca,2026-09-14 01:11:00.314000+00:00,2026-09-14 01:50:05.203000+00:00,2345,1210,1,False
2026-09-14 01:29:55.404981+00:00,sess-refxfm3b83mu0jr5xr,c-9bc15435-eaca-4508-8743-6f7076b4c2ae,beta_A,control,quest,0.0717364481170802,False,2026-09-13T19:00:08Z,https://calmforest.cloud,e449a249-1fea-49e0-9cda-615810f132ca,2026-09-14 01:11:00.314000+00:00,2026-09-14 01:50:05.203000+00:00,2345,1209,1,False
2026-09-14 01:29:55.905523+00:00,sess-refxfm3b83mu0jr5xr,c-9bc15435-eaca-4508-8743-6f7076b4c2ae,beta_A,control,quest,0.061782148383953094,False,2026-09-13T19:00:08Z,https://calmforest.cloud,e449a249-1fea-49e0-9cda-615810f132ca,2026-09-14 01:11:00.314000+00:00,2026-09-14 01:50:05.203000+00:00,2345,1209,1,False
2026-09-14 01:29:58.131190+00:00,sess-refxfm3b83mu0jr5xr,c-9bc15435-eaca-4508-8743-6f7076b4c2ae,beta_A,control,quest,0.04817900730702573,False,2026-09-13T19:00:08Z,https://calmforest.cloud,e449a249-1fea-49e0-9cda-615810f132ca,2026-09-14 01:11:00.314000+00:00,2026-09-14 01:50:05.203000+00:00,2345,1207,1,False
2026-09-14 01:29:59.448693+00:00,sess-refxfm3b83mu0jr5xr,c-9bc15435-eaca-4508-8743-6f7076b4c2ae,beta_A,control,quest,0.07547886754908487,False,2026-09-13T19:00:08Z,https://calmforest.cloud,e449a249-1fea-49e0-9cda-615810f132ca,2026-09-14 01:11:00.314000+00:00,2026-09-14 01:50:05.203000+00:00,2345,1205,1,False
2026-09-14 01:30:00.162157+00:00,sess-refxfm3b83mu0jr5xr,c-9bc15435-eaca-4508-8743-6f7076b4c2ae,beta_A,control,quest,0.08114779151900843,False,2026-09-13T19:00:08Z,https://calmforest.cloud,e449a249-1fea-49e0-9cda-615810f132ca,2026-09-14 01:11:00.314000+00:00,2026-09-14 01:50:05.203000+00:00,2345,1205,1,False
2026-09-14 01:30:21.697789+00:00,sess-refxfm3b83mu0jr5xr,c-9bc15435-eaca-4508-8743-6f7076b4c2ae,beta_A,control,quest,0.09420528991376792,False,2026-09-13T19:00:08Z,https://calmforest.cloud,e449a249-1fea-49e0-9cda-615810f132ca,2026-09-14 01:11:00.314000+00:00,2026-09-14 01:50:05.203000+00:00,2345,1183,1,False
2026-09-14 01:30:22.336988+00:00,sess-refxfm3b83mu0jr5xr,c-9bc15435-eaca-4508-8743-6f7076b4c2ae,beta_A,control,quest,0.09420528991376792,False,2026-09-13T19:00:08Z,https://calmforest.cloud,e449a249-1fea-49e0-9cda-615810f132ca,2026-09-14 01:11:00.314000+00:00,2026-09-14 01:50:05.203000+00:00,2345,1182,1,False
2026-09-14 01:30:23.015450+00:00,sess-refxfm3b83mu0jr5xr,c-9bc15435-eaca-4508-8743-6f7076b4c2ae,beta_A,control,quest,0.09421485949730571,False,2026-09-13T19:00:08Z,https://calmforest.cloud,e449a249-1fea-49e0-9cda-615810f132ca,2026-09-14 01:11:00.314000+00:00,2026-09-14 01:50:05.203000+00:00,2345,1182,1,False
2026-09-14 01:30:25.925738+00:00,sess-refxfm3b83mu0jr5xr,c-9bc15435-eaca-4508-8743-6f7076b4c2ae,beta_A,control,quest,0.06507162164616347,False,2026-09-13T19:00:08Z,https://calmforest.cloud,e449a249-1fea-49e0-9cda-615810f132ca,2026-09-14 01:11:00.314000+00:00,2026-09-14 01:50:05.203000+00:00,2345,1179,1,False
2026-09-14 01:30:47.663495+00:00,sess-refxfm3b83mu0jr5xr,c-9bc15435-eaca-4508-8743-6f7076b4c2ae,beta_A,control,quest,0.09409310611525012,False,2026-09-13T19:00:08Z,https://calmforest.cloud,e449a249-1fea-49e0-9cda-615810f132ca,2026-09-14 01:11:00.314000+00:00,2026-09-14 01:50:05.203000+00:00,2345,1157,1,False
2026-09-14 01:30:54.701192+00:00,sess-refxfm3b83mu0jr5xr,c-9bc15435-eaca-4508-8743-6f7076b4c2ae,beta_A,control,quest,0.08167950511546658,False,2026-09-13T19:00:08Z,https://calmforest.cloud,e449a249-1fea-49e0-9cda-615810f132ca,2026-09-14 01:11:00.314000+00:00,2026-09-14 01:50:05.203000+00:00,2345,1150,1,False
2026-09-14 01:30:55.397013+00:00,sess-refxfm3b83mu0jr5xr,c-9bc15435-eaca-4508-8743-6f7076b4c2ae,beta_A,control,quest,0.08157631215097301,False,2026-09-13T19:00:08Z,https://calmforest.cloud,e449a249-1fea-49e0-9cda-615810f132ca,2026-09-14 01:11:00.314000+00:00,2026-09-14 01:50:05.203000+00:00,2345,1149,1,False
2026-09-14 01:30:56.152367+00:00,sess-refxfm3b83mu0jr5xr,c-9bc15435-eaca-4508-8743-6f7076b4c2ae,beta_A,control,quest,0.08157631215097301,False,2026-09-13T19:00:08Z,https://calmforest.cloud,e449a249-1fea-49e0-9cda-615810f132ca,2026-09-14 01:11:00.314000+00:00,2026-09-14 01:50:05.203000+00:00,2345,1149,1,False
2026-09-14 01:30:58.907658+00:00,sess-refxfm3b83mu0jr5xr,c-9bc15435-eaca-4508-8743-6f7076b4c2ae,beta_A,control,quest,0.05206693860128966,False,2026-09-13T19:00:08Z,https://calmforest.cloud,e449a249-1fea-49e0-9cda-615810f132ca,2026-09-14 01:11:00.314000+00:00,2026-09-14 01:50:05.203000+00:00,2345,1146,1,False
2026-09-14 01:31:01.490451+00:00,sess-refxfm3b83mu0jr5xr,c-9bc15435-eaca-4508-8743-6f7076b4c2ae,beta_A,control,quest,0.09408470615783822,False,2026-09-13T19:00:08Z,https://calmforest.cloud,e449a249-1fea-49e0-9cda-615810f132ca,2026-09-14 01:11:00.314000+00:00,2026-09-14 01:50:05.203000+00:00,2345,1143,1,False
2026-09-14 01:31:02.174912+00:00,sess-refxfm3b83mu0jr5xr,c-9bc15435-eaca-4508-8743-6f7076b4c2ae,beta_A,control,quest,0.08131898432814486,False,2026-09-13T19:00:08Z,https://calmforest.cloud,e449a249-1fea-49e0-9cda-615810f132ca,2026-09-14 01:11:00.314000+00:00,2026-09-14 01:50:05.203000+00:00,2345,1143,1,False
2026-09-14 01:31:06.635737+00:00,sess-refxfm3b83mu0jr5xr,c-9bc15435-eaca-4508-8743-6f7076b4c2ae,beta_A,control,quest,0.0940826025700429,False,2026-09-13T19:00:08Z,https://calmforest.cloud,e449a249-1fea-49e0-9cda-615810f132ca,2026-09-14 01:11:00.314000+00:00,2026-09-14 01:50:05.203000+00:00,2345,1138,1,False
2026-09-14 01:31:11.346777+00:00,sess-refxfm3b83mu0jr5xr,c-9bc15435-eaca-4508-8743-6f7076b4c2ae,beta_A,control,quest,0.09421701384047719,False,2026-09-13T19:00:08Z,https://calmforest.cloud,e449a249-1fea-49e0-9cda-615810f132ca,2026-09-14 01:11:00.314000+00:00,2026-09-14 01:50:05.203000+00:00,2345,1133,1,False
2026-09-14 01:31:14.173732+00:00,sess-refxfm3b83mu0jr5xr,c-9bc15435-eaca-4508-8743-6f7076b4c2ae,beta_A,control,quest,0.07556656576008028,False,2026-09-13T19:00:08Z,https://calmforest.cloud,e449a249-1fea-49e0-9cda-615810f132ca,2026-09-14 01:11:00.314000+00:00,2026-09-14 01:50:05.203000+00:00,2345,1131,1,False
2026-09-14 01:31:26.695367+00:00,sess-refxfm3b83mu0jr5xr,c-9bc15435-eaca-4508-8743-6f7076b4c2ae,beta_A,control,quest,0.08130770389529207,False,2026-09-13T19:00:08Z,https://calmforest.cloud,e449a249-1fea-49e0-9cda-615810f132ca,2026-09-14 01:11:00.314000+00:00,2026-09-14 01:50:05.203000+00:00,2345,1118,1,False
2026-09-14 01:31:40.973350+00:00,sess-refxfm3b83mu0jr5xr,c-9bc15435-eaca-4508-8743-6f7076b4c2ae,beta_A,control,quest,0.08158142805398955,False,2026-09-13T19:00:08Z,https://calmforest.cloud,e449a249-1fea-49e0-9cda-615810f132ca,2026-09-14 01:11:00.314000+00:00,2026-09-14 01:50:05.203000+00:00,2345,1104,1,False
2026-09-14 01:31:43.989043+00:00,sess-refxfm3b83mu0jr5xr,c-9bc15435-eaca-4508-8743-6f7076b4c2ae,beta_A,control,quest,0.05613261190320764,False,2026-09-13T19:00:08Z,https://calmforest.cloud,e449a249-1fea-49e0-9cda-615810f132ca,2026-09-14 01:11:00.314000+00:00,2026-09-14 01:50:05.203000+00:00,2345,1101,1,False
2026-09-14 01:32:11.829281+00:00,sess-refxfm3b83mu0jr5xr,c-9bc15435-eaca-4508-8743-6f7076b4c2ae,beta_A,control,quest,0.08127021997134812,False,2026-09-13T19:00:08Z,https://calmforest.cloud,e449a249-1fea-49e0-9cda-615810f132ca,2026-09-14 01:11:00.314000+00:00,2026-09-14 01:50:05.203000+00:00,2345,1073,1,False
2026-09-14 01:32:14.284812+00:00,sess-refxfm3b83mu0jr5xr,c-9bc15435-eaca-4508-8743-6f7076b4c2ae,beta_A,control,quest,0.07045916081047371,False,2026-09-13T19:00:08Z,https://calmforest.cloud,e449a249-1fea-49e0-9cda-615810f132ca,2026-09-14 01:11:00.314000+00:00,2026-09-14 01:50:05.203000+00:00,2345,1070,1,False
2026-09-14 01:32:19.456806+00:00,sess-refxfm3b83mu0jr5xr,c-9bc15435-eaca-4508-8743-6f7076b4c2ae,beta_A,control,quest,0.09427767144297318,False,2026-09-13T19:00:08Z,https://calmforest.cloud,e449a249-1fea-49e0-9cda-615810f132ca,2026-09-14 01:11:00.314000+00:00,2026-09-14 01:50:05.203000+00:00,2345,1065,1,False
2026-09-14 01:32:20.327771+00:00,sess-refxfm3b83mu0jr5xr,c-9bc15435-eaca-4508-8743-6f7076b4c2ae,beta_A,control,quest,0.07607250755197634,False,2026-09-13T19:00:08Z,https://calmforest.cloud,e449a249-1fea-49e0-9cda-615810f132ca,2026-09-14 01:11:00.314000+00:00,2026-09-14 01:50:05.203000+00:00,2345,1064,1,False
2026-09-14 01:32:20.876301+00:00,sess-refxfm3b83mu0jr5xr,c-9bc15435-eaca-4508-8743-6f7076b4c2ae,beta_A,control,quest,0.07061567846524339,False,2026-09-13T19:00:08Z,https://calmforest.cloud,e449a249-1fea-49e0-9cda-615810f132ca,2026-09-14 01:11:00.314000+00:00,2026-09-14 01:50:05.203000+00:00,2345,1064,1,False
2026-09-14 01:32:23.249308+00:00,sess-refxfm3b83mu0jr5xr,c-9bc15435-eaca-4508-8743-6f7076b4c2ae,beta_A,control,quest,0.06079956444927092,False,2026-09-13T19:00:08Z,https://calmforest.cloud,e449a249-1fea-49e0-9cda-615810f132ca,2026-09-14 01:11:00.314000+00:00,2026-09-14 01:50:05.203000+00:00,2345,1061,1,False
2026-09-14 01:32:24.652664+00:00,sess-refxfm3b83mu0jr5xr,c-9bc15435-eaca-4508-8743-6f7076b4c2ae,beta_A,control,quest,0.08099548382712286,False,2026-09-13T19:00:08Z,https://calmforest.cloud,e449a249-1fea-49e0-9cda-615810f132ca,2026-09-14 01:11:00.314000+00:00,2026-09-14 01:50:05.203000+00:00,2345,1060,1,False
2026-09-14 01:32:25.496943+00:00,sess-refxfm3b83mu0jr5xr,c-9bc15435-eaca-4508-8743-6f7076b4c2ae,beta_A,control,quest,0.08697731845722176,False,2026-09-13T19:00:08Z,https://calmforest.cloud,e449a249-1fea-49e0-9cda-615810f132ca,2026-09-14 01:11:00.314000+00:00,2026-09-14 01:50:05.203000+00:00,2345,1059,1,False
2026-09-14 01:32:26.251509+00:00,sess-refxfm3b83mu0jr5xr,c-9bc15435-eaca-4508-8743-6f7076b4c2ae,beta_A,control,quest,0.08697731845722176,False,2026-09-13T19:00:08Z,https://calmforest.cloud,e449a249-1fea-49e0-9cda-615810f132ca,2026-09-14 01:11:00.314000+00:00,2026-09-14 01:50:05.203000+00:00,2345,1058,1,False
2026-09-14 01:32:28.770522+00:00,sess-refxfm3b83mu0jr5xr,c-9bc15435-eaca-4508-8743-6f7076b4c2ae,beta_A,control,quest,0.07551523356192949,False,2026-09-13T19:00:08Z,https://calmforest.cloud,e449a249-1fea-49e0-9cda-615810f132ca,2026-09-14 01:11:00.314000+00:00,2026-09-14 01:50:05.203000+00:00,2345,1056,1,False
2026-09-14 01:32:29.170653+00:00,sess-refxfm3b83mu0jr5xr,c-9bc15435-eaca-4508-8743-6f7076b4c2ae,beta_A,control,quest,0.07551523356192949,False,2026-09-13T19:00:08Z,https://calmforest.cloud,e449a249-1fea-49e0-9cda-615810f132ca,2026-09-14 01:11:00.314000+00:00,2026-09-14 01:50:05.203000+00:00,2345,1056,1,False
2026-09-14 01:33:02.903398+00:00,sess-refxfm3b83mu0jr5xr,c-9bc15435-eaca-4508-8743-6f7076b4c2ae,beta_A,control,quest,0.09423547074051275,False,2026-09-13T19:00:08Z,https://calmforest.cloud,e449a249-1fea-49e0-9cda-615810f132ca,2026-09-14 01:11:00.314000+00:00,2026-09-14 01:50:05.203000+00:00,2345,1022,1,False
2026-09-14 01:33:04.450191+00:00,sess-refxfm3b83mu0jr5xr,c-9bc15435-eaca-4508-8743-6f7076b4c2ae,beta_A,control,quest,0.0758109387443635,False,2026-09-13T19:00:08Z,https://calmforest.cloud,e449a249-1fea-49e0-9cda-615810f132ca,2026-09-14 01:11:00.314000+00:00,2026-09-14 01:50:05.203000+00:00,2345,1020,1,False
2026-09-14 01:35:23.148416+00:00,sess-refxfm3b83mu0jr5xr,c-9bc15435-eaca-4508-8743-6f7076b4c2ae,beta_A,control,quest,0.09489907453815907,False,2026-09-13T19:00:08Z,https://calmforest.cloud,e449a249-1fea-49e0-9cda-615810f132ca,2026-09-14 01:11:00.314000+00:00,2026-09-14 01:50:05.203000+00:00,2345,882,1,False
2026-09-14 01:35:49.088272+00:00,sess-refxfm3b83mu0jr5xr,c-9bc15435-eaca-4508-8743-6f7076b4c2ae,beta_A,control,quest,0.09422571561392652,False,2026-09-13T19:00:08Z,https://calmforest.cloud,e449a249-1fea-49e0-9cda-615810f132ca,2026-09-14 01:11:00.314000+00:00,2026-09-14 01:50:05.203000+00:00,2345,856,1,False
2026-09-14 01:35:50.226376+00:00,sess-refxfm3b83mu0jr5xr,c-9bc15435-eaca-4508-8743-6f7076b4c2ae,beta_A,control,quest,0.07589786026253878,False,2026-09-13T19:00:08Z,https://calmforest.cloud,e449a249-1fea-49e0-9cda-615810f132ca,2026-09-14 01:11:00.314000+00:00,2026-09-14 01:50:05.203000+00:00,2345,854,1,False
2026-09-14 01:37:36.308824+00:00,sess-refxfm3b83mu0jr5xr,c-9bc15435-eaca-4508-8743-6f7076b4c2ae,beta_A,control,quest,0.0942994429599642,False,2026-09-13T19:00:08Z,https://calmforest.cloud,e449a249-1fea-49e0-9cda-615810f132ca,2026-09-14 01:11:00.314000+00:00,2026-09-14 01:50:05.203000+00:00,2345,748,1,False
2026-09-14 01:37:37.108622+00:00,sess-refxfm3b83mu0jr5xr,c-9bc15435-eaca-4508-8743-6f7076b4c2ae,beta_A,control,quest,0.07594268663649918,False,2026-09-13T19:00:08Z,https://calmforest.cloud,e449a249-1fea-49e0-9cda-615810f132ca,2026-09-14 01:11:00.314000+00:00,2026-09-14 01:50:05.203000+00:00,2345,748,1,False
2026-09-14 01:37:37.881776+00:00,sess-refxfm3b83mu0jr5xr,c-9bc15435-eaca-4508-8743-6f7076b4c2ae,beta_A,control,quest,0.07043625623228308,False,2026-09-13T19:00:08Z,https://calmforest.cloud,e449a249-1fea-49e0-9cda-615810f132ca,2026-09-14 01:11:00.314000+00:00,2026-09-14 01:50:05.203000+00:00,2345,747,1,False
2026-09-14 01:37:48.586406+00:00,sess-refxfm3b83mu0jr5xr,c-9bc15435-eaca-4508-8743-6f7076b4c2ae,beta_A,control,quest,0.09422520697589903,False,2026-09-13T19:00:08Z,https://calmforest.cloud,e449a249-1fea-49e0-9cda-615810f132ca,2026-09-14 01:11:00.314000+00:00,2026-09-14 01:50:05.203000+00:00,2345,736,1,False
2026-09-14 01:37:50.174710+00:00,sess-refxfm3b83mu0jr5xr,c-9bc15435-eaca-4508-8743-6f7076b4c2ae,beta_A,control,quest,0.07036077104427296,False,2026-09-13T19:00:08Z,https://calmforest.cloud,e449a249-1fea-49e0-9cda-615810f132ca,2026-09-14 01:11:00.314000+00:00,2026-09-14 01:50:05.203000+00:00,2345,735,1,False
2026-09-14 01:38:01.695972+00:00,sess-refxfm3b83mu0jr5xr,c-9bc15435-eaca-4508-8743-6f7076b4c2ae,beta_A,control,quest,0.09408178938257114,False,2026-09-13T19:00:08Z,https://calmforest.cloud,e449a249-1fea-49e0-9cda-615810f132ca,2026-09-14 01:11:00.314000+00:00,2026-09-14 01:50:05.203000+00:00,2345,723,1,False
2026-09-14 01:38:02.652147+00:00,sess-refxfm3b83mu0jr5xr,c-9bc15435-eaca-4508-8743-6f7076b4c2ae,beta_A,control,quest,0.07559965047222239,False,2026-09-13T19:00:08Z,https://calmforest.cloud,e449a249-1fea-49e0-9cda-615810f132ca,2026-09-14 01:11:00.314000+00:00,2026-09-14 01:50:05.203000+00:00,2345,722,1,False
2026-09-14 01:38:03.255076+00:00,sess-refxfm3b83mu0jr5xr,c-9bc15435-eaca-4508-8743-6f7076b4c2ae,beta_A,control,quest,0.07559965047222239,False,2026-09-13T19:00:08Z,https://calmforest.cloud,e449a249-1fea-49e0-9cda-615810f132ca,2026-09-14 01:11:00.314000+00:00,2026-09-14 01:50:05.203000+00:00,2345,721,1,False
2026-09-14 01:38:04.622844+00:00,sess-refxfm3b83mu0jr5xr,c-9bc15435-eaca-4508-8743-6f7076b4c2ae,beta_A,control,quest,0.06050996558863737,False,2026-09-13T19:00:08Z,https://calmforest.cloud,e449a249-1fea-49e0-9cda-615810f132ca,2026-09-14 01:11:00.314000+00:00,2026-09-14 01:50:05.203000+00:00,2345,720,1,False
2026-09-14 01:38:33.225659+00:00,sess-refxfm3b83mu0jr5xr,c-9bc15435-eaca-4508-8743-6f7076b4c2ae,beta_A,control,quest,0.09421210265439264,False,2026-09-13T19:00:08Z,https://calmforest.cloud,e449a249-1fea-49e0-9cda-615810f132ca,2026-09-14 01:11:00.314000+00:00,2026-09-14 01:50:05.203000+00:00,2345,691,1,False
2026-09-14 01:38:44.873960+00:00,sess-refxfm3b83mu0jr5xr,c-9bc15435-eaca-4508-8743-6f7076b4c2ae,beta_A,control,quest,0.09424378499862908,False,2026-09-13T19:00:08Z,https://calmforest.cloud,e449a249-1fea-49e0-9cda-615810f132ca,2026-09-14 01:11:00.314000+00:00,2026-09-14 01:50:05.203000+00:00,2345,680,1,False
2026-09-14 01:41:35.014134+00:00,sess-refxfm3b83mu0jr5xr,c-9bc15435-eaca-4508-8743-6f7076b4c2ae,beta_A,control,quest,0.09396401487874124,False,2026-09-13T19:00:08Z,https://calmforest.cloud,e449a249-1fea-49e0-9cda-615810f132ca,2026-09-14 01:11:00.314000+00:00,2026-09-14 01:50:05.203000+00:00,2345,510,1,False
2026-09-14 01:41:35.756245+00:00,sess-refxfm3b83mu0jr5xr,c-9bc15435-eaca-4508-8743-6f7076b4c2ae,beta_A,control,quest,0.06611261161297947,False,2026-09-13T19:00:08Z,https://calmforest.cloud,e449a249-1fea-49e0-9cda-615810f132ca,2026-09-14 01:11:00.314000+00:00,2026-09-14 01:50:05.203000+00:00,2345,509,1,False
2026-09-14 01:41:36.760014+00:00,sess-refxfm3b83mu0jr5xr,c-9bc15435-eaca-4508-8743-6f7076b4c2ae,beta_A,control,quest,0.06139134182693665,False,2026-09-13T19:00:08Z,https://calmforest.cloud,e449a249-1fea-49e0-9cda-615810f132ca,2026-09-14 01:11:00.314000+00:00,2026-09-14 01:50:05.203000+00:00,2345,508,1,False
2026-09-14 01:41:42.108547+00:00,sess-refxfm3b83mu0jr5xr,c-9bc15435-eaca-4508-8743-6f7076b4c2ae,beta_A,control,quest,0.0484268700915451,False,2026-09-13T19:00:08Z,https://calmforest.cloud,e449a249-1fea-49e0-9cda-615810f132ca,2026-09-14 01:11:00.314000+00:00,2026-09-14 01:50:05.203000+00:00,2345,503,1,False
2026-09-14 01:41:46.945808+00:00,sess-refxfm3b83mu0jr5xr,c-9bc15435-eaca-4508-8743-6f7076b4c2ae,beta_A,control,quest,0.09405781027708073,False,2026-09-13T19:00:08Z,https://calmforest.cloud,e449a249-1fea-49e0-9cda-615810f132ca,2026-09-14 01:11:00.314000+00:00,2026-09-14 01:50:05.203000+00:00,2345,498,1,False
2026-09-14 01:41:59.200895+00:00,sess-refxfm3b83mu0jr5xr,c-9bc15435-eaca-4508-8743-6f7076b4c2ae,beta_A,control,quest,0.09419537886018647,False,2026-09-13T19:00:08Z,https://calmforest.cloud,e449a249-1fea-49e0-9cda-615810f132ca,2026-09-14 01:11:00.314000+00:00,2026-09-14 01:50:05.203000+00:00,2345,486,1,False
2026-09-14 01:42:00.074955+00:00,sess-refxfm3b83mu0jr5xr,c-9bc15435-eaca-4508-8743-6f7076b4c2ae,beta_A,control,quest,0.08139689794958176,False,2026-09-13T19:00:08Z,https://calmforest.cloud,e449a249-1fea-49e0-9cda-615810f132ca,2026-09-14 01:11:00.314000+00:00,2026-09-14 01:50:05.203000+00:00,2345,485,1,False
2026-09-14 06:28:17.882602+00:00,sess-pdvkd111ddmu0v2t2l,c-530d5746-aad0-4dd7-b3f4-50abb3ad39a5,beta_B,control,time15,0.39523248959425716,True,2026-09-13T19:00:08Z,https://calmforest.cloud,e9e102ad-dc26-4d4f-9aab-0c8b2df0e925,2026-09-14 06:27:59.283000+00:00,2026-09-14 06:47:21.664000+00:00,1162,1143,1,True
2026-09-14 06:30:25.838753+00:00,sess-pdvkd111ddmu0v2t2l,c-530d5746-aad0-4dd7-b3f4-50abb3ad39a5,beta_B,control,quest,0.09404908343647873,False,2026-09-13T19:00:08Z,https://calmforest.cloud,e9e102ad-dc26-4d4f-9aab-0c8b2df0e925,2026-09-14 06:27:59.283000+00:00,2026-09-14 06:47:21.664000+00:00,1162,1015,1,False
2026-09-14 06:30:26.077952+00:00,sess-pdvkd111ddmu0v2t2l,c-530d5746-aad0-4dd7-b3f4-50abb3ad39a5,beta_B,control,quest,0.09409106680128325,False,2026-09-13T19:00:08Z,https://calmforest.cloud,e9e102ad-dc26-4d4f-9aab-0c8b2df0e925,2026-09-14 06:27:59.283000+00:00,2026-09-14 06:47:21.664000+00:00,1162,1015,1,False
2026-09-14 06:30:30.576008+00:00,sess-pdvkd111ddmu0v2t2l,c-530d5746-aad0-4dd7-b3f4-50abb3ad39a5,beta_B,control,quest,0.09404443552268,False,2026-09-13T19:00:08Z,https://calmforest.cloud,e9e102ad-dc26-4d4f-9aab-0c8b2df0e925,2026-09-14 06:27:59.283000+00:00,2026-09-14 06:47:21.664000+00:00,1162,1011,1,False
2026-09-14 06:30:30.814965+00:00,sess-pdvkd111ddmu0v2t2l,c-530d5746-aad0-4dd7-b3f4-50abb3ad39a5,beta_B,control,quest,0.0940667938501538,False,2026-09-13T19:00:08Z,https://calmforest.cloud,e9e102ad-dc26-4d4f-9aab-0c8b2df0e925,2026-09-14 06:27:59.283000+00:00,2026-09-14 06:47:21.664000+00:00,1162,1010,1,False
2026-09-14 08:29:08.290573+00:00,sess-quzxw7r1mesmu0ze8go,c-d0173dd9-8e73-43f0-9c3b-016844ffa5a6,beta_B,control,time15,0.3279729214776145,False,2026-09-13T19:00:08Z,https://calmforest.cloud,96ce06d2-f9f0-4eaa-ae7e-f85a84b100b5,2026-09-14 08:28:50.910000+00:00,2026-09-14 08:29:23.690000+00:00,33,15,0,False
2026-09-14 10:05:41.774731+00:00,sess-ls4vewwlhtmu12uimg,c-80cc6d4c-d405-4e16-898a-f6c1e4f17a52,beta_B,treat,quest,0.09397619938284668,False,2026-09-13T19:00:08Z,https://calmforest.cloud,867ef5fa-448b-44e3-9b48-a2738234b6f7,2026-09-14 10:05:29.420000+00:00,2026-09-14 10:14:11.229000+00:00,522,509,1,False
2026-09-14 10:05:44.994634+00:00,sess-ls4vewwlhtmu12uimg,c-80cc6d4c-d405-4e16-898a-f6c1e4f17a52,beta_B,treat,quest,0.07557193583740801,False,2026-09-13T19:00:08Z,https://calmforest.cloud,867ef5fa-448b-44e3-9b48-a2738234b6f7,2026-09-14 10:05:29.420000+00:00,2026-09-14 10:14:11.229000+00:00,522,506,1,False
2026-09-14 10:05:46.954722+00:00,sess-ls4vewwlhtmu12uimg,c-80cc6d4c-d405-4e16-898a-f6c1e4f17a52,beta_B,treat,time15,0.3125865177971555,False,2026-09-13T19:00:08Z,https://calmforest.cloud,867ef5fa-448b-44e3-9b48-a2738234b6f7,2026-09-14 10:05:29.420000+00:00,2026-09-14 10:14:11.229000+00:00,522,504,1,False
2026-09-14 10:06:41.510658+00:00,sess-ls4vewwlhtmu12uimg,c-80cc6d4c-d405-4e16-898a-f6c1e4f17a52,beta_B,treat,quest,0.07620285468889884,False,2026-09-13T19:00:08Z,https://calmforest.cloud,867ef5fa-448b-44e3-9b48-a2738234b6f7,2026-09-14 10:05:29.420000+00:00,2026-09-14 10:14:11.229000+00:00,522,449,1,False
2026-09-14 10:06:41.546745+00:00,sess-ls4vewwlhtmu12uimg,c-80cc6d4c-d405-4e16-898a-f6c1e4f17a52,beta_B,treat,quest,0.08183321062920652,False,2026-09-13T19:00:08Z,https://calmforest.cloud,867ef5fa-448b-44e3-9b48-a2738234b6f7,2026-09-14 10:05:29.420000+00:00,2026-09-14 10:14:11.229000+00:00,522,449,1,False
2026-09-14 10:06:41.717003+00:00,sess-ls4vewwlhtmu12uimg,c-80cc6d4c-d405-4e16-898a-f6c1e4f17a52,beta_B,treat,quest,0.08183321062920652,False,2026-09-13T19:00:08Z,https://calmforest.cloud,867ef5fa-448b-44e3-9b48-a2738234b6f7,2026-09-14 10:05:29.420000+00:00,2026-09-14 10:14:11.229000+00:00,522,449,1,False
2026-09-14 10:08:29.770426+00:00,sess-ls4vewwlhtmu12uimg,c-80cc6d4c-d405-4e16-898a-f6c1e4f17a52,beta_B,treat,quest,0.09408216448561607,False,2026-09-13T19:00:08Z,https://calmforest.cloud,867ef5fa-448b-44e3-9b48-a2738234b6f7,2026-09-14 10:05:29.420000+00:00,2026-09-14 10:14:11.229000+00:00,522,341,1,False
2026-09-14 10:08:30.876392+00:00,sess-ls4vewwlhtmu12uimg,c-80cc6d4c-d405-4e16-898a-f6c1e4f17a52,beta_B,treat,quest,0.07574285257020764,False,2026-09-13T19:00:08Z,https://calmforest.cloud,867ef5fa-448b-44e3-9b48-a2738234b6f7,2026-09-14 10:05:29.420000+00:00,2026-09-14 10:14:11.229000+00:00,522,340,1,False
2026-09-14 10:08:35.442675+00:00,sess-ls4vewwlhtmu12uimg,c-80cc6d4c-d405-4e16-898a-f6c1e4f17a52,beta_B,treat,quest,0.09411784582334652,False,2026-09-13T19:00:08Z,https://calmforest.cloud,867ef5fa-448b-44e3-9b48-a2738234b6f7,2026-09-14 10:05:29.420000+00:00,2026-09-14 10:14:11.229000+00:00,522,335,1,False
2026-09-14 10:08:40.139719+00:00,sess-ls4vewwlhtmu12uimg,c-80cc6d4c-d405-4e16-898a-f6c1e4f17a52,beta_B,treat,quest,0.08771411581774818,False,2026-09-13T19:00:08Z,https://calmforest.cloud,867ef5fa-448b-44e3-9b48-a2738234b6f7,2026-09-14 10:05:29.420000+00:00,2026-09-14 10:14:11.229000+00:00,522,331,1,False
2026-09-14 10:09:47.201031+00:00,sess-ls4vewwlhtmu12uimg,c-80cc6d4c-d405-4e16-898a-f6c1e4f17a52,beta_B,treat,quest,0.08118779115439916,False,2026-09-13T19:00:08Z,https://calmforest.cloud,867ef5fa-448b-44e3-9b48-a2738234b6f7,2026-09-14 10:05:29.420000+00:00,2026-09-14 10:14:11.229000+00:00,522,264,1,False
2026-09-14 10:09:48.477148+00:00,sess-ls4vewwlhtmu12uimg,c-80cc6d4c-d405-4e16-898a-f6c1e4f17a52,beta_B,treat,quest,0.06500570220503961,False,2026-09-13T19:00:08Z,https://calmforest.cloud,867ef5fa-448b-44e3-9b48-a2738234b6f7,2026-09-14 10:05:29.420000+00:00,2026-09-14 10:14:11.229000+00:00,522,262,1,False
2026-09-14 10:09:54.460917+00:00,sess-ls4vewwlhtmu12uimg,c-80cc6d4c-d405-4e16-898a-f6c1e4f17a52,beta_B,treat,quest,0.09390127681730762,False,2026-09-13T19:00:08Z,https://calmforest.cloud,867ef5fa-448b-44e3-9b48-a2738234b6f7,2026-09-14 10:05:29.420000+00:00,2026-09-14 10:14:11.229000+00:00,522,256,1,False
2026-09-14 10:09:56.604020+00:00,sess-ls4vewwlhtmu12uimg,c-80cc6d4c-d405-4e16-898a-f6c1e4f17a52,beta_B,treat,quest,0.08738321145955047,False,2026-09-13T19:00:08Z,https://calmforest.cloud,867ef5fa-448b-44e3-9b48-a2738234b6f7,2026-09-14 10:05:29.420000+00:00,2026-09-14 10:14:11.229000+00:00,522,254,1,False
2026-09-14 10:09:57.501554+00:00,sess-ls4vewwlhtmu12uimg,c-80cc6d4c-d405-4e16-898a-f6c1e4f17a52,beta_B,treat,quest,0.07554008387943607,False,2026-09-13T19:00:08Z,https://calmforest.cloud,867ef5fa-448b-44e3-9b48-a2738234b6f7,2026-09-14 10:05:29.420000+00:00,2026-09-14 10:14:11.229000+00:00,522,253,1,False
2026-09-14 10:10:22.213977+00:00,sess-ls4vewwlhtmu12uimg,c-80cc6d4c-d405-4e16-898a-f6c1e4f17a52,beta_B,treat,quest,0.09408727283154984,False,2026-09-13T19:00:08Z,https://calmforest.cloud,867ef5fa-448b-44e3-9b48-a2738234b6f7,2026-09-14 10:05:29.420000+00:00,2026-09-14 10:14:11.229000+00:00,522,229,1,False
2026-09-14 10:10:24.024421+00:00,sess-ls4vewwlhtmu12uimg,c-80cc6d4c-d405-4e16-898a-f6c1e4f17a52,beta_B,treat,quest,0.08132407087511888,False,2026-09-13T19:00:08Z,https://calmforest.cloud,867ef5fa-448b-44e3-9b48-a2738234b6f7,2026-09-14 10:05:29.420000+00:00,2026-09-14 10:14:11.229000+00:00,522,227,1,False
2026-09-14 11:02:49.961135+00:00,sess-n12wnk732mu14vt9k,c-d0173dd9-8e73-43f0-9c3b-016844ffa5a6,beta_B,control,time15,0.33148871607929875,False,2026-09-13T19:00:08Z,https://calmforest.cloud,96ce06d2-f9f0-4eaa-ae7e-f85a84b100b5,2026-09-14 11:02:29.107000+00:00,2026-09-14 11:03:16.894000+00:00,48,26,0,False
2026-09-14 14:28:29.257724+00:00,sess-6lzd1u7orvbmu1c8bli,c-841cf77d-87df-4fcc-8fb2-62115be35519,beta_A,control,time15,0.36628908001693994,True,2026-09-13T19:00:08Z,https://calmforest.cloud,fabd3109-d3f3-463e-b718-f1eb9a7bdeee,2026-09-14 14:28:10.041000+00:00,2026-09-14 14:43:51.747000+00:00,942,922,1,True
2026-09-14 14:28:29.373590+00:00,sess-6lzd1u7orvbmu1c8bli,c-841cf77d-87df-4fcc-8fb2-62115be35519,beta_A,control,quest,0.09420263037585515,False,2026-09-13T19:00:08Z,https://calmforest.cloud,fabd3109-d3f3-463e-b718-f1eb9a7bdeee,2026-09-14 14:28:10.041000+00:00,2026-09-14 14:43:51.747000+00:00,942,922,1,False
2026-09-14 14:28:35.292373+00:00,sess-6lzd1u7orvbmu1c8bli,c-841cf77d-87df-4fcc-8fb2-62115be35519,beta_A,control,quest,0.09411339819032451,False,2026-09-13T19:00:08Z,https://calmforest.cloud,fabd3109-d3f3-463e-b718-f1eb9a7bdeee,2026-09-14 14:28:10.041000+00:00,2026-09-14 14:43:51.747000+00:00,942,916,1,False
2026-09-14 14:28:36.897455+00:00,sess-6lzd1u7orvbmu1c8bli,c-841cf77d-87df-4fcc-8fb2-62115be35519,beta_A,control,quest,0.08753905350568865,False,2026-09-13T19:00:08Z,https://calmforest.cloud,fabd3109-d3f3-463e-b718-f1eb9a7bdeee,2026-09-14 14:28:10.041000+00:00,2026-09-14 14:43:51.747000+00:00,942,914,1,False
2026-09-14 14:28:53.817757+00:00,sess-6lzd1u7orvbmu1c8bli,c-841cf77d-87df-4fcc-8fb2-62115be35519,beta_A,control,quest,0.09420228790638958,False,2026-09-13T19:00:08Z,https://calmforest.cloud,fabd3109-d3f3-463e-b718-f1eb9a7bdeee,2026-09-14 14:28:10.041000+00:00,2026-09-14 14:43:51.747000+00:00,942,897,1,False
2026-09-14 14:28:54.500530+00:00,sess-6lzd1u7orvbmu1c8bli,c-841cf77d-87df-4fcc-8fb2-62115be35519,beta_A,control,quest,0.09409762475418927,False,2026-09-13T19:00:08Z,https://calmforest.cloud,fabd3109-d3f3-463e-b718-f1eb9a7bdeee,2026-09-14 14:28:10.041000+00:00,2026-09-14 14:43:51.747000+00:00,942,897,1,False
2026-09-14 14:30:21.178032+00:00,sess-6lzd1u7orvbmu1c8bli,c-841cf77d-87df-4fcc-8fb2-62115be35519,beta_A,control,quest,0.0942170766261186,False,2026-09-13T19:00:08Z,https://calmforest.cloud,fabd3109-d3f3-463e-b718-f1eb9a7bdeee,2026-09-14 14:28:10.041000+00:00,2026-09-14 14:43:51.747000+00:00,942,810,1,False
2026-09-14 14:30:22.989767+00:00,sess-6lzd1u7orvbmu1c8bli,c-841cf77d-87df-4fcc-8fb2-62115be35519,beta_A,control,quest,0.07061380718393788,False,2026-09-13T19:00:08Z,https://calmforest.cloud,fabd3109-d3f3-463e-b718-f1eb9a7bdeee,2026-09-14 14:28:10.041000+00:00,2026-09-14 14:43:51.747000+00:00,942,808,1,False
2026-09-14 14:30:23.193331+00:00,sess-6lzd1u7orvbmu1c8bli,c-841cf77d-87df-4fcc-8fb2-62115be35519,beta_A,control,quest,0.07061380718393788,False,2026-09-13T19:00:08Z,https://calmforest.cloud,fabd3109-d3f3-463e-b718-f1eb9a7bdeee,2026-09-14 14:28:10.041000+00:00,2026-09-14 14:43:51.747000+00:00,942,808,1,False
2026-09-14 14:30:52.361302+00:00,sess-6lzd1u7orvbmu1c8bli,c-841cf77d-87df-4fcc-8fb2-62115be35519,beta_A,control,quest,0.16762886865801838,True,2026-09-13T19:00:08Z,https://calmforest.cloud,fabd3109-d3f3-463e-b718-f1eb9a7bdeee,2026-09-14 14:28:10.041000+00:00,2026-09-14 14:43:51.747000+00:00,942,779,1,True
2026-09-14 14:30:53.020337+00:00,sess-6lzd1u7orvbmu1c8bli,c-841cf77d-87df-4fcc-8fb2-62115be35519,beta_A,control,quest,0.12829731822296497,True,2026-09-13T19:00:08Z,https://calmforest.cloud,fabd3109-d3f3-463e-b718-f1eb9a7bdeee,2026-09-14 14:28:10.041000+00:00,2026-09-14 14:43:51.747000+00:00,942,778,1,True
2026-09-14 14:31:02.104347+00:00,sess-6lzd1u7orvbmu1c8bli,c-841cf77d-87df-4fcc-8fb2-62115be35519,beta_A,control,quest,0.09405885717167745,False,2026-09-13T19:00:08Z,https://calmforest.cloud,fabd3109-d3f3-463e-b718-f1eb9a7bdeee,2026-09-14 14:28:10.041000+00:00,2026-09-14 14:43:51.747000+00:00,942,769,1,False
2026-09-14 14:31:02.730540+00:00,sess-6lzd1u7orvbmu1c8bli,c-841cf77d-87df-4fcc-8fb2-62115be35519,beta_A,control,quest,0.09397252960760778,False,2026-09-13T19:00:08Z,https://calmforest.cloud,fabd3109-d3f3-463e-b718-f1eb9a7bdeee,2026-09-14 14:28:10.041000+00:00,2026-09-14 14:43:51.747000+00:00,942,769,1,False
2026-09-14 14:31:02.924271+00:00,sess-6lzd1u7orvbmu1c8bli,c-841cf77d-87df-4fcc-8fb2-62115be35519,beta_A,control,quest,0.08120809483010055,False,2026-09-13T19:00:08Z,https://calmforest.cloud,fabd3109-d3f3-463e-b718-f1eb9a7bdeee,2026-09-14 14:28:10.041000+00:00,2026-09-14 14:43:51.747000+00:00,942,768,1,False
2026-09-14 14:31:08.627327+00:00,sess-6lzd1u7orvbmu1c8bli,c-841cf77d-87df-4fcc-8fb2-62115be35519,beta_A,control,quest,0.09402358774243817,False,2026-09-13T19:00:08Z,https://calmforest.cloud,fabd3109-d3f3-463e-b718-f1eb9a7bdeee,2026-09-14 14:28:10.041000+00:00,2026-09-14 14:43:51.747000+00:00,942,763,1,False
2026-09-14 14:31:09.317239+00:00,sess-6lzd1u7orvbmu1c8bli,c-841cf77d-87df-4fcc-8fb2-62115be35519,beta_A,control,quest,0.08753813788503613,False,2026-09-13T19:00:08Z,https://calmforest.cloud,fabd3109-d3f3-463e-b718-f1eb9a7bdeee,2026-09-14 14:28:10.041000+00:00,2026-09-14 14:43:51.747000+00:00,942,762,1,False
2026-09-14 14:32:38.512910+00:00,sess-6lzd1u7orvbmu1c8bli,c-841cf77d-87df-4fcc-8fb2-62115be35519,beta_A,control,quest,0.09428615165208928,False,2026-09-13T19:00:08Z,https://calmforest.cloud,fabd3109-d3f3-463e-b718-f1eb9a7bdeee,2026-09-14 14:28:10.041000+00:00,2026-09-14 14:43:51.747000+00:00,942,673,1,False
2026-09-14 14:32:41.399555+00:00,sess-6lzd1u7orvbmu1c8bli,c-841cf77d-87df-4fcc-8fb2-62115be35519,beta_A,control,quest,0.0814841397917503,False,2026-09-13T19:00:08Z,https://calmforest.cloud,fabd3109-d3f3-463e-b718-f1eb9a7bdeee,2026-09-14 14:28:10.041000+00:00,2026-09-14 14:43:51.747000+00:00,942,670,1,False
2026-09-14 14:32:42.149435+00:00,sess-6lzd1u7orvbmu1c8bli,c-841cf77d-87df-4fcc-8fb2-62115be35519,beta_A,control,quest,0.08143707035234572,False,2026-09-13T19:00:08Z,https://calmforest.cloud,fabd3109-d3f3-463e-b718-f1eb9a7bdeee,2026-09-14 14:28:10.041000+00:00,2026-09-14 14:43:51.747000+00:00,942,669,1,False
2026-09-14 14:32:51.887904+00:00,sess-6lzd1u7orvbmu1c8bli,c-841cf77d-87df-4fcc-8fb2-62115be35519,beta_A,control,quest,0.0708954703052289,False,2026-09-13T19:00:08Z,https://calmforest.cloud,fabd3109-d3f3-463e-b718-f1eb9a7bdeee,2026-09-14 14:28:10.041000+00:00,2026-09-14 14:43:51.747000+00:00,942,659,1,False
2026-09-14 14:32:52.629188+00:00,sess-6lzd1u7orvbmu1c8bli,c-841cf77d-87df-4fcc-8fb2-62115be35519,beta_A,control,quest,0.07609351786041216,False,2026-09-13T19:00:08Z,https://calmforest.cloud,fabd3109-d3f3-463e-b718-f1eb9a7bdeee,2026-09-14 14:28:10.041000+00:00,2026-09-14 14:43:51.747000+00:00,942,659,1,False
2026-09-14 14:32:54.242709+00:00,sess-6lzd1u7orvbmu1c8bli,c-841cf77d-87df-4fcc-8fb2-62115be35519,beta_A,control,quest,0.08173404980636303,False,2026-09-13T19:00:08Z,https://calmforest.cloud,fabd3109-d3f3-463e-b718-f1eb9a7bdeee,2026-09-14 14:28:10.041000+00:00,2026-09-14 14:43:51.747000+00:00,942,657,1,False
2026-09-14 14:34:21.225511+00:00,sess-6lzd1u7orvbmu1c8bli,c-841cf77d-87df-4fcc-8fb2-62115be35519,beta_A,control,quest,0.09420071423993677,False,2026-09-13T19:00:08Z,https://calmforest.cloud,fabd3109-d3f3-463e-b718-f1eb9a7bdeee,2026-09-14 14:28:10.041000+00:00,2026-09-14 14:43:51.747000+00:00,942,570,1,False
2026-09-14 14:34:21.884245+00:00,sess-6lzd1u7orvbmu1c8bli,c-841cf77d-87df-4fcc-8fb2-62115be35519,beta_A,control,quest,0.0814597214301425,False,2026-09-13T19:00:08Z,https://calmforest.cloud,fabd3109-d3f3-463e-b718-f1eb9a7bdeee,2026-09-14 14:28:10.041000+00:00,2026-09-14 14:43:51.747000+00:00,942,569,1,False
2026-09-14 14:34:23.357698+00:00,sess-6lzd1u7orvbmu1c8bli,c-841cf77d-87df-4fcc-8fb2-62115be35519,beta_A,control,quest,0.08144389312372727,False,2026-09-13T19:00:08Z,https://calmforest.cloud,fabd3109-d3f3-463e-b718-f1eb9a7bdeee,2026-09-14 14:28:10.041000+00:00,2026-09-14 14:43:51.747000+00:00,942,568,1,False
2026-09-14 14:34:25.990506+00:00,sess-6lzd1u7orvbmu1c8bli,c-841cf77d-87df-4fcc-8fb2-62115be35519,beta_A,control,quest,0.09411919288218919,False,2026-09-13T19:00:08Z,https://calmforest.cloud,fabd3109-d3f3-463e-b718-f1eb9a7bdeee,2026-09-14 14:28:10.041000+00:00,2026-09-14 14:43:51.747000+00:00,942,565,1,False
2026-09-14 14:34:54.881497+00:00,sess-6lzd1u7orvbmu1c8bli,c-841cf77d-87df-4fcc-8fb2-62115be35519,beta_A,control,quest,0.06601486650441774,False,2026-09-13T19:00:08Z,https://calmforest.cloud,fabd3109-d3f3-463e-b718-f1eb9a7bdeee,2026-09-14 14:28:10.041000+00:00,2026-09-14 14:43:51.747000+00:00,942,536,1,False
2026-09-14 14:34:55.617873+00:00,sess-6lzd1u7orvbmu1c8bli,c-841cf77d-87df-4fcc-8fb2-62115be35519,beta_A,control,quest,0.07065972348195425,False,2026-09-13T19:00:08Z,https://calmforest.cloud,fabd3109-d3f3-463e-b718-f1eb9a7bdeee,2026-09-14 14:28:10.041000+00:00,2026-09-14 14:43:51.747000+00:00,942,536,1,False
2026-09-14 14:35:06.565691+00:00,sess-6lzd1u7orvbmu1c8bli,c-841cf77d-87df-4fcc-8fb2-62115be35519,beta_A,control,quest,0.09427284151151505,False,2026-09-13T19:00:08Z,https://calmforest.cloud,fabd3109-d3f3-463e-b718-f1eb9a7bdeee,2026-09-14 14:28:10.041000+00:00,2026-09-14 14:43:51.747000+00:00,942,525,1,False
2026-09-14 14:35:08.985259+00:00,sess-6lzd1u7orvbmu1c8bli,c-841cf77d-87df-4fcc-8fb2-62115be35519,beta_A,control,quest,0.08147712129914032,False,2026-09-13T19:00:08Z,https://calmforest.cloud,fabd3109-d3f3-463e-b718-f1eb9a7bdeee,2026-09-14 14:28:10.041000+00:00,2026-09-14 14:43:51.747000+00:00,942,522,1,False
2026-09-14 14:35:09.639377+00:00,sess-6lzd1u7orvbmu1c8bli,c-841cf77d-87df-4fcc-8fb2-62115be35519,beta_A,control,quest,0.08147712129914032,False,2026-09-13T19:00:08Z,https://calmforest.cloud,fabd3109-d3f3-463e-b718-f1eb9a7bdeee,2026-09-14 14:28:10.041000+00:00,2026-09-14 14:43:51.747000+00:00,942,522,1,False
2026-09-14 14:35:10.240983+00:00,sess-6lzd1u7orvbmu1c8bli,c-841cf77d-87df-4fcc-8fb2-62115be35519,beta_A,control,quest,0.07029731514084218,False,2026-09-13T19:00:08Z,https://calmforest.cloud,fabd3109-d3f3-463e-b718-f1eb9a7bdeee,2026-09-14 14:28:10.041000+00:00,2026-09-14 14:43:51.747000+00:00,942,521,1,False
2026-09-14 14:35:45.446414+00:00,sess-6lzd1u7orvbmu1c8bli,c-841cf77d-87df-4fcc-8fb2-62115be35519,beta_A,control,quest,0.09428881031829318,False,2026-09-13T19:00:08Z,https://calmforest.cloud,fabd3109-d3f3-463e-b718-f1eb9a7bdeee,2026-09-14 14:28:10.041000+00:00,2026-09-14 14:43:51.747000+00:00,942,486,1,False
2026-09-14 14:35:46.960351+00:00,sess-6lzd1u7orvbmu1c8bli,c-841cf77d-87df-4fcc-8fb2-62115be35519,beta_A,control,quest,0.08136013026871441,False,2026-09-13T19:00:08Z,https://calmforest.cloud,fabd3109-d3f3-463e-b718-f1eb9a7bdeee,2026-09-14 14:28:10.041000+00:00,2026-09-14 14:43:51.747000+00:00,942,484,1,False
2026-09-14 14:36:04.354798+00:00,sess-6lzd1u7orvbmu1c8bli,c-841cf77d-87df-4fcc-8fb2-62115be35519,beta_A,control,quest,0.09422974122794797,False,2026-09-13T19:00:08Z,https://calmforest.cloud,fabd3109-d3f3-463e-b718-f1eb9a7bdeee,2026-09-14 14:28:10.041000+00:00,2026-09-14 14:43:51.747000+00:00,942,467,1,False
2026-09-14 14:36:06.884697+00:00,sess-6lzd1u7orvbmu1c8bli,c-841cf77d-87df-4fcc-8fb2-62115be35519,beta_A,control,quest,0.05226409715130046,False,2026-09-13T19:00:08Z,https://calmforest.cloud,fabd3109-d3f3-463e-b718-f1eb9a7bdeee,2026-09-14 14:28:10.041000+00:00,2026-09-14 14:43:51.747000+00:00,942,464,1,False
2026-09-14 14:36:07.490676+00:00,sess-6lzd1u7orvbmu1c8bli,c-841cf77d-87df-4fcc-8fb2-62115be35519,beta_A,control,quest,0.056179078295217316,False,2026-09-13T19:00:08Z,https://calmforest.cloud,fabd3109-d3f3-463e-b718-f1eb9a7bdeee,2026-09-14 14:28:10.041000+00:00,2026-09-14 14:43:51.747000+00:00,942,464,1,False
2026-09-14 14:36:07.694353+00:00,sess-6lzd1u7orvbmu1c8bli,c-841cf77d-87df-4fcc-8fb2-62115be35519,beta_A,control,quest,0.0561929898986157,False,2026-09-13T19:00:08Z,https://calmforest.cloud,fabd3109-d3f3-463e-b718-f1eb9a7bdeee,2026-09-14 14:28:10.041000+00:00,2026-09-14 14:43:51.747000+00:00,942,464,1,False
2026-09-14 14:36:10.628856+00:00,sess-6lzd1u7orvbmu1c8bli,c-841cf77d-87df-4fcc-8fb2-62115be35519,beta_A,control,quest,0.05617066626315315,False,2026-09-13T19:00:08Z,https://calmforest.cloud,fabd3109-d3f3-463e-b718-f1eb9a7bdeee,2026-09-14 14:28:10.041000+00:00,2026-09-14 14:43:51.747000+00:00,942,461,1,False
2026-09-14 14:36:12.178064+00:00,sess-6lzd1u7orvbmu1c8bli,c-841cf77d-87df-4fcc-8fb2-62115be35519,beta_A,control,quest,0.0812657233549748,False,2026-09-13T19:00:08Z,https://calmforest.cloud,fabd3109-d3f3-463e-b718-f1eb9a7bdeee,2026-09-14 14:28:10.041000+00:00,2026-09-14 14:43:51.747000+00:00,942,459,1,False
2026-09-14 14:36:12.768846+00:00,sess-6lzd1u7orvbmu1c8bli,c-841cf77d-87df-4fcc-8fb2-62115be35519,beta_A,control,quest,0.08119576080729124,False,2026-09-13T19:00:08Z,https://calmforest.cloud,fabd3109-d3f3-463e-b718-f1eb9a7bdeee,2026-09-14 14:28:10.041000+00:00,2026-09-14 14:43:51.747000+00:00,942,458,1,False
2026-09-14 14:36:18.465009+00:00,sess-6lzd1u7orvbmu1c8bli,c-841cf77d-87df-4fcc-8fb2-62115be35519,beta_A,control,quest,0.0942365889233733,False,2026-09-13T19:00:08Z,https://calmforest.cloud,fabd3109-d3f3-463e-b718-f1eb9a7bdeee,2026-09-14 14:28:10.041000+00:00,2026-09-14 14:43:51.747000+00:00,942,453,1,False
2026-09-14 14:37:08.041544+00:00,sess-6lzd1u7orvbmu1c8bli,c-841cf77d-87df-4fcc-8fb2-62115be35519,beta_A,control,quest,0.09424595885559622,False,2026-09-13T19:00:08Z,https://calmforest.cloud,fabd3109-d3f3-463e-b718-f1eb9a7bdeee,2026-09-14 14:28:10.041000+00:00,2026-09-14 14:43:51.747000+00:00,942,403,1,False
2026-09-14 14:37:08.864148+00:00,sess-6lzd1u7orvbmu1c8bli,c-841cf77d-87df-4fcc-8fb2-62115be35519,beta_A,control,quest,0.08144952249482464,False,2026-09-13T19:00:08Z,https://calmforest.cloud,fabd3109-d3f3-463e-b718-f1eb9a7bdeee,2026-09-14 14:28:10.041000+00:00,2026-09-14 14:43:51.747000+00:00,942,402,1,False
2026-09-14 14:37:10.280516+00:00,sess-6lzd1u7orvbmu1c8bli,c-841cf77d-87df-4fcc-8fb2-62115be35519,beta_A,control,quest,0.09423172269671298,False,2026-09-13T19:00:08Z,https://calmforest.cloud,fabd3109-d3f3-463e-b718-f1eb9a7bdeee,2026-09-14 14:28:10.041000+00:00,2026-09-14 14:43:51.747000+00:00,942,401,1,False
2026-09-14 14:37:11.149343+00:00,sess-6lzd1u7orvbmu1c8bli,c-841cf77d-87df-4fcc-8fb2-62115be35519,beta_A,control,quest,0.08144795005297158,False,2026-09-13T19:00:08Z,https://calmforest.cloud,fabd3109-d3f3-463e-b718-f1eb9a7bdeee,2026-09-14 14:28:10.041000+00:00,2026-09-14 14:43:51.747000+00:00,942,400,1,False
2026-09-14 14:37:28.951069+00:00,sess-6lzd1u7orvbmu1c8bli,c-841cf77d-87df-4fcc-8fb2-62115be35519,beta_A,control,quest,0.09421740774629045,False,2026-09-13T19:00:08Z,https://calmforest.cloud,fabd3109-d3f3-463e-b718-f1eb9a7bdeee,2026-09-14 14:28:10.041000+00:00,2026-09-14 14:43:51.747000+00:00,942,382,1,False
2026-09-14 14:37:29.460390+00:00,sess-6lzd1u7orvbmu1c8bli,c-841cf77d-87df-4fcc-8fb2-62115be35519,beta_A,control,quest,0.08138892744170409,False,2026-09-13T19:00:08Z,https://calmforest.cloud,fabd3109-d3f3-463e-b718-f1eb9a7bdeee,2026-09-14 14:28:10.041000+00:00,2026-09-14 14:43:51.747000+00:00,942,382,1,False
2026-09-14 14:37:30.092758+00:00,sess-6lzd1u7orvbmu1c8bli,c-841cf77d-87df-4fcc-8fb2-62115be35519,beta_A,control,quest,0.08136390196183024,False,2026-09-13T19:00:08Z,https://calmforest.cloud,fabd3109-d3f3-463e-b718-f1eb9a7bdeee,2026-09-14 14:28:10.041000+00:00,2026-09-14 14:43:51.747000+00:00,942,381,1,False
2026-09-14 14:37:31.418504+00:00,sess-6lzd1u7orvbmu1c8bli,c-841cf77d-87df-4fcc-8fb2-62115be35519,beta_A,control,quest,0.07550264058324423,False,2026-09-13T19:00:08Z,https://calmforest.cloud,fabd3109-d3f3-463e-b718-f1eb9a7bdeee,2026-09-14 14:28:10.041000+00:00,2026-09-14 14:43:51.747000+00:00,942,380,1,False
2026-09-14 14:38:02.378236+00:00,sess-6lzd1u7orvbmu1c8bli,c-841cf77d-87df-4fcc-8fb2-62115be35519,beta_A,control,quest,0.08762081940722796,False,2026-09-13T19:00:08Z,https://calmforest.cloud,fabd3109-d3f3-463e-b718-f1eb9a7bdeee,2026-09-14 14:28:10.041000+00:00,2026-09-14 14:43:51.747000+00:00,942,349,1,False
2026-09-14 14:38:03.407356+00:00,sess-6lzd1u7orvbmu1c8bli,c-841cf77d-87df-4fcc-8fb2-62115be35519,beta_A,control,quest,0.07612174684031134,False,2026-09-13T19:00:08Z,https://calmforest.cloud,fabd3109-d3f3-463e-b718-f1eb9a7bdeee,2026-09-14 14:28:10.041000+00:00,2026-09-14 14:43:51.747000+00:00,942,348,1,False
2026-09-14 14:38:04.506837+00:00,sess-6lzd1u7orvbmu1c8bli,c-841cf77d-87df-4fcc-8fb2-62115be35519,beta_A,control,quest,0.07606072590133842,False,2026-09-13T19:00:08Z,https://calmforest.cloud,fabd3109-d3f3-463e-b718-f1eb9a7bdeee,2026-09-14 14:28:10.041000+00:00,2026-09-14 14:43:51.747000+00:00,942,347,1,False
2026-09-14 14:38:05.586626+00:00,sess-6lzd1u7orvbmu1c8bli,c-841cf77d-87df-4fcc-8fb2-62115be35519,beta_A,control,quest,0.07594269102560257,False,2026-09-13T19:00:08Z,https://calmforest.cloud,fabd3109-d3f3-463e-b718-f1eb9a7bdeee,2026-09-14 14:28:10.041000+00:00,2026-09-14 14:43:51.747000+00:00,942,346,1,False
2026-09-14 14:38:16.603976+00:00,sess-6lzd1u7orvbmu1c8bli,c-841cf77d-87df-4fcc-8fb2-62115be35519,beta_A,control,quest,0.09463429502009721,False,2026-09-13T19:00:08Z,https://calmforest.cloud,fabd3109-d3f3-463e-b718-f1eb9a7bdeee,2026-09-14 14:28:10.041000+00:00,2026-09-14 14:43:51.747000+00:00,942,335,1,False
2026-09-14 14:38:17.157988+00:00,sess-6lzd1u7orvbmu1c8bli,c-841cf77d-87df-4fcc-8fb2-62115be35519,beta_A,control,quest,0.09467537326238455,False,2026-09-13T19:00:08Z,https://calmforest.cloud,fabd3109-d3f3-463e-b718-f1eb9a7bdeee,2026-09-14 14:28:10.041000+00:00,2026-09-14 14:43:51.747000+00:00,942,334,1,False
2026-09-14 14:38:21.807079+00:00,sess-6lzd1u7orvbmu1c8bli,c-841cf77d-87df-4fcc-8fb2-62115be35519,beta_A,control,quest,0.15181349838515737,True,2026-09-13T19:00:08Z,https://calmforest.cloud,fabd3109-d3f3-463e-b718-f1eb9a7bdeee,2026-09-14 14:28:10.041000+00:00,2026-09-14 14:43:51.747000+00:00,942,329,1,True
2026-09-14 14:38:46.048822+00:00,sess-6lzd1u7orvbmu1c8bli,c-841cf77d-87df-4fcc-8fb2-62115be35519,beta_A,control,quest,0.09473459136879056,False,2026-09-13T19:00:08Z,https://calmforest.cloud,fabd3109-d3f3-463e-b718-f1eb9a7bdeee,2026-09-14 14:28:10.041000+00:00,2026-09-14 14:43:51.747000+00:00,942,305,1,False
2026-09-14 14:38:46.598126+00:00,sess-6lzd1u7orvbmu1c8bli,c-841cf77d-87df-4fcc-8fb2-62115be35519,beta_A,control,quest,0.08820334621764298,False,2026-09-13T19:00:08Z,https://calmforest.cloud,fabd3109-d3f3-463e-b718-f1eb9a7bdeee,2026-09-14 14:28:10.041000+00:00,2026-09-14 14:43:51.747000+00:00,942,305,1,False
2026-09-14 14:38:47.392437+00:00,sess-6lzd1u7orvbmu1c8bli,c-841cf77d-87df-4fcc-8fb2-62115be35519,beta_A,control,quest,0.08174811253038224,False,2026-09-13T19:00:08Z,https://calmforest.cloud,fabd3109-d3f3-463e-b718-f1eb9a7bdeee,2026-09-14 14:28:10.041000+00:00,2026-09-14 14:43:51.747000+00:00,942,304,1,False
2026-09-14 14:38:48.246319+00:00,sess-6lzd1u7orvbmu1c8bli,c-841cf77d-87df-4fcc-8fb2-62115be35519,beta_A,control,quest,0.07041477926340788,False,2026-09-13T19:00:08Z,https://calmforest.cloud,fabd3109-d3f3-463e-b718-f1eb9a7bdeee,2026-09-14 14:28:10.041000+00:00,2026-09-14 14:43:51.747000+00:00,942,303,1,False
2026-09-14 14:38:52.372770+00:00,sess-6lzd1u7orvbmu1c8bli,c-841cf77d-87df-4fcc-8fb2-62115be35519,beta_A,control,quest,0.09451861296279257,False,2026-09-13T19:00:08Z,https://calmforest.cloud,fabd3109-d3f3-463e-b718-f1eb9a7bdeee,2026-09-14 14:28:10.041000+00:00,2026-09-14 14:43:51.747000+00:00,942,299,1,False
2026-09-14 14:38:53.072330+00:00,sess-6lzd1u7orvbmu1c8bli,c-841cf77d-87df-4fcc-8fb2-62115be35519,beta_A,control,quest,0.08790761025724166,False,2026-09-13T19:00:08Z,https://calmforest.cloud,fabd3109-d3f3-463e-b718-f1eb9a7bdeee,2026-09-14 14:28:10.041000+00:00,2026-09-14 14:43:51.747000+00:00,942,298,1,False
2026-09-14 14:38:53.816393+00:00,sess-6lzd1u7orvbmu1c8bli,c-841cf77d-87df-4fcc-8fb2-62115be35519,beta_A,control,quest,0.08788203664478195,False,2026-09-13T19:00:08Z,https://calmforest.cloud,fabd3109-d3f3-463e-b718-f1eb9a7bdeee,2026-09-14 14:28:10.041000+00:00,2026-09-14 14:43:51.747000+00:00,942,297,1,False
2026-09-14 14:38:54.522937+00:00,sess-6lzd1u7orvbmu1c8bli,c-841cf77d-87df-4fcc-8fb2-62115be35519,beta_A,control,quest,0.08158380175457582,False,2026-09-13T19:00:08Z,https://calmforest.cloud,fabd3109-d3f3-463e-b718-f1eb9a7bdeee,2026-09-14 14:28:10.041000+00:00,2026-09-14 14:43:51.747000+00:00,942,297,1,False
2026-09-14 14:39:26.911887+00:00,sess-6lzd1u7orvbmu1c8bli,c-841cf77d-87df-4fcc-8fb2-62115be35519,beta_A,control,quest,0.09479723420106093,False,2026-09-13T19:00:08Z,https://calmforest.cloud,fabd3109-d3f3-463e-b718-f1eb9a7bdeee,2026-09-14 14:28:10.041000+00:00,2026-09-14 14:43:51.747000+00:00,942,264,1,False
2026-09-14 14:39:27.158314+00:00,sess-6lzd1u7orvbmu1c8bli,c-841cf77d-87df-4fcc-8fb2-62115be35519,beta_A,control,quest,0.0946954208542084,False,2026-09-13T19:00:08Z,https://calmforest.cloud,fabd3109-d3f3-463e-b718-f1eb9a7bdeee,2026-09-14 14:28:10.041000+00:00,2026-09-14 14:43:51.747000+00:00,942,264,1,False
2026-09-14 14:40:01.864112+00:00,sess-6lzd1u7orvbmu1c8bli,c-841cf77d-87df-4fcc-8fb2-62115be35519,beta_A,control,quest,0.10090395726416664,False,2026-09-13T19:00:08Z,https://calmforest.cloud,fabd3109-d3f3-463e-b718-f1eb9a7bdeee,2026-09-14 14:28:10.041000+00:00,2026-09-14 14:43:51.747000+00:00,942,229,1,False
2026-09-14 14:40:02.405157+00:00,sess-6lzd1u7orvbmu1c8bli,c-841cf77d-87df-4fcc-8fb2-62115be35519,beta_A,control,quest,0.08195369832027757,False,2026-09-13T19:00:08Z,https://calmforest.cloud,fabd3109-d3f3-463e-b718-f1eb9a7bdeee,2026-09-14 14:28:10.041000+00:00,2026-09-14 14:43:51.747000+00:00,942,229,1,False
2026-09-14 14:42:47.931700+00:00,sess-lvooq0ym14mu1cqrfg,c-5d35e9ca-a59a-4dfd-9c12-1ea1cdb99554,beta_B,control,quest,0.09378528753827689,False,2026-09-13T19:00:08Z,https://calmforest.cloud,62b2b0ac-deaf-4e16-81c9-4983aee910c9,2026-09-14 14:42:30.369000+00:00,2026-09-14 14:50:16.765000+00:00,466,448,1,False
2026-09-14 14:42:48.022894+00:00,sess-lvooq0ym14mu1cqrfg,c-5d35e9ca-a59a-4dfd-9c12-1ea1cdb99554,beta_B,control,time15,0.3652415291735559,False,2026-09-13T19:00:08Z,https://calmforest.cloud,62b2b0ac-deaf-4e16-81c9-4983aee910c9,2026-09-14 14:42:30.369000+00:00,2026-09-14 14:50:16.765000+00:00,466,448,1,False
2026-09-14 14:42:53.500311+00:00,sess-lvooq0ym14mu1cqrfg,c-5d35e9ca-a59a-4dfd-9c12-1ea1cdb99554,beta_B,control,quest,0.08720521177145285,False,2026-09-13T19:00:08Z,https://calmforest.cloud,62b2b0ac-deaf-4e16-81c9-4983aee910c9,2026-09-14 14:42:30.369000+00:00,2026-09-14 14:50:16.765000+00:00,466,443,1,False
2026-09-14 14:42:55.153188+00:00,sess-lvooq0ym14mu1cqrfg,c-5d35e9ca-a59a-4dfd-9c12-1ea1cdb99554,beta_B,control,quest,0.06988634160813638,False,2026-09-13T19:00:08Z,https://calmforest.cloud,62b2b0ac-deaf-4e16-81c9-4983aee910c9,2026-09-14 14:42:30.369000+00:00,2026-09-14 14:50:16.765000+00:00,466,441,1,False
2026-09-14 14:44:18.839790+00:00,sess-lvooq0ym14mu1cqrfg,c-5d35e9ca-a59a-4dfd-9c12-1ea1cdb99554,beta_B,control,quest,0.09388341959577362,False,2026-09-13T19:00:08Z,https://calmforest.cloud,62b2b0ac-deaf-4e16-81c9-4983aee910c9,2026-09-14 14:42:30.369000+00:00,2026-09-14 14:50:16.765000+00:00,466,357,1,False
2026-09-14 14:44:20.398278+00:00,sess-lvooq0ym14mu1cqrfg,c-5d35e9ca-a59a-4dfd-9c12-1ea1cdb99554,beta_B,control,quest,0.08130306481103174,False,2026-09-13T19:00:08Z,https://calmforest.cloud,62b2b0ac-deaf-4e16-81c9-4983aee910c9,2026-09-14 14:42:30.369000+00:00,2026-09-14 14:50:16.765000+00:00,466,356,1,False
2026-09-14 14:44:28.258845+00:00,sess-lvooq0ym14mu1cqrfg,c-5d35e9ca-a59a-4dfd-9c12-1ea1cdb99554,beta_B,control,quest,0.08710526774217214,False,2026-09-13T19:00:08Z,https://calmforest.cloud,62b2b0ac-deaf-4e16-81c9-4983aee910c9,2026-09-14 14:42:30.369000+00:00,2026-09-14 14:50:16.765000+00:00,466,348,1,False
2026-09-14 14:46:30.650564+00:00,sess-lvooq0ym14mu1cqrfg,c-5d35e9ca-a59a-4dfd-9c12-1ea1cdb99554,beta_B,control,quest,0.0941451571427961,False,2026-09-13T19:00:08Z,https://calmforest.cloud,62b2b0ac-deaf-4e16-81c9-4983aee910c9,2026-09-14 14:42:30.369000+00:00,2026-09-14 14:50:16.765000+00:00,466,226,1,False
2026-09-14 14:46:33.933932+00:00,sess-lvooq0ym14mu1cqrfg,c-5d35e9ca-a59a-4dfd-9c12-1ea1cdb99554,beta_B,control,quest,0.07028121802317694,False,2026-09-13T19:00:08Z,https://calmforest.cloud,62b2b0ac-deaf-4e16-81c9-4983aee910c9,2026-09-14 14:42:30.369000+00:00,2026-09-14 14:50:16.765000+00:00,466,222,1,False
2026-09-14 14:47:57.675897+00:00,sess-lvooq0ym14mu1cqrfg,c-5d35e9ca-a59a-4dfd-9c12-1ea1cdb99554,beta_B,control,quest,0.09399141680102827,False,2026-09-13T19:00:08Z,https://calmforest.cloud,62b2b0ac-deaf-4e16-81c9-4983aee910c9,2026-09-14 14:42:30.369000+00:00,2026-09-14 14:50:16.765000+00:00,466,139,1,False
2026-09-14 14:47:58.219473+00:00,sess-lvooq0ym14mu1cqrfg,c-5d35e9ca-a59a-4dfd-9c12-1ea1cdb99554,beta_B,control,quest,0.08111470573025585,False,2026-09-13T19:00:08Z,https://calmforest.cloud,62b2b0ac-deaf-4e16-81c9-4983aee910c9,2026-09-14 14:42:30.369000+00:00,2026-09-14 14:50:16.765000+00:00,466,138,1,False
2026-09-14 14:48:01.298676+00:00,sess-lvooq0ym14mu1cqrfg,c-5d35e9ca-a59a-4dfd-9c12-1ea1cdb99554,beta_B,control,quest,0.09390284201331696,False,2026-09-13T19:00:08Z,https://calmforest.cloud,62b2b0ac-deaf-4e16-81c9-4983aee910c9,2026-09-14 14:42:30.369000+00:00,2026-09-14 14:50:16.765000+00:00,466,135,1,False
2026-09-14 14:48:02.887865+00:00,sess-lvooq0ym14mu1cqrfg,c-5d35e9ca-a59a-4dfd-9c12-1ea1cdb99554,beta_B,control,quest,0.08122679459656404,False,2026-09-13T19:00:08Z,https://calmforest.cloud,62b2b0ac-deaf-4e16-81c9-4983aee910c9,2026-09-14 14:42:30.369000+00:00,2026-09-14 14:50:16.765000+00:00,466,133,1,False
2026-09-14 14:48:03.971409+00:00,sess-lvooq0ym14mu1cqrfg,c-5d35e9ca-a59a-4dfd-9c12-1ea1cdb99554,beta_B,control,quest,0.0811582965246778,False,2026-09-13T19:00:08Z,https://calmforest.cloud,62b2b0ac-deaf-4e16-81c9-4983aee910c9,2026-09-14 14:42:30.369000+00:00,2026-09-14 14:50:16.765000+00:00,466,132,1,False
2026-09-14 14:48:04.571074+00:00,sess-lvooq0ym14mu1cqrfg,c-5d35e9ca-a59a-4dfd-9c12-1ea1cdb99554,beta_B,control,quest,0.0811582965246778,False,2026-09-13T19:00:08Z,https://calmforest.cloud,62b2b0ac-deaf-4e16-81c9-4983aee910c9,2026-09-14 14:42:30.369000+00:00,2026-09-14 14:50:16.765000+00:00,466,132,1,False
2026-09-14 14:48:20.208788+00:00,sess-lvooq0ym14mu1cqrfg,c-5d35e9ca-a59a-4dfd-9c12-1ea1cdb99554,beta_B,control,quest,0.09398398534483102,False,2026-09-13T19:00:08Z,https://calmforest.cloud,62b2b0ac-deaf-4e16-81c9-4983aee910c9,2026-09-14 14:42:30.369000+00:00,2026-09-14 14:50:16.765000+00:00,466,116,1,False
2026-09-14 14:48:21.163677+00:00,sess-lvooq0ym14mu1cqrfg,c-5d35e9ca-a59a-4dfd-9c12-1ea1cdb99554,beta_B,control,quest,0.08741437200474568,False,2026-09-13T19:00:08Z,https://calmforest.cloud,62b2b0ac-deaf-4e16-81c9-4983aee910c9,2026-09-14 14:42:30.369000+00:00,2026-09-14 14:50:16.765000+00:00,466,115,1,False
2026-09-14 14:48:24.415439+00:00,sess-lvooq0ym14mu1cqrfg,c-5d35e9ca-a59a-4dfd-9c12-1ea1cdb99554,beta_B,control,quest,0.09403196737200469,False,2026-09-13T19:00:08Z,https://calmforest.cloud,62b2b0ac-deaf-4e16-81c9-4983aee910c9,2026-09-14 14:42:30.369000+00:00,2026-09-14 14:50:16.765000+00:00,466,112,1,False
2026-09-14 14:48:31.313881+00:00,sess-lvooq0ym14mu1cqrfg,c-5d35e9ca-a59a-4dfd-9c12-1ea1cdb99554,beta_B,control,quest,0.07561446158766409,False,2026-09-13T19:00:08Z,https://calmforest.cloud,62b2b0ac-deaf-4e16-81c9-4983aee910c9,2026-09-14 14:42:30.369000+00:00,2026-09-14 14:50:16.765000+00:00,466,105,1,False
